-- phpMyAdmin SQL Dump
-- version 4.8.4
-- https://www.phpmyadmin.net/
--
-- Servidor: 127.0.0.1
-- Tiempo de generación: 14-05-2020 a las 17:46:26
-- Versión del servidor: 10.1.37-MariaDB
-- Versión de PHP: 7.3.0

SET SQL_MODE = "NO_AUTO_VALUE_ON_ZERO";
SET AUTOCOMMIT = 0;
START TRANSACTION;
SET time_zone = "+00:00";


/*!40101 SET @OLD_CHARACTER_SET_CLIENT=@@CHARACTER_SET_CLIENT */;
/*!40101 SET @OLD_CHARACTER_SET_RESULTS=@@CHARACTER_SET_RESULTS */;
/*!40101 SET @OLD_COLLATION_CONNECTION=@@COLLATION_CONNECTION */;
/*!40101 SET NAMES utf8mb4 */;

--
-- Base de datos: `agenda`
--

-- --------------------------------------------------------

--
-- Estructura de tabla para la tabla `accesos`
--

CREATE TABLE `accesos` (
  `id` int(11) NOT NULL,
  `acceso` varchar(40) NOT NULL
) ENGINE=InnoDB DEFAULT CHARSET=latin1;

--
-- Volcado de datos para la tabla `accesos`
--

INSERT INTO `accesos` (`id`, `acceso`) VALUES
(1, 'Recepcion'),
(2, 'Permisos'),
(3, 'Personal'),
(4, 'Sistemas'),
(5, 'Guardia'),
(6, 'Medico');

-- --------------------------------------------------------

--
-- Estructura de tabla para la tabla `area`
--

CREATE TABLE `area` (
  `id_a` varchar(3) NOT NULL,
  `nombre_a` varchar(50) NOT NULL
) ENGINE=InnoDB DEFAULT CHARSET=latin1;

--
-- Volcado de datos para la tabla `area`
--

INSERT INTO `area` (`id_a`, `nombre_a`) VALUES
('aco', 'Acondicionamiento'),
('act', 'Acondicionamiento turno tarde'),
('ari', 'Asuntos Regulatorios Internacionales'),
('asr', 'Asuntos Regulatorios'),
('cca', 'Control de Calidad'),
('coe', 'Comercio Exterior'),
('com', 'Compras'),
('con', 'Contable'),
('cos', 'Costos'),
('dee', 'Depósito Expedición'),
('der', 'Depósito Recepción'),
('des', 'Desarrollo'),
('dir', 'Directorio'),
('dis', 'Diseño'),
('dit', 'Dirección Técnica'),
('fac', 'Facturación'),
('gca', 'Garantía de Calidad'),
('gua', 'Guardia'),
('ind', 'Ingeniería Industrial'),
('ing', 'Ingeniería'),
('lnt', 'Liq. y S. Solidos No Estériles T. Tarde'),
('lse', 'Liq. y S. Solidos Estériles'),
('lsn', 'Liq. y S. Solidos No Estériles'),
('lst', 'Liq. y S. Solidos Estériles T. Tarde'),
('mae', 'Maestranza'),
('man', 'Mantenimiento'),
('mar', 'Marketing'),
('mic', 'Microbiología'),
('ope', 'Operaciones'),
('pag', 'Pagos'),
('per', 'Personal'),
('pes', 'Pesadas'),
('pla', 'Planificación'),
('pre', 'Presidencia'),
('pro', 'Producción'),
('rec', 'Recepción'),
('reh', 'Recursos Humanos'),
('sis', 'Sistemas'),
('sol', 'Solidos'),
('sot', 'Solidos turno tarde'),
('srs', 'Sala de Reuniones'),
('val', 'Validaciones y Calificaciones'),
('ven', 'Ventas');

-- --------------------------------------------------------

--
-- Estructura de tabla para la tabla `consultas_med`
--

CREATE TABLE `consultas_med` (
  `id` int(11) NOT NULL,
  `paciente` int(11) NOT NULL,
  `sintoma` int(11) NOT NULL,
  `obs` text,
  `fecha` date NOT NULL,
  `updated_at` timestamp NULL DEFAULT CURRENT_TIMESTAMP ON UPDATE CURRENT_TIMESTAMP,
  `created_at` timestamp NULL DEFAULT NULL
) ENGINE=InnoDB DEFAULT CHARSET=latin1;

--
-- Volcado de datos para la tabla `consultas_med`
--

INSERT INTO `consultas_med` (`id`, `paciente`, `sintoma`, `obs`, `fecha`, `updated_at`, `created_at`) VALUES
(8, 1224, 7, '12/03/20 control salud. 30 años P: 63kg, Talla1,63. T.Art: 140,5/80.\r\nControl T.art x 7 dias: normal. Ant. asma bronquial, tto c/ salbutamol pf( 3 veces /dia). Ant. Pers.: apendicectomía, Fx platillo tibial tobillo izq. x accid.(2014). Cx ganglion 1º dedo mano dcha. 2017. En espera de lab. y ECG.', '2020-03-12', '2020-03-16 14:37:59', '2020-03-12 15:20:00'),
(9, 1292, 2, '25 años, P: 85 kg, T:   Grupo sang. 0\"+\". T. Art:120/70. Antec. fx muñeca izquierda a los 5 años. Ex. fco. cardiovascular normal. Pendiente laboratorio y ECG.', '2020-03-12', '2020-03-16 14:38:04', '2020-03-12 15:39:51'),
(10, 1259, 7, 'Talla 1,67, P: 112, gr. sang 0\"+\".T. art. 110//80 mmHg.\r\nAnt. cx apendicectomia, fumadora desde 13 años. dejó 09/2019. \r\nPartos: 2. uso. uso de lentes:  hipermetropía. Ex. Fco Cv normal\r\npautas alimentarias, actividad fca.', '2020-03-12', '2020-03-16 14:38:09', '2020-03-12 15:57:43'),
(11, 1269, 7, 'Control- 27 años, P: 67kg. T: 1,75- 100/60 mmHg. Antec. RNM Dorsal  (30/01/19) sín evidencia lesiones agudas o crónicas. RNM Lumbar (30/01/19) ligera rectif. lordosis fisiol., Discopatía degenerativa incipiente L5-S1  con fen. deshidrat./desecación discal L5-S1. Hernia discal protruída subligamentosa posterocentral L5-S1 sín signos de compromiso radicular. resto normal. en tto kinésico.', '2020-03-12', '2020-03-16 14:37:49', '2020-03-12 16:12:48'),
(13, 78, 7, '72,200kg- talla1,63- HTA: VALSARTAN 80 mgrs/d. T. Art:130/80. ex. cardiov. normal, en espera de laboratorio. cesárea- colest. gravidica.', '2020-03-12', '2020-03-16 14:41:29', '2020-03-16 14:41:29'),
(14, 64, 7, '45, 90kg, talla<<:1,70.\r\nAntec. pers.: hipot. levot. 100ug. 2 cesareas- grupo : 0 + \r\nlab. 16/12/19. Normal( Control colesterol) no fuma - no alcohol\r\nTareas: asuntos regult.\r\n130/90\r\nEx. Fco cv. normal.', '2020-03-19', '2020-03-19 16:15:21', '2020-03-19 16:15:21'),
(15, 32, 7, '42 años, peso 57kg, talla: 1,55.\r\nAntec. pers.: Levotir: 75 (l a j) , v-s-d (100),\r\n alergia kiwi.  madre hta- \r\ngrupo sang:0 +no fuma  no bebe- Tareas: administracion \r\nLaboratorio normal. T. Art. 150/80mmhg. Control T. A. Pautas alim.\r\nEx. Fco. CV normal.', '2020-03-19', '2020-03-19 16:33:35', '2020-03-19 16:33:35'),
(16, 1315, 7, 'edad:27, peso.55, Talla:1.72. 0+\r\nlab: en espera. no fuma. alcohol  no  .ex. fco.Normal. Tareas: pesada', '2020-03-19', '2020-03-19 16:44:21', '2020-03-19 16:44:21'),
(17, 1274, 2, '28 años, P. 100 T. 1,73. A+lAB: NORMAL, ECG.  y ergo normal 07/19 Astigmatismo. papa dbt  120/70. Ex. fco Cv normal. Laboratorio normal.', '2020-03-19', '2020-03-19 16:52:30', '2020-03-19 16:52:30'),
(18, 85, 7, 'edad,56    peso 110      talla   1,93  g. sang. B +\r\nlab. 16/01  140/70  Cx:  Colecistectomia 2007- No fuma, dejo hace 8 años   alcohol. niega  \r\nmedicado: diapresan A 160/10 .  Tareas encargado recepción-  uso de lentes . \r\nex. fco cv normal.', '2020-03-19', '2020-03-19 17:06:19', '2020-03-19 17:06:19'),
(19, 36, 2, 'Esguince leve de tobillo izquierdo. Se indica frío local, analgesia vía oral, reposo relativo.\r\nResto ex. fco.: s/p. Se solicita control clínico de salud,  laboratorio y ECG.', '2020-01-16', '2020-03-26 20:57:23', '2020-03-26 20:57:23'),
(20, 1152, 7, 'Control de salud.\r\n Antec. pers: escoliosis \r\nT. Art: 110/70 en espera de laboratorio de control.\r\nEx. cv: normal.', '2020-01-23', '2020-03-26 21:40:17', '2020-03-26 21:40:17'),
(21, 59, 7, 'Control. Peso: 58kg.  T: 1,67  T. Art.: 130/80mmhg.\r\nHipotiroidismo, hashimoto. En Tto c/ levotiroxina. Prolapso V. Mitral.\r\nAlergia a picaduras de insectos. Ant. Cx: 1 parto normal.\r\nLaboratorio(2019) normal.\r\nEx. Cv. Normal. Respiratorio s/p.', '2020-03-26', '2020-03-26 22:06:10', '2020-03-26 22:06:10'),
(22, 68, 6, 'M.C: dolor abdominal, meteorismo, inflamación. Ex. Fco. Cv Normal. Resto S.\r\nIndicaciones:  Dieta, antiespasmódico, analgesia.\r\nP: 68.500 Kg  T: 1,60   T.Art: 120/80mmhg.\r\nantec. Qx:  3 partos, 2 cesáreas. 2 hijos.', '2020-03-26', '2020-03-26 22:14:08', '2020-03-26 22:14:08'),
(23, 86, 7, 'P:60kg. T: 1.72  T.Art. 110/70mmhg. Antec. Pers. Cx  columna 2009\r\nHernia disco lumbar  Adjunta RNM31/07/19\r\nResto S/P\r\nEx. Cv: normal\r\n Uso lentes', '2020-01-30', '2020-03-26 22:30:54', '2020-03-26 22:30:54');

-- --------------------------------------------------------

--
-- Estructura de tabla para la tabla `empresas`
--

CREATE TABLE `empresas` (
  `id_emp` int(11) NOT NULL,
  `razon_social` varchar(60) NOT NULL,
  `updated_at` timestamp NULL DEFAULT CURRENT_TIMESTAMP ON UPDATE CURRENT_TIMESTAMP,
  `created_at` timestamp NULL DEFAULT '0000-00-00 00:00:00'
) ENGINE=InnoDB DEFAULT CHARSET=latin1;

--
-- Volcado de datos para la tabla `empresas`
--

INSERT INTO `empresas` (`id_emp`, `razon_social`, `updated_at`, `created_at`) VALUES
(1, 'Viandas Diego Velez', '2020-02-12 12:30:53', '2020-02-12 12:30:53'),
(2, 'Insalcor', '2020-02-12 14:31:18', '2020-02-12 14:31:18'),
(5, 'Particular', '2020-02-26 14:19:28', '2020-02-12 17:52:37'),
(6, 'Credicoop', '2020-02-26 18:51:15', '2020-02-12 22:14:12'),
(7, 'Garcilazo', '2020-02-13 11:02:22', '2020-02-13 11:02:22'),
(8, 'PIAZ conveyor Components', '2020-02-13 12:09:44', '2020-02-13 12:09:44'),
(10, 'Lambarri', '2020-02-13 12:24:17', '2020-02-13 12:24:17'),
(11, 'Ñandubay', '2020-02-13 12:30:26', '2020-02-13 12:30:26'),
(15, 'Cedifin', '2020-02-13 12:40:54', '2020-02-13 12:40:54'),
(17, 'Sacrispanti seguridad e higiene', '2020-02-13 16:17:20', '2020-02-13 16:17:20'),
(18, 'Andreani', '2020-02-13 17:35:32', '2020-02-13 17:35:32'),
(20, 'Lab Lif', '2020-02-26 14:19:43', '2020-02-17 13:54:42'),
(21, 'litoral clean', '2020-02-17 13:58:30', '2020-02-17 13:58:30'),
(29, 'Pet film', '2020-02-18 12:29:23', '2020-02-18 12:29:23'),
(30, 'Banco Patagonia', '2020-03-03 13:58:33', '2020-03-03 13:58:33');

-- --------------------------------------------------------

--
-- Estructura de tabla para la tabla `equipamientos`
--

CREATE TABLE `equipamientos` (
  `id_e` varchar(5) NOT NULL,
  `marca` varchar(20) DEFAULT NULL,
  `modelo` varchar(20) DEFAULT NULL,
  `num_serie` varchar(50) DEFAULT NULL,
  `ip` varchar(12) DEFAULT NULL,
  `pulgadas` int(11) DEFAULT NULL,
  `procesador` varchar(50) DEFAULT NULL,
  `disco` int(11) DEFAULT NULL,
  `memoria` int(11) DEFAULT NULL,
  `tipo` int(11) NOT NULL,
  `toner` varchar(10) DEFAULT NULL,
  `oc` varchar(20) DEFAULT NULL,
  `unidad_imagen` varchar(10) DEFAULT NULL,
  `obs` text,
  `updated_at` timestamp NOT NULL DEFAULT CURRENT_TIMESTAMP,
  `created_at` timestamp NULL DEFAULT CURRENT_TIMESTAMP
) ENGINE=InnoDB DEFAULT CHARSET=latin1;

--
-- Volcado de datos para la tabla `equipamientos`
--

INSERT INTO `equipamientos` (`id_e`, `marca`, `modelo`, `num_serie`, `ip`, `pulgadas`, `procesador`, `disco`, `memoria`, `tipo`, `toner`, `oc`, `unidad_imagen`, `obs`, `updated_at`, `created_at`) VALUES
('A001', 'TP-Link', 'TL-WA801N', NULL, '10.41.20.211', NULL, NULL, NULL, NULL, 7, NULL, NULL, NULL, 'Dir. Operaciones', '2020-03-04 12:31:48', '2020-03-04 12:31:48'),
('A002', 'TP-Link', 'TL-WA901ND', NULL, '10.41.20.75', NULL, NULL, NULL, NULL, 7, NULL, NULL, NULL, 'Repetidor de SEMISOLIDOS', '2020-03-04 12:35:26', '2020-03-04 12:35:26'),
('A003', 'TP-Link', 'TL-WA901ND', NULL, '10.41.20.186', NULL, NULL, NULL, NULL, 7, NULL, NULL, NULL, 'DEPOSITO_PT', '2020-03-04 13:18:52', '2020-03-04 13:18:52'),
('A004', 'TP-Link', 'TL-WA901ND', NULL, '10.41.20.183', NULL, NULL, NULL, NULL, 7, NULL, NULL, NULL, 'SEMISOLIDOS', '2020-03-04 13:22:01', '2020-03-04 13:22:01'),
('A005', 'TP-Link', 'TL-WA901ND', NULL, '10.41.20.182', NULL, NULL, NULL, NULL, 7, NULL, NULL, NULL, 'DEPOSITO_ME', '2020-03-04 13:23:12', '2020-03-04 13:23:12'),
('A006', 'TP-Link', 'TL-WA901ND', NULL, '10.41.20.180', NULL, NULL, NULL, NULL, 7, NULL, NULL, NULL, 'DEPOSITO', '2020-03-04 13:24:34', '2020-03-04 13:24:34'),
('A007', 'TP-Link', 'TL-WA901ND', NULL, '10.41.20.179', NULL, NULL, NULL, NULL, 7, NULL, NULL, NULL, 'DEPOSITO_MP', '2020-03-04 13:25:46', '2020-03-04 13:25:46'),
('A008', 'TP-Link', 'TL-WA901ND', NULL, '10.41.20.181', NULL, NULL, NULL, NULL, 7, NULL, NULL, NULL, 'DEPOSITO_03', '2020-03-04 13:28:05', '2020-03-04 13:28:05'),
('A009', 'TP-Link', 'TL-WA901ND', NULL, '10.41.20.184', NULL, NULL, NULL, NULL, 7, NULL, NULL, NULL, 'DEPOSITO_04', '2020-03-04 13:28:32', '2020-03-04 13:28:32'),
('A010', 'TP-Link', 'TL-WA901ND', NULL, '10.41.20.187', NULL, NULL, NULL, NULL, 7, NULL, NULL, NULL, 'Repetidor de TP-243', '2020-03-04 14:32:53', '2020-03-04 14:32:53'),
('A011', 'TP-Link', 'TL-WA901ND', NULL, '10.41.20.243', NULL, NULL, NULL, NULL, 7, NULL, NULL, NULL, 'TP-243', '2020-03-04 14:39:48', '2020-03-04 14:39:48'),
('A012', 'TP-Link', 'TL-WA901ND', NULL, '10.41.20.244', NULL, NULL, NULL, NULL, 7, NULL, NULL, NULL, 'MICROBIOLOGIA', '2020-03-04 14:42:38', '2020-03-04 14:42:38'),
('An001', 'Ubiquiti', 'Rocket M5', NULL, '10.41.20.18', NULL, NULL, NULL, NULL, 9, NULL, NULL, NULL, 'Antena emisora, arriba de Sala de Máquinas', '2020-03-10 11:37:01', '2020-03-10 11:37:01'),
('An002', 'Ubiquiti', 'NanoStation loco M5', NULL, '10.41.20.19', NULL, NULL, NULL, NULL, 9, NULL, NULL, NULL, 'Antena receptora, arriba de Mantenimiento', '2020-03-10 11:38:24', '2020-03-10 11:38:24'),
('An003', 'Ubiquiti', 'Rocket M5', NULL, '10.41.20.28', NULL, NULL, NULL, NULL, 9, NULL, NULL, NULL, 'Antena receptora, arriba del depósito nuevo', '2020-03-10 11:40:28', '2020-03-10 11:40:28'),
('E000', NULL, NULL, NULL, '10.41.20.101', NULL, NULL, NULL, NULL, 1, NULL, NULL, NULL, NULL, '2020-01-24 19:08:02', '2020-01-24 19:08:02'),
('E001', 'Lenovo', 'M93P', 'MJ03KDX5', '10.41.20.118', 0, 'Intel i5-4570', 500, 4, 1, NULL, NULL, NULL, NULL, '2019-11-19 17:57:47', '0000-00-00 00:00:00'),
('E002', 'Exo', 'WI-02', '0695961A021', '10.41.20.23', 0, 'Intel Dual-Core E5400', 250, 1, 1, '', NULL, '', NULL, '2019-11-06 12:46:06', '0000-00-00 00:00:00'),
('E003', 'Lenovo', 'M93P', 'MJ03KE7E', '10.41.20.116', 0, 'Intel i5-4570', 500, 4, 1, '', NULL, '', NULL, '2019-11-06 12:46:10', '0000-00-00 00:00:00'),
('E004', NULL, NULL, NULL, '10.41.20.24', NULL, 'Intel i5-6400', 2000, 16, 1, NULL, NULL, NULL, 'Servidor de Samba', '2019-11-15 12:50:48', '0000-00-00 00:00:00'),
('E005', 'Lenovo', 'M93P', 'MJ03KE3C', '10.41.20.25', 0, 'Intel i5-4570', 500, 4, 1, '', NULL, '', NULL, '2019-11-06 12:46:16', '0000-00-00 00:00:00'),
('E006', 'Lenovo', 'M93P', 'MJ03KDZE', '10.41.20.44', 0, 'Intel i5-4570', 500, 4, 1, '', NULL, '', NULL, '2019-11-06 12:46:50', '0000-00-00 00:00:00'),
('E007', 'Lenovo', 'M93P', 'MJ03KE5T', '10.41.20.4', 0, 'Intel i5-4570', 500, 4, 1, '', NULL, '', NULL, '2019-11-06 12:46:55', '0000-00-00 00:00:00'),
('E008', 'Lenovo', 'M93P', 'MJ03KDWN', '10.41.20.251', 0, 'Intel i5-4570', 500, 4, 1, NULL, NULL, NULL, NULL, '2019-11-06 12:46:58', '0000-00-00 00:00:00'),
('E009', 'Lenovo', 'M93P', 'MJ03KEOC', '10.41.20.51', 0, 'Intel i5-4570', 500, 4, 1, '', NULL, '', NULL, '2019-11-06 12:47:01', '0000-00-00 00:00:00'),
('E010', '', '', '', '10.41.20.245', 0, 'AMD Sempron 140', 500, 2, 1, '', NULL, '', NULL, '2019-11-06 12:47:05', '0000-00-00 00:00:00'),
('E011', NULL, NULL, NULL, '10.41.20.140', 0, 'Intel Dual-Core E5400', 200, 2, 1, NULL, NULL, NULL, NULL, '2019-11-25 11:41:39', '0000-00-00 00:00:00'),
('E012', 'Lenovo', 'M93P', 'MJ03KE3A', '10.41.20.89', 0, 'Intel i5-4570', 500, 4, 1, '', NULL, '', NULL, '2019-11-06 12:47:11', '0000-00-00 00:00:00'),
('E013', 'Lenovo', 'M93P', 'MJ03KE79', '10.41.20.122', 0, 'Intel i5-4570', 500, 4, 1, '', NULL, '', NULL, '2019-11-06 12:47:15', '0000-00-00 00:00:00'),
('E014', 'Exo', 'WI-02', '0695081A005', '10.41.20.59', 0, 'Intel Dual-Core E5400', 250, 1, 1, '', NULL, '', NULL, '2019-11-06 12:47:17', '0000-00-00 00:00:00'),
('E015', 'Lenovo', 'M93P', 'MJ03KDZ7', '10.41.20.86', 0, 'Intel i5-4570', 500, 4, 1, '', NULL, '', NULL, '2019-11-06 12:49:15', '0000-00-00 00:00:00'),
('E016', '', '', '', '10.41.20.252', 0, 'AMD A4-4000', 2000, 2, 1, '', NULL, '', NULL, '2019-11-06 12:49:19', '0000-00-00 00:00:00'),
('E017', 'Lenovo', 'M93P', 'MJ03KE13', '10.41.20.52', 0, 'Intel i5-4570', 500, 4, 1, '', NULL, '', NULL, '2019-11-06 12:49:24', '0000-00-00 00:00:00'),
('E018', '', '', '', '10.41.20.111', 0, 'Intel i5-6400', 500, 8, 1, '', NULL, '', NULL, '2019-11-06 12:49:29', '0000-00-00 00:00:00'),
('E019', '', '', '', '10.41.20.92', 0, 'Intel Dual-Core E5400', 240, 3, 1, '', NULL, '', NULL, '2019-11-06 12:49:17', '0000-00-00 00:00:00'),
('E020', 'EXO', 'WI-02', '0685861A003', '', 0, 'Intel Dual-Core E5400', NULL, 1, 1, NULL, NULL, NULL, NULL, '2019-11-06 12:49:22', '0000-00-00 00:00:00'),
('E021', NULL, NULL, NULL, '10.41.20.199', 0, 'Intel Dual-Core E5400', 2000, 2, 1, NULL, NULL, NULL, NULL, '2019-11-06 12:49:32', '0000-00-00 00:00:00'),
('E022', '', '', '17950822657509\r\n', '10.41.20.144', 0, 'Intel i5-3340', 1000, 4, 1, '', NULL, '', NULL, '2019-11-06 13:33:34', '0000-00-00 00:00:00'),
('E023', '', '', '', '10.41.20.41', 0, 'Intel i5-6400', 1000, 8, 1, '', NULL, '', NULL, '2019-11-06 12:49:36', '0000-00-00 00:00:00'),
('E024', '', '', '', '10.41.20.173', 0, 'Intel Pentium', 500, 4, 1, '', NULL, '', NULL, '2019-11-06 12:49:34', '0000-00-00 00:00:00'),
('E025', '', '', '', '10.41.20.42', 0, 'Intel i7-6700', 1000, 8, 1, '', NULL, '', NULL, '2019-11-06 12:49:42', '0000-00-00 00:00:00'),
('E026', '', '', '', '', 0, '', 0, 0, 1, '', NULL, '', NULL, '0000-00-00 00:00:00', '0000-00-00 00:00:00'),
('E027', '', '', '3307132164256\r\n', '10.41.20.49', 0, 'Intel i5-6400', 1000, 4, 1, '', NULL, '', NULL, '2019-11-06 13:33:45', '0000-00-00 00:00:00'),
('E028', 'Exo', 'WI-02', '', '10.41.20.64', 0, 'Intel Dual-Core E5400', 250, 1, 1, '', NULL, '', NULL, '2019-11-06 13:32:36', '0000-00-00 00:00:00'),
('E029', '', '', '', '10.41.20.67', 0, 'Intel i3-3220', 0, 0, 1, '', NULL, '', NULL, '2019-11-06 12:49:51', '0000-00-00 00:00:00'),
('E030', 'Exo', 'WI-02', '0695961A019', '10.41.20.139', 0, 'Intel Dual-Core E5400', 250, 1, 1, NULL, NULL, NULL, NULL, '2019-11-06 12:49:47', '0000-00-00 00:00:00'),
('E031', NULL, NULL, NULL, '10.41.20.128', 0, 'Intel Pentium G3250', 240, 4, 1, NULL, NULL, NULL, NULL, '2019-11-06 12:49:45', '0000-00-00 00:00:00'),
('E032', NULL, NULL, NULL, '10.41.20.95', 0, 'Intel Dual-Core E5400', 240, 2, 1, NULL, NULL, NULL, NULL, '0000-00-00 00:00:00', '0000-00-00 00:00:00'),
('E033', 'Bangho', NULL, NULL, '10.41.20.69', 0, 'Intel i5-3340', 1000, 4, 1, NULL, NULL, NULL, NULL, '0000-00-00 00:00:00', '0000-00-00 00:00:00'),
('E034', 'Exo', 'WI-02', '0695961C002', '10.41.20.235', 0, 'Intel Dual-Core E5400', 250, 3, 1, '', NULL, '', NULL, '2019-11-06 13:32:30', '0000-00-00 00:00:00'),
('E035', '', '', '', '10.41.20.172', 0, 'Intel i5-7400', 1000, 4, 1, '', NULL, '', NULL, '2019-11-06 13:46:31', '0000-00-00 00:00:00'),
('E036', NULL, NULL, NULL, '10.41.20.56', 0, 'Intel G2030', 500, 4, 1, NULL, NULL, NULL, NULL, '2019-11-06 13:47:53', '0000-00-00 00:00:00'),
('E037', 'HP', '', '', '10.41.20.106', 0, 'Intel Core Duo CPU E7500', 300, 2, 1, '', NULL, '', NULL, '2019-11-06 13:47:55', '0000-00-00 00:00:00'),
('E038', '', '', '', '10.41.20.63', 0, 'Intel Pentium 4', 160, 1, 1, '', NULL, '', NULL, '2019-11-06 13:47:41', '0000-00-00 00:00:00'),
('E039', '', '', '', '10.41.20.171', 0, '', 1000, 2, 1, '', NULL, '', NULL, '2019-11-06 13:47:35', '0000-00-00 00:00:00'),
('E040', NULL, NULL, NULL, '10.41.20.79', 0, 'AME E-350', 240, 4, 1, NULL, NULL, NULL, NULL, '2019-11-06 13:46:40', '0000-00-00 00:00:00'),
('E041', NULL, NULL, NULL, '10.41.20.85', 0, 'AMD E350', 1000, 2, 1, NULL, NULL, NULL, NULL, '2019-11-25 13:54:42', '0000-00-00 00:00:00'),
('E042', 'EXO', NULL, NULL, '', 0, 'Intel Dual-Core E5400', NULL, 2, 1, NULL, NULL, NULL, NULL, '2019-11-06 13:48:01', '0000-00-00 00:00:00'),
('E043', '', '', '', '10.41.20.108', 0, 'AMD E-350', 320, 2, 1, '', NULL, '', NULL, '2019-11-06 13:48:03', '0000-00-00 00:00:00'),
('E044', '', '', '', '10.41.20.103', 0, 'Intel Pentium', 150, 1, 1, '', NULL, '', NULL, '2019-11-06 13:48:05', '0000-00-00 00:00:00'),
('E045', NULL, NULL, NULL, '10.41.20.113', 0, 'Intel i5-6400', 1000, 8, 1, NULL, NULL, NULL, NULL, '2019-11-06 13:46:37', '0000-00-00 00:00:00'),
('E046', 'Tonomac', NULL, NULL, '10.41.20.10', 0, 'Intel Dual-Core E5400', 500, 2, 1, NULL, NULL, NULL, NULL, '2019-11-06 13:46:34', '0000-00-00 00:00:00'),
('E047', '', '', '180466557980', '10.41.20.110', 0, 'Intel Pentium G3250', 500, 4, 1, '', NULL, '', NULL, '2019-11-06 13:48:09', '0000-00-00 00:00:00'),
('E048', '', '', '', '10.41.20.117', 0, 'Intel i3-3220', 500, 4, 1, '', NULL, '', NULL, '2019-11-06 13:48:11', '0000-00-00 00:00:00'),
('E049', '', '', '', '10.41.20.60', 0, 'Intel Dual-Core E5400', 250, 3, 1, '', NULL, '', NULL, '2019-11-06 13:48:13', '0000-00-00 00:00:00'),
('E050', '', '', '', '10.41.20.109', 0, 'Intel Pentium G3250', 500, 4, 1, '', NULL, '', NULL, '2019-11-06 13:48:16', '0000-00-00 00:00:00'),
('E051', NULL, NULL, NULL, '10.41.20.90', 0, 'Intel i5-4440', 1000, 4, 1, '', NULL, '', NULL, '2019-11-13 12:27:00', '0000-00-00 00:00:00'),
('E052', NULL, NULL, NULL, '10.41.20.93', 0, 'Pentium Dual Core', 240, 6, 1, NULL, NULL, NULL, NULL, '2019-11-06 13:46:19', '0000-00-00 00:00:00'),
('E053', '', '', '', '10.41.20.94', 0, 'AMD E-350', 500, 2, 1, '', NULL, '', NULL, '2019-11-06 13:46:15', '0000-00-00 00:00:00'),
('E054', '', '', '', '10.41.20.45', 0, 'AMD', 150, 3, 1, '', NULL, '', NULL, '2019-11-06 13:46:12', '0000-00-00 00:00:00'),
('E055', 'Lenovo', 'M93P', '', '10.41.20.115', 0, 'Intel i5-4570', 500, 2, 1, '', NULL, '', NULL, '2019-11-06 13:46:08', '0000-00-00 00:00:00'),
('E056', '', '', '', '10.41.20.107', 0, 'AMD Sempron 140', 350, 4, 1, '', NULL, '', NULL, '2019-11-06 13:46:05', '0000-00-00 00:00:00'),
('E057', NULL, NULL, NULL, '10.41.20.169', 0, 'Intel i3-2120', 240, 4, 1, NULL, NULL, NULL, NULL, '2019-11-06 13:46:01', '0000-00-00 00:00:00'),
('E058', '', '', '', '10.41.20.87', 0, 'Intel i5-4440', 1000, 4, 1, '', NULL, '', NULL, '2019-11-06 13:45:59', '0000-00-00 00:00:00'),
('E059', '', '', '', '10.41.20.104', 0, 'Intel Core 2 duo', 300, 2, 1, '', NULL, '', NULL, '2019-11-06 13:45:41', '0000-00-00 00:00:00'),
('E060', '', '', '', '10.41.20.105', 0, '', 500, 3, 1, '', NULL, '', NULL, '2019-11-06 13:45:38', '0000-00-00 00:00:00'),
('E061', '', '', '', '10.41.20.26', 0, 'Intel i5-6400', 1000, 8, 1, '', NULL, '', NULL, '2019-11-06 13:45:50', '0000-00-00 00:00:00'),
('E062', '', '', '', '10.41.20.98', 0, 'AMD', 20, 1, 1, '', NULL, '', NULL, '2019-11-06 13:45:55', '0000-00-00 00:00:00'),
('E063', '', '', '', '10.41.20.168', 0, 'Intel i5', 1000, 4, 1, '', NULL, '', NULL, '2019-11-06 13:45:34', '0000-00-00 00:00:00'),
('E064', '', '', '', '10.41.20.53', 0, 'Intel i3-3220', 500, 4, 1, '', NULL, '', NULL, '2019-11-06 13:45:31', '0000-00-00 00:00:00'),
('E065', '', '', '', '10.41.20.61', 0, 'Intel Dual-Core E5400', 240, 2, 1, '', NULL, '', NULL, '2019-11-06 13:45:28', '0000-00-00 00:00:00'),
('E066', '', '', '', '10.41.20.7', 0, 'Intel Dual-Core E5400', 240, 3, 1, '', NULL, '', NULL, '2019-11-06 13:45:26', '0000-00-00 00:00:00'),
('E067', '', '', '', '10.41.20.97', 0, 'AMD ', 60, 1, 1, '', NULL, '', NULL, '2019-11-06 13:45:23', '0000-00-00 00:00:00'),
('E068', '', '', '', '10.41.20.170', 0, 'AMD Athlon', 300, 2, 1, '', NULL, '', NULL, '2019-11-06 13:45:20', '0000-00-00 00:00:00'),
('E069', 'HP', 'Notebook', 'SCD7333049', '10.41.20.175', 0, 'Intel Celeron', 200, 4, 1, '', NULL, '', NULL, '2019-11-06 13:45:17', '0000-00-00 00:00:00'),
('E070', '', '', '', '10.41.20.47', 0, 'Intel Dual-Core E5400', 240, 2, 1, '', NULL, '', NULL, '2019-11-06 13:45:00', '0000-00-00 00:00:00'),
('E071', 'EXO', 'WI-02', '0695961A009', '10.41.20.66', 0, 'Intel Dual-Core E5400', 500, 2, 1, '', NULL, '', NULL, '2019-11-06 13:44:57', '0000-00-00 00:00:00'),
('E072', NULL, NULL, NULL, '10.41.20.58', 0, 'Intel i5-4440', 1000, 4, 1, NULL, NULL, NULL, NULL, '2019-11-21 19:42:47', '0000-00-00 00:00:00'),
('E073', 'EXO', 'WI-02', '0695961A015', '', 0, 'Intel Dual-Core E5400', 500, 2, 1, '', NULL, '', NULL, '0000-00-00 00:00:00', '0000-00-00 00:00:00'),
('E074', '', '', '', '10.41.20.132', 0, 'AMD E-350', 500, 2, 1, '', NULL, '', NULL, '2019-11-06 13:45:10', '0000-00-00 00:00:00'),
('E075', '', '', '', '10.41.20.138', 0, 'Intel Pentium G3250', 500, 4, 1, '', NULL, '', NULL, '2019-11-06 13:45:13', '0000-00-00 00:00:00'),
('E076', 'EXO', 'WI-02', '0695961A028', '10.41.20.167', 0, 'Intel Dual-Core E5400', 500, 2, 1, '', NULL, '', NULL, '2019-11-06 13:44:51', '0000-00-00 00:00:00'),
('E077', 'Lenovo', 'M93P', 'MJ03KE3J', '10.41.20.65', 0, 'Intel i5-4570', 500, 2, 1, '', NULL, '', NULL, '2019-11-06 13:44:48', '0000-00-00 00:00:00'),
('E078', '', '', '', '10.41.20.131', 0, 'AMD Sempron 3200', 500, 2, 1, '', NULL, '', NULL, '2019-11-06 13:45:06', '0000-00-00 00:00:00'),
('E079', 'EXO', 'WI-02', '', '', 0, 'Intel Dual-Core E5400', 300, 2, 1, '', NULL, '', NULL, '2019-11-06 12:45:44', '0000-00-00 00:00:00'),
('E080', '', '', '', '10.41.20.123', 0, 'AMD E-350', 240, 4, 1, '', NULL, '', NULL, '2019-11-06 13:42:44', '0000-00-00 00:00:00'),
('E081', NULL, NULL, NULL, '10.41.20.191', 0, 'Intel i5-4440', 500, 4, 1, '', NULL, '', NULL, '2019-11-13 12:27:34', '0000-00-00 00:00:00'),
('E082', '', '', '', '10.41.20.223', 0, 'Intel Dual-Core E5400', 500, 4, 1, '', NULL, '', NULL, '2019-11-06 13:42:38', '0000-00-00 00:00:00'),
('E083', '', '', '', '10.41.20.133', 0, 'Intel i5-4440', 1000, 4, 1, '', NULL, '', NULL, '2019-11-06 13:44:45', '0000-00-00 00:00:00'),
('E084', 'Lenovo', '', '', '10.41.20.129', 0, 'AMD C70', 500, 2, 1, '', NULL, '', NULL, '2019-11-06 13:44:42', '0000-00-00 00:00:00'),
('E085', 'Dell', '', '', '10.41.20.152', 0, '', 0, 0, 1, '', NULL, '', NULL, '2019-11-06 13:43:04', '0000-00-00 00:00:00'),
('E086', 'EXO', '', '0695961B001', '10.41.20.81', 0, 'Intel Dual-Core E5400', 250, 3, 1, '', NULL, '', NULL, '2019-11-06 13:42:35', '0000-00-00 00:00:00'),
('E087', 'NecXus', '', '', '10.41.20.114', 0, 'AMD D4-4000', 250, 4, 1, '', NULL, '', NULL, '2019-11-06 13:42:27', '0000-00-00 00:00:00'),
('E088', NULL, NULL, NULL, '10.41.20.112', 0, 'Intel i3-3220', 500, 4, 1, NULL, NULL, NULL, NULL, '2019-11-06 13:42:46', '0000-00-00 00:00:00'),
('E089', 'EXO', 'WI-02', '069561A014', '10.41.20.164', 0, 'Intel Dual-Core E5400', 250, 1, 1, '', NULL, '', NULL, '2019-11-06 13:42:56', '0000-00-00 00:00:00'),
('E090', 'Lenovo', 'M93P', 'MJ03KDYW', '10.41.20.127', 0, 'Intel i5-4570', 500, 4, 1, '', NULL, '', NULL, '2019-11-06 13:42:53', '0000-00-00 00:00:00'),
('E091', 'STRAIKE', '', '', '10.41.20.71', 0, 'AMD FX-4100QCP', 500, 6, 1, '', NULL, '', NULL, '2019-11-06 13:42:50', '0000-00-00 00:00:00'),
('E092', 'Lenovo', 'B50-80', 'MP10FKC9', '10.41.20.46', 0, 'Intel i5-5200', 500, 2, 1, '', NULL, '', NULL, '2019-11-06 13:43:01', '0000-00-00 00:00:00'),
('E093', NULL, NULL, NULL, '10.41.20.160', 0, NULL, 0, 0, 1, NULL, NULL, NULL, NULL, '2019-11-06 13:42:19', '0000-00-00 00:00:00'),
('E094', '', '', '', '10.41.20.154', 0, 'Intel Dual-Core E5400', 500, 2, 1, '', NULL, '', NULL, '2019-11-06 13:42:32', '0000-00-00 00:00:00'),
('E095', NULL, NULL, NULL, '', 0, NULL, NULL, NULL, 1, NULL, NULL, NULL, NULL, '2019-11-06 13:49:41', '0000-00-00 00:00:00'),
('E096', '', '', '', '10.41.20.80', 0, 'AMD A4-4000', 240, 6, 1, '', NULL, '', NULL, '2019-11-06 13:42:23', '0000-00-00 00:00:00'),
('E097', NULL, NULL, NULL, '', NULL, NULL, NULL, NULL, 1, NULL, NULL, NULL, NULL, '2019-11-06 13:42:12', '0000-00-00 00:00:00'),
('E098', 'Lenovo', 'M93P', 'MJ03KE', '10.41.20.239', 0, 'Intel i5-4570', 500, 4, 1, '', NULL, '', NULL, '2019-11-06 13:42:08', '0000-00-00 00:00:00'),
('E099', 'Lenovo', 'M93P', 'MJ03KE35', '10.41.20.55', 0, 'Intel i5-4570', 500, 4, 1, '', NULL, '', NULL, '2019-11-06 13:42:05', '0000-00-00 00:00:00'),
('E100', NULL, NULL, NULL, '10.41.20.29', 0, 'Intel i3-3220', 500, 8, 1, NULL, NULL, NULL, NULL, '2019-11-06 13:42:01', '0000-00-00 00:00:00'),
('E101', '', '', '', '10.41.20.50', 0, '', 0, 0, 1, '', NULL, '', NULL, '2019-11-06 13:35:24', '0000-00-00 00:00:00'),
('E102', NULL, NULL, NULL, '10.41.20.6', 0, 'Intel i3-8100', 240, 8, 1, NULL, NULL, NULL, NULL, '2019-11-15 11:47:55', '0000-00-00 00:00:00'),
('E103', '', '', '', '10.41.20.74', 0, 'Pentium Dual Core E6500', 500, 2, 1, '', NULL, '', NULL, '2019-11-06 13:35:29', '0000-00-00 00:00:00'),
('E104', '', '', '', '10.41.20.190', 0, 'AMD E-350', 500, 2, 1, '', NULL, '', NULL, '2019-11-06 13:36:07', '0000-00-00 00:00:00'),
('E105', NULL, NULL, NULL, '10.41.20.12', 0, 'AMD E-350', 500, 4, 1, NULL, NULL, NULL, NULL, '2019-11-06 13:36:03', '0000-00-00 00:00:00'),
('E106', 'Lenovo', 'M93P', 'MJ03KE90', '10.41.20.54', 0, 'Intel i5-4570', 500, 2, 1, '', NULL, '', NULL, '2019-11-06 13:36:00', '0000-00-00 00:00:00'),
('E107', 'Lenovo', 'M93P', 'MJ03KDZF', '10.41.20.120', 0, 'Intel i5-4570', 500, 2, 1, '', NULL, '', NULL, '2019-11-06 13:34:47', '0000-00-00 00:00:00'),
('E108', 'Lenovo', 'M93P', 'MJ03KDT8', '10.41.20.121', 0, 'Intel i5-4570', 500, 2, 1, '', NULL, '', NULL, '2019-11-06 13:34:41', '0000-00-00 00:00:00'),
('E109', '', '', '', '', 0, 'Celeron', 60, 512, 1, '', NULL, '', NULL, '0000-00-00 00:00:00', '0000-00-00 00:00:00'),
('E110', '', '', '', '10.41.20.99', 0, 'Intel Core', 500, 4, 1, '', NULL, '', NULL, '2019-11-06 13:34:36', '0000-00-00 00:00:00'),
('E111', NULL, NULL, NULL, '10.41.20.3', 0, 'Intel Xeon E5620', 1000, 6, 1, NULL, NULL, NULL, 'Servidor viejo', '2019-11-06 13:34:34', '0000-00-00 00:00:00'),
('E112', NULL, NULL, NULL, '10.41.20.166', 0, 'Intel i3-4130', 500, 4, 1, NULL, NULL, NULL, NULL, '2019-11-06 13:34:19', '0000-00-00 00:00:00'),
('E113', '', '', '', '', 0, '', 0, 0, 1, '', NULL, '', NULL, '0000-00-00 00:00:00', '0000-00-00 00:00:00'),
('E114', 'EXO', 'WI-02', '0685861A030', '', 0, 'Intel Dual-Core E5400', 250, 2, 1, NULL, NULL, NULL, NULL, '2019-11-06 13:34:31', '0000-00-00 00:00:00'),
('E115', '', '', '', '10.41.20.234', 0, 'AMD E-350', 240, 4, 1, '', NULL, '', NULL, '2019-11-06 13:34:28', '0000-00-00 00:00:00'),
('E116', 'Lenovo', 'M93P', '', '10.41.20.126', 0, 'Intel i5-5200', 500, 2, 1, '', NULL, '', NULL, '2019-11-06 13:34:44', '0000-00-00 00:00:00'),
('E117', 'Clon', '', '', '10.41.20.84', 0, 'AMD Sempron 140', 500, 1, 1, '', NULL, '', NULL, '2019-11-06 13:35:16', '0000-00-00 00:00:00'),
('E118', '', '', '', '', 0, '', 0, 0, 1, '', NULL, '', NULL, '0000-00-00 00:00:00', '0000-00-00 00:00:00'),
('E119', '', '', '', '10.41.20.198', 0, 'Intel Dual-Core E5400', 500, 2, 1, '', NULL, '', NULL, '2019-11-06 13:35:32', '0000-00-00 00:00:00'),
('E120', 'Toshiba', 'L45DT-B', '', '10.41.20.73', 0, 'AMD A8-6410 APU', 1000, 8, 1, '', NULL, '', NULL, '2019-11-06 13:35:36', '0000-00-00 00:00:00'),
('E121', 'toshiba', 'Satelite', '92431', '10.41.20.100', 0, 'intel i5-5200', 1000, 8, 1, NULL, NULL, NULL, NULL, '2019-11-28 11:23:55', '0000-00-00 00:00:00'),
('E122', '', '', '', '', 0, 'Pentium Dual Core', 32, 1, 1, '', NULL, '', NULL, '2019-11-07 13:34:20', '0000-00-00 00:00:00'),
('E123', '', '', '', '', 0, '', 0, 0, 1, '', NULL, '', NULL, '0000-00-00 00:00:00', '0000-00-00 00:00:00'),
('E124', 'Bangho', 'PC72239', NULL, '10.41.20.196', 0, 'Intel i5-2400', 1000, 4, 1, NULL, NULL, NULL, NULL, '2019-11-13 12:24:07', '0000-00-00 00:00:00'),
('E125', 'Bangho', 'PC72239', NULL, '10.41.20.69', 0, 'Intel i5-2400', 1000, 4, 1, NULL, NULL, NULL, NULL, '0000-00-00 00:00:00', '0000-00-00 00:00:00'),
('E126', '', '', '', '10.41.20.230', 0, 'Intel i3-8100', 240, 4, 1, '', NULL, '', NULL, '2019-11-06 13:35:43', '0000-00-00 00:00:00'),
('E127', NULL, NULL, NULL, '10.41.20.231', 0, 'Intel i3-8100', 240, 4, 1, NULL, NULL, NULL, NULL, '2019-11-06 13:35:51', '0000-00-00 00:00:00'),
('E128', NULL, NULL, NULL, '10.41.20.232', 0, 'Intel i3-8100', 240, 4, 1, NULL, NULL, NULL, NULL, '2019-11-06 13:35:48', '0000-00-00 00:00:00'),
('E129', NULL, NULL, NULL, '10.41.20.48', 0, 'Intel i3-8100', 240, 8, 1, NULL, NULL, NULL, NULL, '0000-00-00 00:00:00', '0000-00-00 00:00:00'),
('E130', '', '', '', '10.41.20.78', 0, 'Intel Dual-Core E5400', 240, 2, 1, '', NULL, '', NULL, '2019-11-06 13:35:54', '0000-00-00 00:00:00'),
('E131', NULL, NULL, NULL, '10.41.20.125', NULL, 'Intel i3-8100', 240, 8, 1, NULL, 'OC4770', NULL, NULL, '2020-01-17 19:32:27', '2020-01-17 19:32:27'),
('E132', NULL, NULL, NULL, '10.41.20.124', NULL, 'Intel i3-8100', 240, 8, 1, NULL, 'OC4770', NULL, NULL, '2020-01-17 19:34:03', '2020-01-17 19:34:03'),
('E133', NULL, NULL, NULL, '10.41.20.62', NULL, 'Intel i3-8100', 240, 8, 1, NULL, 'OC4770', NULL, NULL, '2020-01-17 19:35:32', '2020-01-17 19:35:32'),
('E134', NULL, NULL, NULL, '10.41.20.141', NULL, 'Intel i3-3220', 500, 4, 1, NULL, 'OC4770', NULL, NULL, '2020-01-17 19:35:50', '2020-01-17 19:35:50'),
('E136', 'Lenovo', 'RD450', NULL, '10.41.20.136', NULL, 'Intel Xeon E5-2600', 1000, 128, 1, NULL, NULL, NULL, 'Servidor de producción', '2020-03-04 18:13:53', '2020-03-04 18:13:53'),
('E137', 'Lenovo', 'RD450', NULL, '10.41.20.137', NULL, 'Intel Xeon E5-2600', 1000, 128, 1, NULL, NULL, NULL, 'Servidor de soporte', '2020-03-04 18:14:25', '2020-03-04 18:14:25'),
('H001', 'Zebra', 'TC20', '17317521405829', '10.41.20.194', NULL, NULL, NULL, NULL, 5, NULL, NULL, NULL, NULL, '2020-01-23 18:36:03', '2020-01-23 18:36:03'),
('H002', 'Zebra', 'TC20', '17317521406856', '10.41.20.192', NULL, NULL, NULL, NULL, 5, NULL, NULL, NULL, NULL, '2020-01-23 18:38:47', '2020-01-23 18:38:47'),
('H003', 'Zebra', 'TC20', '17317521407089', '10.41.20.225', NULL, NULL, NULL, NULL, 5, NULL, NULL, NULL, NULL, '2020-01-23 18:47:06', '2020-01-23 18:47:06'),
('H004', 'Zebra', 'TC20', '17314521400699', '10.41.20.193', NULL, NULL, NULL, NULL, 5, NULL, NULL, NULL, NULL, '2020-01-23 18:51:21', '2020-01-23 18:51:21'),
('H005', 'Zebra', 'TC20', NULL, '10.41.20.220', NULL, NULL, NULL, NULL, 5, NULL, NULL, NULL, NULL, '2020-01-23 18:51:37', '2020-01-23 18:51:37'),
('H006', 'Zebra', 'TC20', '17317521405702', '10.41.20.217', NULL, NULL, NULL, NULL, 5, NULL, NULL, NULL, NULL, '2020-02-06 12:08:44', '2020-02-06 12:08:44'),
('I0001', 'Ricoh', 'NRG-MP2510', NULL, '10.41.20.36', NULL, NULL, NULL, NULL, 3, NULL, NULL, NULL, NULL, '2019-11-14 15:07:30', '2019-11-14 15:07:30'),
('I002', 'Zebra', 'GC420t', NULL, '', NULL, NULL, NULL, NULL, 3, NULL, NULL, NULL, NULL, '2020-01-23 16:13:35', '2020-01-23 16:13:35'),
('I003', 'Zebra', 'GC420t', NULL, '', NULL, NULL, NULL, NULL, 3, NULL, NULL, NULL, NULL, '2020-01-23 16:17:25', '2020-01-23 16:17:25'),
('I004', 'Zebra', 'GC420t', NULL, '', NULL, NULL, NULL, NULL, 3, NULL, NULL, NULL, NULL, '2020-01-23 16:19:51', '2020-01-23 16:19:51'),
('I005', 'Zebra', 'GC420t', NULL, '', NULL, NULL, NULL, NULL, 3, NULL, NULL, NULL, NULL, '2020-01-23 16:20:27', '2020-01-23 16:20:27'),
('I006', 'Zebra', 'GK420t', NULL, '', NULL, NULL, NULL, NULL, 3, NULL, NULL, NULL, NULL, '2020-01-23 16:21:52', '2020-01-23 16:21:52'),
('I007', 'Zebra', 'GC420t', NULL, '', NULL, NULL, NULL, NULL, 3, NULL, NULL, NULL, NULL, '2020-01-23 16:22:09', '2020-01-23 16:22:09'),
('I008', 'Zebra', 'GC420t', NULL, '', NULL, NULL, NULL, NULL, 3, NULL, NULL, NULL, NULL, '2020-01-23 17:25:46', '2020-01-23 17:25:46'),
('I009', 'Zebra', 'GC420t', NULL, '', NULL, NULL, NULL, NULL, 3, NULL, NULL, NULL, NULL, '2020-01-23 17:26:06', '2020-01-23 17:26:06'),
('I1002', 'Brother', 'MFC-8910DW', '', '', 0, '', 0, 0, 3, 'TN750', NULL, 'DR720', NULL, '2019-11-14 11:43:09', '0000-00-00 00:00:00'),
('I1009', 'Brother', 'MFC-J6720', NULL, '10.41.20.70', NULL, NULL, NULL, NULL, 3, NULL, NULL, NULL, NULL, '2019-11-14 11:38:28', '2019-11-14 11:38:28'),
('I1265', 'Ricoh', 'SP310', NULL, '', NULL, NULL, NULL, NULL, 3, 'SP310XA', NULL, NULL, NULL, '2020-01-28 12:40:45', '2020-01-28 12:40:45'),
('I1447', 'Brother', 'MFC-L2720DW', NULL, '10.41.20.207', 0, NULL, 0, 0, 3, 'TN2370', NULL, 'DR2340', NULL, '2019-11-14 11:43:26', '0000-00-00 00:00:00'),
('I1448', 'Brother', 'HL-2720DW', NULL, '10.41.20.209', 0, NULL, 0, 0, 3, 'TN2370', NULL, 'DR2340', NULL, '2019-11-14 11:43:57', '0000-00-00 00:00:00'),
('I1466', 'Canon', 'Pixma2100', NULL, '', 0, NULL, 0, 0, 3, NULL, NULL, NULL, NULL, '2019-11-14 11:47:30', '2019-11-13 20:56:11'),
('I192', 'Brother', 'MFC-8480DN', NULL, '10.41.20.204', NULL, NULL, NULL, NULL, 3, 'TN580', NULL, 'DR620', NULL, '2019-11-14 13:55:22', '2019-11-14 13:55:22'),
('I195', 'Brother', 'HL-2270DW', NULL, '', NULL, NULL, NULL, NULL, 3, 'TN450', NULL, 'DR420', NULL, '2019-11-14 11:47:39', '2019-11-13 19:54:15'),
('I196', 'Brother', 'HL-2270DW', NULL, '', NULL, NULL, NULL, NULL, 3, 'TN450', NULL, 'DR420', NULL, '2019-11-14 11:56:01', '2019-11-14 11:42:55'),
('I197', 'Brother', 'HL-2270DW', NULL, '', NULL, NULL, NULL, NULL, 3, 'TN450', NULL, 'DR420', NULL, '2019-11-14 11:47:46', '2019-11-13 19:54:15'),
('I198', 'Brother', 'HL-2270DW', '', '', 0, '', 0, 0, 3, 'TN450', NULL, 'DR420', NULL, '2019-11-14 11:47:53', '0000-00-00 00:00:00'),
('I346', 'Brother', 'DCP-8085DN', '', '10.41.20.208', 0, NULL, 0, 0, 3, 'TN580', NULL, 'DR620', NULL, '2019-11-13 18:15:50', '2019-11-06 21:37:34'),
('I388', 'Brother', 'HL-2270DW', NULL, '', NULL, NULL, NULL, NULL, 3, 'TN450', NULL, 'DR420', NULL, '2020-01-28 12:31:46', '2020-01-28 12:31:46'),
('I405', 'Brother', 'HL-2270DW', NULL, '10.41.20.76', NULL, NULL, NULL, NULL, 3, 'TN450', NULL, 'DR420', NULL, '2019-11-14 11:39:16', '2019-11-14 11:37:39'),
('I409', 'Brother', 'HL-2270DW', NULL, '', NULL, NULL, NULL, NULL, 3, 'TN450', NULL, 'DR420', NULL, '2019-11-14 16:37:47', '2019-11-14 16:37:32'),
('I412', 'Brother', 'HL-2270DW', '', '', 0, '', 0, 0, 3, 'TN450', NULL, 'DR420', NULL, '2019-11-14 11:48:04', '0000-00-00 00:00:00'),
('I414', 'Brother', 'HL-5350', NULL, '', NULL, NULL, NULL, NULL, 3, 'TN650', NULL, 'DR620', NULL, '2020-01-28 12:39:10', '2020-01-28 12:39:10'),
('I415', 'Brother', 'HL-2270DW', NULL, '', NULL, NULL, NULL, NULL, 3, 'TN450', NULL, 'DR420', NULL, '2019-11-14 15:10:13', '2019-11-14 15:09:38'),
('I416', 'Epson', 'Stylus T50', '', '', 0, NULL, 0, 0, 3, NULL, NULL, NULL, NULL, '2019-11-13 18:15:52', '2019-11-06 22:35:53'),
('I457', 'Brother', 'HL-6180DW', NULL, '10.41.20.206', NULL, NULL, NULL, NULL, 3, 'TN750', NULL, 'DR720', NULL, '2019-11-14 12:14:36', '2019-11-14 12:04:14'),
('I474', 'Brother', 'HL-2270dw', NULL, '', NULL, NULL, NULL, NULL, 3, 'TN450', NULL, 'DR420', NULL, '2020-05-05 12:31:47', '2020-05-05 12:31:47'),
('I534', 'HP', '5525', NULL, '', NULL, NULL, NULL, NULL, 3, '670', NULL, NULL, NULL, '2020-01-28 12:33:24', '2020-01-28 12:33:24'),
('I535', 'Brother', 'DCP-7065DN', NULL, '10.41.20.37', NULL, NULL, NULL, NULL, 3, 'TN450', NULL, 'DR420', NULL, '2019-11-14 16:34:58', '2019-11-14 16:34:58'),
('I536', 'Brother', 'HL-2270DW', '', '', 0, '', 0, 0, 3, 'TN450', NULL, 'DR420', NULL, '2019-11-14 11:48:13', '0000-00-00 00:00:00'),
('I607', 'Brother', 'DCP-8150DN', NULL, '10.41.20.33', NULL, NULL, NULL, NULL, 3, 'TN750', NULL, 'DR720', NULL, '2019-11-19 13:20:58', '2019-11-13 16:20:47'),
('I646', 'Brother', 'DCP-8155DN', '', '10.41.20.35', 0, '', 0, 0, 3, 'TN750', NULL, 'DR720', NULL, '2019-11-14 11:48:20', '0000-00-00 00:00:00'),
('I654', 'Brother', 'HL-2270DW', NULL, '', NULL, NULL, NULL, NULL, 3, 'TN450', NULL, 'DR420', NULL, '2019-11-26 11:39:51', '2019-11-14 13:20:24'),
('I672', 'Brother', 'DCP-8150DN', NULL, '10.41.20.38', 0, NULL, 0, 0, 3, 'TN750', NULL, 'DR720', NULL, '2019-11-13 18:16:00', '2019-11-13 16:17:26'),
('I673', 'Brother', 'DCP-8150', NULL, '10.41.20.31', 0, NULL, 0, 0, 3, 'TN750', NULL, 'DR720', NULL, '2019-11-13 18:16:02', '2019-11-13 15:45:39'),
('I680', 'Brother', 'DCP-8150DN', '', '10.41.20.203', 0, '', 0, 0, 3, 'TN750', NULL, 'DR720', NULL, '2019-11-14 11:48:28', '0000-00-00 00:00:00'),
('I683', 'Brother', 'DCP-8155DN', NULL, '10.41.20.32', NULL, NULL, NULL, NULL, 3, 'TN750', NULL, 'DR720', NULL, '2019-11-14 12:51:08', '2019-11-14 12:51:08'),
('I696', 'Brother', 'DCP-L2450', NULL, '', NULL, NULL, NULL, NULL, 3, 'TN2370', NULL, 'DR2340', NULL, '2019-11-14 13:01:03', '2019-11-14 12:59:22'),
('I787', 'Brother', 'DCP-8150DN', NULL, '10.41.20.40', NULL, NULL, NULL, NULL, 3, 'TN750', NULL, 'DR720', NULL, '2019-11-14 13:13:50', '2019-11-14 13:13:50'),
('I788', 'Brother', 'DCP-8155DN', '', '10.41.20.215', NULL, NULL, NULL, NULL, 3, 'TN750', NULL, 'DR720', NULL, '2019-11-13 12:25:35', '2019-11-06 22:02:10'),
('I789', 'Brother', 'DCP-8150DN', NULL, '10.41.20.202', NULL, NULL, NULL, NULL, 3, 'TN750', NULL, 'DR720', NULL, '2019-11-13 12:45:30', '2019-11-13 15:41:02'),
('I953', 'Brother', 'MFC-L2720DW', '', '10.41.20.30', 0, '', 0, 0, 3, 'TN2370', NULL, 'DR2340', NULL, '2019-11-14 11:49:27', '0000-00-00 00:00:00'),
('I954', 'Brother', 'MFC J6720', NULL, '', NULL, NULL, NULL, NULL, 3, NULL, NULL, NULL, NULL, '2019-11-14 13:09:10', '2019-11-14 13:08:49'),
('L001', NULL, NULL, NULL, '', NULL, NULL, NULL, NULL, 4, NULL, NULL, NULL, NULL, '2020-01-23 17:28:13', '2020-01-23 17:28:13'),
('L002', NULL, NULL, NULL, '', NULL, NULL, NULL, NULL, 4, NULL, NULL, NULL, NULL, '2020-01-23 17:28:25', '2020-01-23 17:28:25'),
('L003', NULL, NULL, NULL, '', NULL, NULL, NULL, NULL, 4, NULL, NULL, NULL, NULL, '2020-01-23 17:28:34', '2020-01-23 17:28:34'),
('L004', NULL, NULL, NULL, '', NULL, NULL, NULL, NULL, 4, NULL, NULL, NULL, NULL, '2020-01-23 17:28:42', '2020-01-23 17:28:42'),
('L005', NULL, NULL, NULL, '', NULL, NULL, NULL, NULL, 4, NULL, NULL, NULL, NULL, '2020-01-23 17:28:50', '2020-01-23 17:28:50'),
('L006', NULL, NULL, NULL, '', NULL, NULL, NULL, NULL, 4, NULL, NULL, NULL, NULL, '2020-01-23 17:29:00', '2020-01-23 17:29:00'),
('L007', NULL, NULL, NULL, '', NULL, NULL, NULL, NULL, 4, NULL, NULL, NULL, NULL, '2020-01-23 17:29:18', '2020-01-23 17:29:18'),
('L008', NULL, NULL, NULL, '', NULL, NULL, NULL, NULL, 4, NULL, NULL, NULL, NULL, '2020-01-23 17:30:01', '2020-01-23 17:30:01'),
('L009', NULL, NULL, NULL, '', NULL, NULL, NULL, NULL, 4, NULL, NULL, NULL, NULL, '2020-01-23 17:30:10', '2020-01-23 17:30:10'),
('L010', NULL, NULL, NULL, '', NULL, NULL, NULL, NULL, 4, NULL, NULL, NULL, NULL, '2020-01-28 12:42:24', '2020-01-28 12:42:24'),
('M001', 'Lenovo', 'e2054a', '', '', 20, '', 0, 0, 2, '', NULL, '', NULL, '0000-00-00 00:00:00', '0000-00-00 00:00:00'),
('M002', 'Samsung', 'ls19d300hyczb', '', '', 19, '', 0, 0, 2, '', NULL, '', NULL, '0000-00-00 00:00:00', '0000-00-00 00:00:00'),
('M003', 'LG', '19en33', '', '', 19, '', 0, 0, 2, '', NULL, '', NULL, '0000-00-00 00:00:00', '0000-00-00 00:00:00'),
('M004', 'Benq', 'et-0025-b', '', '', 19, '', 0, 0, 2, '', NULL, '', NULL, '0000-00-00 00:00:00', '0000-00-00 00:00:00'),
('M005', 'LG', 'w1943se', '', '', 19, '', 0, 0, 2, '', NULL, '', NULL, '0000-00-00 00:00:00', '0000-00-00 00:00:00'),
('M006', 'Benq', 'et-0025-b', '', '', 19, '', 0, 0, 2, '', NULL, '', NULL, '0000-00-00 00:00:00', '0000-00-00 00:00:00'),
('M007', 'Samsung', 's19f355hnl', '', '', 19, '', 0, 0, 2, '', NULL, '', NULL, '0000-00-00 00:00:00', '0000-00-00 00:00:00'),
('M008', 'LG', 'e2242t', '', '', 22, '', 0, 0, 2, '', NULL, '', NULL, '0000-00-00 00:00:00', '0000-00-00 00:00:00'),
('M009', 'LG', '19m38a', '', '', 20, '', 0, 0, 2, '', NULL, '', NULL, '0000-00-00 00:00:00', '0000-00-00 00:00:00'),
('M010', 'Benq', 'et-0025-b', '', '', 19, '', 0, 0, 2, '', NULL, '', NULL, '0000-00-00 00:00:00', '0000-00-00 00:00:00'),
('M011', 'Benq', 'et-0025-b', '', '', 19, '', 0, 0, 2, '', NULL, '', NULL, '0000-00-00 00:00:00', '0000-00-00 00:00:00'),
('M012', 'Benq', 'et-0025-b', '', '', 19, '', 0, 0, 2, '', NULL, '', NULL, '0000-00-00 00:00:00', '0000-00-00 00:00:00'),
('M013', 'Benq', 'et-0025-b', '', '', 19, '', 0, 0, 2, '', NULL, '', NULL, '0000-00-00 00:00:00', '0000-00-00 00:00:00'),
('M014', 'Lenovo', 'e2054a', '', '', 20, '', 0, 0, 2, '', NULL, '', NULL, '0000-00-00 00:00:00', '0000-00-00 00:00:00'),
('M015', 'LG', '19en33v', '', '', 19, '', 0, 0, 2, '', NULL, '', NULL, '0000-00-00 00:00:00', '0000-00-00 00:00:00'),
('M016', 'AOC', '195lm00008', '', '', 19, '', 0, 0, 2, '', NULL, '', NULL, '0000-00-00 00:00:00', '0000-00-00 00:00:00'),
('M017', 'LG', 'e1942s', '', '', 19, '', 0, 0, 2, '', NULL, '', NULL, '0000-00-00 00:00:00', '0000-00-00 00:00:00'),
('M018', 'Samsung', 's19f355hnl', '', '', 19, '', 0, 0, 2, '', NULL, '', NULL, '0000-00-00 00:00:00', '0000-00-00 00:00:00'),
('M019', 'LG', '19en33', '', '', 19, '', 0, 0, 2, '', NULL, '', NULL, '0000-00-00 00:00:00', '0000-00-00 00:00:00'),
('M020', 'RCA', 'moni19led', '', '', 19, '', 0, 0, 2, '', NULL, '', NULL, '0000-00-00 00:00:00', '0000-00-00 00:00:00'),
('M021', 'Benq', 'et-0025-b', '', '', 19, '', 0, 0, 2, '', NULL, '', NULL, '0000-00-00 00:00:00', '0000-00-00 00:00:00'),
('M022', 'Benq', 'et-0025-b', '', '', 19, '', 0, 0, 2, '', NULL, '', NULL, '0000-00-00 00:00:00', '0000-00-00 00:00:00'),
('M023', 'Benq', 'et-0025-b', '', '', 19, '', 0, 0, 2, '', NULL, '', NULL, '0000-00-00 00:00:00', '0000-00-00 00:00:00'),
('M024', 'Benq', 'et-0025-b', '', '', 19, '', 0, 0, 2, '', NULL, '', NULL, '0000-00-00 00:00:00', '0000-00-00 00:00:00'),
('M025', 'Benq', 'et-0025-b', '', '', 19, '', 0, 0, 2, '', NULL, '', NULL, '0000-00-00 00:00:00', '0000-00-00 00:00:00'),
('M026', 'Benq', 'et-0025-b', '', '', 19, '', 0, 0, 2, '', NULL, '', NULL, '0000-00-00 00:00:00', '0000-00-00 00:00:00'),
('M027', 'lenovo', 'e2054a', '', '', 20, '', 0, 0, 2, '', NULL, '', NULL, '0000-00-00 00:00:00', '0000-00-00 00:00:00'),
('M028', 'LG', '19en33v', '', '', 19, '', 0, 0, 2, '', NULL, '', NULL, '0000-00-00 00:00:00', '0000-00-00 00:00:00'),
('M029', 'LG', 'w1943se', '', '', 19, '', 0, 0, 2, '', NULL, '', NULL, '0000-00-00 00:00:00', '0000-00-00 00:00:00'),
('M030', 'Benq', 'et-0025-b', '', '', 19, '', 0, 0, 2, '', NULL, '', NULL, '0000-00-00 00:00:00', '0000-00-00 00:00:00'),
('M031', 'LG', 'w1943se', '', '', 19, '', 0, 0, 2, '', NULL, '', NULL, '0000-00-00 00:00:00', '0000-00-00 00:00:00'),
('M032', 'AOC', '195lm00008', '', '', 19, '', 0, 0, 2, '', NULL, '', NULL, '0000-00-00 00:00:00', '0000-00-00 00:00:00'),
('M033', 'LG', 'w1943se', '', '', 19, '', 0, 0, 2, '', NULL, '', NULL, '0000-00-00 00:00:00', '0000-00-00 00:00:00'),
('M034', 'Benq', 'et-0025-b', '', '', 19, '', 0, 0, 2, '', NULL, '', NULL, '0000-00-00 00:00:00', '0000-00-00 00:00:00'),
('M035', 'Benq', 'et-0025-b', '', '', 19, '', 0, 0, 2, '', NULL, '', NULL, '0000-00-00 00:00:00', '0000-00-00 00:00:00'),
('M036', 'Benq', 'et-0025-b', '', '', 19, '', 0, 0, 2, '', NULL, '', NULL, '0000-00-00 00:00:00', '0000-00-00 00:00:00'),
('M037', 'LG', 'e2342v', '', '', 23, '', 0, 0, 2, '', NULL, '', NULL, '2019-11-11 13:26:56', '2019-11-11 16:26:11'),
('M038', 'LG', 'e2342v', '', '', 23, '', 0, 0, 2, '', NULL, '', NULL, '2019-11-11 13:25:44', '2019-11-11 16:23:49'),
('M039', 'LG', 'w1943se', '', '', 19, '', 0, 0, 2, '', NULL, '', NULL, '2019-11-13 12:25:51', '0000-00-00 00:00:00'),
('M040', 'LG', 'w1943se', '', '', 19, '', 0, 0, 2, '', NULL, '', NULL, '2019-11-13 12:25:54', '0000-00-00 00:00:00'),
('M041', 'Benq', 'et-0025-b', '', '', 19, '', 0, 0, 2, '', NULL, '', NULL, '2019-11-13 12:25:57', '0000-00-00 00:00:00'),
('M042', 'Acer', 'v206hql', '', '', 19, '', 0, 0, 2, '', NULL, '', NULL, '0000-00-00 00:00:00', '0000-00-00 00:00:00'),
('M043', 'LG', 'e2242t', '', '', 22, '', 0, 0, 2, '', NULL, '', NULL, '2019-11-13 12:26:01', '0000-00-00 00:00:00'),
('M044', 'LG', '19en33v', '', '', 19, '', 0, 0, 2, '', NULL, '', NULL, '2019-11-13 12:26:10', '0000-00-00 00:00:00'),
('M045', 'Benq', 'et-0025-b', '', '', 19, '', 0, 0, 2, '', NULL, '', NULL, '2019-11-13 12:26:13', '0000-00-00 00:00:00'),
('M046', 'Acer', 'v206hql', '', '', 20, '', 0, 0, 2, '', NULL, '', NULL, '0000-00-00 00:00:00', '0000-00-00 00:00:00'),
('M047', 'LG', '19en33v', '', '', 19, '', 0, 0, 2, '', NULL, '', NULL, '2019-11-13 12:26:18', '0000-00-00 00:00:00'),
('M048', 'AOC', '195lm00008', '', '', 19, '', 0, 0, 2, '', NULL, '', NULL, '0000-00-00 00:00:00', '0000-00-00 00:00:00'),
('M049', 'RCA', 'moni19led', '', '', 19, '', 0, 0, 2, '', NULL, '', NULL, '0000-00-00 00:00:00', '0000-00-00 00:00:00'),
('M050', 'LG', '19en33', '', '', 19, '', 0, 0, 2, '', NULL, '', NULL, '0000-00-00 00:00:00', '0000-00-00 00:00:00'),
('M051', 'Benq', 'et-0025-b', '', '', 19, '', 0, 0, 2, '', NULL, '', NULL, '0000-00-00 00:00:00', '0000-00-00 00:00:00'),
('M052', 'Benq', 'et-0025-b', '', '', 19, '', 0, 0, 2, '', NULL, '', NULL, '0000-00-00 00:00:00', '0000-00-00 00:00:00'),
('M053', 'LG', '19en33', '', '', 19, '', 0, 0, 2, '', NULL, '', NULL, '0000-00-00 00:00:00', '0000-00-00 00:00:00'),
('M054', 'Benq', 'et-0025-b', '', '', 19, '', 0, 0, 2, '', NULL, '', NULL, '0000-00-00 00:00:00', '0000-00-00 00:00:00'),
('M055', 'Benq', 'et-0025-b', '', '', 19, '', 0, 0, 2, '', NULL, '', NULL, '0000-00-00 00:00:00', '0000-00-00 00:00:00'),
('M056', 'RCA', 'moni19led', '', '', 19, '', 0, 0, 2, '', NULL, '', NULL, '0000-00-00 00:00:00', '0000-00-00 00:00:00'),
('M057', 'Benq', 'et-0025-b', '', '', 19, '', 0, 0, 2, '', NULL, '', NULL, '0000-00-00 00:00:00', '0000-00-00 00:00:00'),
('M058', 'Benq', 'et-0025-b', '', '', 19, '', 0, 0, 2, '', NULL, '', NULL, '0000-00-00 00:00:00', '0000-00-00 00:00:00'),
('M059', 'Benq', 'et-0025-b', '', '', 19, '', 0, 0, 2, '', NULL, '', NULL, '0000-00-00 00:00:00', '0000-00-00 00:00:00'),
('M060', 'LG', 'w1943se', '', '', 19, '', 0, 0, 2, '', NULL, '', NULL, '0000-00-00 00:00:00', '0000-00-00 00:00:00'),
('M061', 'AOC', '195lm00008', '', '', 19, '', 0, 0, 2, '', NULL, '', NULL, '0000-00-00 00:00:00', '0000-00-00 00:00:00'),
('M062', 'RCA', 'moni19led', '', '', 19, '', 0, 0, 2, '', NULL, '', NULL, '0000-00-00 00:00:00', '0000-00-00 00:00:00'),
('M063', 'Lenovo', 'e2054a', '', '', 20, '', 0, 0, 2, '', NULL, '', NULL, '0000-00-00 00:00:00', '0000-00-00 00:00:00'),
('M064', 'Benq', 'et-0025-b', '', '', 19, '', 0, 0, 2, '', NULL, '', NULL, '0000-00-00 00:00:00', '0000-00-00 00:00:00'),
('M065', 'LG', 'w1943se', '', '', 19, '', 0, 0, 2, '', NULL, '', NULL, '0000-00-00 00:00:00', '0000-00-00 00:00:00'),
('M066', 'LG', 'w1943se', '', '', 19, '', 0, 0, 2, '', NULL, '', NULL, '0000-00-00 00:00:00', '0000-00-00 00:00:00'),
('M067', 'AOC', '195lm00008', '', '', 19, '', 0, 0, 2, '', NULL, '', NULL, '0000-00-00 00:00:00', '0000-00-00 00:00:00'),
('M068', 'Philips', '190vw', '', '', 19, '', 0, 0, 2, '', NULL, '', NULL, '0000-00-00 00:00:00', '0000-00-00 00:00:00'),
('M069', 'Samsung', 's19f355hnl', '', '', 19, '', 0, 0, 2, '', NULL, '', NULL, '0000-00-00 00:00:00', '0000-00-00 00:00:00'),
('M070', 'Lenovo', 'e2054a', '', '', 20, '', 0, 0, 2, '', NULL, '', NULL, '0000-00-00 00:00:00', '0000-00-00 00:00:00'),
('M071', 'Samsung', 's19f355hnl', '', '', 19, '', 0, 0, 2, '', NULL, '', NULL, '0000-00-00 00:00:00', '0000-00-00 00:00:00'),
('M072', 'Benq', 'et-0025-b', '', '', 19, '', 0, 0, 2, '', NULL, '', NULL, '0000-00-00 00:00:00', '0000-00-00 00:00:00'),
('M073', 'Benq', 'et-0025-b', '', '', 19, '', 0, 0, 2, '', NULL, '', NULL, '0000-00-00 00:00:00', '0000-00-00 00:00:00'),
('M074', 'LG', 'e1942s', '', '', 19, '', 0, 0, 2, '', NULL, '', NULL, '0000-00-00 00:00:00', '0000-00-00 00:00:00'),
('M075', 'Netsys', 'l19w9', '', '', 19, '', 0, 0, 2, '', NULL, '', NULL, '0000-00-00 00:00:00', '0000-00-00 00:00:00'),
('M076', 'Benq', 'et-0025-b', '', '', 19, '', 0, 0, 2, '', NULL, '', NULL, '0000-00-00 00:00:00', '0000-00-00 00:00:00'),
('M077', 'Samsung', 'ls19d300nyczb', '', '', 19, '', 0, 0, 2, '', NULL, '', NULL, '0000-00-00 00:00:00', '0000-00-00 00:00:00'),
('M078', 'Benq', 'et-0025-b', '', '', 19, '', 0, 0, 2, '', NULL, '', NULL, '0000-00-00 00:00:00', '0000-00-00 00:00:00'),
('M079', 'LG', 'e1942s', '', '', 19, '', 0, 0, 2, '', NULL, '', NULL, '0000-00-00 00:00:00', '0000-00-00 00:00:00'),
('M080', 'Benq', 'et-0025-b', '', '', 19, '', 0, 0, 2, '', NULL, '', NULL, '0000-00-00 00:00:00', '0000-00-00 00:00:00'),
('M081', 'Samsung', 's19d300hy', '', '', 19, '', 0, 0, 2, '', NULL, '', NULL, '0000-00-00 00:00:00', '0000-00-00 00:00:00'),
('M082', 'Benq', 'et-0025-b', '', '', 19, '', 0, 0, 2, '', NULL, '', NULL, '0000-00-00 00:00:00', '0000-00-00 00:00:00'),
('M083', 'Benq', 'et-0025-b', '', '', 19, '', 0, 0, 2, '', NULL, '', NULL, '0000-00-00 00:00:00', '0000-00-00 00:00:00'),
('M084', 'LG', 'w1943s', '', '', 19, '', 0, 0, 2, '', NULL, '', NULL, '0000-00-00 00:00:00', '0000-00-00 00:00:00'),
('M085', 'LG', 'w1943s', '', '', 19, '', 0, 0, 2, '', NULL, '', NULL, '0000-00-00 00:00:00', '0000-00-00 00:00:00'),
('M086', 'LG', 'w1943s', '', '', 19, '', 0, 0, 2, '', NULL, '', NULL, '0000-00-00 00:00:00', '0000-00-00 00:00:00'),
('M087', 'LG', 'w1943s', '', '', 19, '', 0, 0, 2, '', NULL, '', NULL, '0000-00-00 00:00:00', '0000-00-00 00:00:00'),
('M088', 'LG', 'w1943s', '', '', 19, '', 0, 0, 2, '', NULL, '', NULL, '0000-00-00 00:00:00', '0000-00-00 00:00:00'),
('M089', 'LG', 'flatron', '', '', 17, '', 0, 0, 2, '', NULL, '', NULL, '0000-00-00 00:00:00', '0000-00-00 00:00:00'),
('M090', 'Acer', 'v206hql', '', '', 19, '', 0, 0, 2, '', NULL, '', NULL, '0000-00-00 00:00:00', '0000-00-00 00:00:00'),
('M091', 'LG', 'w1943se', '', '', 19, '', 0, 0, 2, '', NULL, '', NULL, '0000-00-00 00:00:00', '0000-00-00 00:00:00'),
('M092', 'Benq', 'et-0025-b', '', '', 19, '', 0, 0, 2, '', NULL, '', NULL, '0000-00-00 00:00:00', '0000-00-00 00:00:00'),
('M093', 'Philips', '193v5lhsb2', '', '', 19, '', 0, 0, 2, '', NULL, '', NULL, '0000-00-00 00:00:00', '0000-00-00 00:00:00'),
('M094', 'Samsung', 's19d300hy', '', '', 19, '', 0, 0, 2, '', NULL, '', NULL, '0000-00-00 00:00:00', '0000-00-00 00:00:00'),
('M095', 'Philips', '193v5lhsb2', '', '', 19, '', 0, 0, 2, '', NULL, '', NULL, '0000-00-00 00:00:00', '0000-00-00 00:00:00'),
('M096', 'Acer', 'v206hql', '', '', 19, '', 0, 0, 2, '', NULL, '', NULL, '0000-00-00 00:00:00', '0000-00-00 00:00:00'),
('M097', 'Netsys', 'l19w9', '', '', 19, '', 0, 0, 2, '', NULL, '', NULL, '0000-00-00 00:00:00', '0000-00-00 00:00:00'),
('M098', 'Benq', 'et-0025-b', '', '', 19, '', 0, 0, 2, '', NULL, '', NULL, '0000-00-00 00:00:00', '0000-00-00 00:00:00'),
('M099', 'LG', 'e2244', '', '', 22, '', NULL, NULL, 2, NULL, NULL, NULL, NULL, '2019-11-13 12:26:38', '2019-11-12 20:39:42'),
('M100', 'Acer', 'v206hql', NULL, '', 19, NULL, NULL, NULL, 2, NULL, NULL, NULL, NULL, '2019-11-13 12:16:18', '2019-11-13 15:08:31'),
('M101', 'LG', '19en33', NULL, '', 19, NULL, NULL, NULL, 2, NULL, NULL, NULL, NULL, '2019-11-13 12:16:16', '2019-11-13 15:08:52'),
('M102', 'Netsys', 'l19w9\r\n', NULL, '', 19, NULL, NULL, NULL, 2, NULL, NULL, NULL, NULL, '2019-11-13 12:16:40', '2019-11-13 15:11:22'),
('M103', 'Philips', '193v5lhsb2 Touch', NULL, '', 19, NULL, NULL, NULL, 2, NULL, NULL, NULL, NULL, '2019-11-13 17:30:17', '2019-11-13 15:12:06'),
('M104', 'Benq', 'et-0025-b', NULL, '', 19, NULL, NULL, NULL, 2, NULL, NULL, NULL, NULL, '2019-11-13 17:37:14', '2019-11-13 17:36:29'),
('M105', '', NULL, NULL, '', 14, NULL, NULL, NULL, 2, NULL, NULL, NULL, NULL, '2019-11-13 17:38:26', '2019-11-13 17:36:29'),
('M106', 'LG', 'e1942', NULL, '', 19, NULL, NULL, NULL, 2, NULL, NULL, NULL, NULL, '2019-11-13 17:37:17', '2019-11-13 17:36:29'),
('M107', 'RCA', 'moni19led', NULL, '', 19, NULL, NULL, NULL, 2, NULL, NULL, NULL, NULL, '2019-11-13 17:37:10', '2019-11-13 17:36:29'),
('M108', 'Lenovo', 'e2054a', NULL, '', 19, NULL, NULL, NULL, 2, NULL, NULL, NULL, NULL, '2019-11-13 17:37:06', '2019-11-13 17:36:29'),
('M109', 'Philips', '193v5l', 'ZV0A1917004102', '', 19, NULL, NULL, NULL, 2, NULL, 'OC4422', NULL, NULL, '2019-11-22 18:18:01', '2019-11-22 18:18:01'),
('M110', 'Philips', '193v5l', 'ZV0A1916042067', '', 19, NULL, NULL, NULL, 2, NULL, 'OC4422', NULL, NULL, '2019-11-22 18:21:21', '2019-11-22 18:21:21'),
('M111', 'Philips', '193v5l', 'ZV0A1922005937', '', 19, NULL, NULL, NULL, 2, NULL, NULL, NULL, NULL, '2019-11-22 18:34:48', '2019-11-22 18:34:48'),
('M112', 'Philips', '193v5l', 'ZV0A1922004258', '', 19, NULL, NULL, NULL, 2, NULL, NULL, NULL, NULL, '2019-11-22 18:35:46', '2019-11-22 18:35:46'),
('M113', 'Philips', '193v5l', 'VZ0A1922004267', '', 19, NULL, NULL, NULL, 2, NULL, NULL, NULL, NULL, '2019-11-22 18:36:59', '2019-11-22 18:36:59'),
('M114', 'Philips', '223V', 'ZV0A1936005424', '', 22, NULL, NULL, NULL, 2, NULL, NULL, NULL, NULL, '2020-03-12 17:35:39', '2020-03-12 17:35:39'),
('O001', 'Mikrotik', 'RB750GL', NULL, '10.41.20.1', NULL, NULL, NULL, NULL, 10, NULL, NULL, NULL, NULL, '2020-03-10 11:49:32', '2020-03-10 11:49:32'),
('O002', 'DVR', 'H.264', NULL, '10.41.20.8', NULL, NULL, NULL, NULL, 10, NULL, NULL, NULL, 'DVR con las cámaras de estériles', '2020-03-10 11:55:10', '2020-03-10 11:55:10'),
('O003', 'DVR', 'H.264', NULL, '10.41.20.9', NULL, NULL, NULL, NULL, 10, NULL, NULL, NULL, 'DVR', '2020-03-10 11:58:54', '2020-03-10 11:58:54'),
('O004', 'TRENDNET', 'TEW-651BR', NULL, '10.41.20.20', NULL, NULL, NULL, NULL, 10, NULL, NULL, NULL, 'Router wifi Sistemas', '2020-03-10 12:18:30', '2020-03-10 12:18:30'),
('O005', 'D-Link', 'Air Plus G', NULL, '10.41.20.21', NULL, NULL, NULL, NULL, 10, NULL, NULL, NULL, 'Router wifi Sala de Reuniones', '2020-03-10 12:20:53', '2020-03-10 12:20:53'),
('O006', NULL, NULL, NULL, '10.41.20.119', NULL, NULL, NULL, NULL, 10, NULL, NULL, NULL, 'Lector de huellas en planta', '2020-03-10 12:31:25', '2020-03-10 12:31:25'),
('O007', 'TP-Link', 'NC260', NULL, '10.41.20.227', NULL, NULL, NULL, NULL, 10, NULL, NULL, NULL, 'Cámara ubicada en el comedor', '2020-03-10 12:55:39', '2020-03-10 12:55:39'),
('O009', NULL, NULL, NULL, '10.41.20.135', NULL, NULL, NULL, NULL, 10, NULL, NULL, NULL, 'Lector de huellas en puerta principal', '2020-05-05 18:22:50', '2020-05-05 18:22:50'),
('P008', NULL, NULL, NULL, '10.41.20.195', NULL, NULL, NULL, NULL, 12, NULL, NULL, NULL, NULL, '2020-04-01 17:20:37', '2020-04-01 17:20:37'),
('S001', 'ALLIED TELESIS', 'AT-GS950/16', NULL, '10.41.20.15', NULL, NULL, NULL, NULL, 11, NULL, NULL, NULL, 'Switch ubicado en Sala de Servidores', '2020-03-10 12:07:13', '2020-03-10 12:07:13'),
('S002', 'Cisco SG200-50', NULL, NULL, '10.41.20.16', NULL, NULL, NULL, NULL, 11, NULL, NULL, NULL, 'Switch ubicado en Sala de Servidores 2', '2020-03-10 12:08:57', '2020-03-10 12:08:57'),
('S003', 'Cisco', 'SG200-50', NULL, '10.41.20.17', NULL, NULL, NULL, NULL, 11, NULL, NULL, NULL, 'Switch ubicado en Sala de Servidores 2', '2020-03-10 12:10:25', '2020-03-10 12:10:25'),
('T001', 'PCBOX', NULL, NULL, '10.41.20.96', 10, 'Intel Atom Z3735G', 16, 1, 6, NULL, NULL, NULL, 'En oficina de Sistemas', '2020-01-27 14:53:24', '2020-01-27 14:53:24'),
('T002', 'PCBOX', NULL, NULL, '10.41.20.91', 10, 'Intel Atom Z3735G', 16, 1, 6, NULL, NULL, NULL, 'En oficina de Sistemas', '2020-01-27 14:57:38', '2020-01-27 14:57:38'),
('T003', 'PCBOX', NULL, NULL, '10.41.20.185', 10, 'Intel Atom Z3735G', 16, 1, 6, NULL, NULL, NULL, NULL, '2020-01-27 15:02:34', '2020-01-27 15:02:34'),
('T004', 'PCBOX', NULL, NULL, '10.41.20.188', 10, 'Intel Atom Z3735G', 16, 1, 6, NULL, NULL, NULL, NULL, '2020-01-27 15:10:01', '2020-01-27 15:10:01'),
('T005', 'PCBOX', NULL, NULL, '10.41.20.248', 10, 'Intel Atom Z3735G', 16, 1, 6, NULL, NULL, NULL, NULL, '2020-01-27 16:46:42', '2020-01-27 16:46:42'),
('T006', NULL, NULL, NULL, '10.41.20.249', NULL, NULL, NULL, NULL, 6, NULL, NULL, NULL, 'Micropartículas', '2020-03-10 13:00:10', '2020-03-10 13:00:10'),
('V001', NULL, NULL, NULL, '10.41.20.142', NULL, NULL, NULL, NULL, 8, NULL, NULL, NULL, 'QAD PROD', '2020-03-04 15:00:15', '2020-03-04 15:00:15'),
('V002', NULL, NULL, NULL, '10.41.20.143', NULL, NULL, NULL, NULL, 8, NULL, NULL, NULL, 'QAD PILO', '2020-03-04 15:00:44', '2020-03-04 15:00:44'),
('V003', NULL, NULL, NULL, '10.41.20.145', NULL, NULL, NULL, NULL, 8, NULL, NULL, NULL, 'Veeam One', '2020-03-04 15:03:11', '2020-03-04 15:03:11'),
('V004', NULL, NULL, NULL, '10.41.20.146', NULL, NULL, NULL, NULL, 8, NULL, NULL, NULL, 'Veeam Replication', '2020-03-04 15:04:56', '2020-03-04 15:04:56'),
('V005', NULL, NULL, NULL, '10.41.20.147', NULL, NULL, NULL, NULL, 8, NULL, NULL, NULL, 'Veeam Replication Host 2', '2020-03-04 15:10:01', '2020-03-04 15:10:01'),
('V006', NULL, NULL, NULL, '10.41.20.148', NULL, NULL, NULL, NULL, 8, NULL, NULL, NULL, 'VMWARE VCENTER', '2020-03-04 15:10:47', '2020-03-04 15:10:47'),
('V007', NULL, NULL, NULL, '10.41.20.149', NULL, NULL, NULL, NULL, 8, NULL, NULL, NULL, 'QAD DESA', '2020-03-04 15:11:55', '2020-03-04 15:11:55'),
('V008', NULL, NULL, NULL, '10.41.20.150', NULL, NULL, NULL, NULL, 8, NULL, NULL, NULL, 'VMWARE de E136', '2020-03-04 18:01:54', '2020-03-04 18:01:54'),
('V009', NULL, NULL, NULL, '10.41.20.151', NULL, NULL, NULL, NULL, 8, NULL, NULL, NULL, 'VMWARE de E137', '2020-03-04 18:02:13', '2020-03-04 18:02:13'),
('V010', NULL, NULL, NULL, '10.41.20.200', NULL, NULL, 6, NULL, 8, NULL, NULL, NULL, 'Maquina virtual de invitados', '2020-03-10 12:52:34', '2020-03-10 12:52:34');

-- --------------------------------------------------------

--
-- Estructura de tabla para la tabla `externos`
--

CREATE TABLE `externos` (
  `dni` int(11) NOT NULL,
  `nombre_ext` varchar(50) NOT NULL,
  `apellido_ext` varchar(50) NOT NULL,
  `telefono_ext` varchar(30) DEFAULT NULL,
  `empresa_ext` int(11) NOT NULL,
  `updated_at` timestamp NULL DEFAULT CURRENT_TIMESTAMP ON UPDATE CURRENT_TIMESTAMP,
  `created_at` timestamp NULL DEFAULT '0000-00-00 00:00:00'
) ENGINE=InnoDB DEFAULT CHARSET=latin1;

--
-- Volcado de datos para la tabla `externos`
--

INSERT INTO `externos` (`dni`, `nombre_ext`, `apellido_ext`, `telefono_ext`, `empresa_ext`, `updated_at`, `created_at`) VALUES
(1, 'Hernan', 'Bruno', NULL, 15, '2020-02-26 14:19:54', '2020-02-13 12:51:27'),
(2, 'Nestor', 'Mancilla', '02', 6, '2020-02-26 14:20:01', '2020-02-12 22:25:31'),
(1234, 'Diego', 'Velez', NULL, 1, '2020-02-12 12:33:14', '2020-02-12 12:33:14'),
(11345507, 'Carlos', 'Schneider', NULL, 21, '2020-02-17 14:00:29', '2020-02-17 14:00:29'),
(13043404, 'Pablo', 'Lambarri', '155185071', 10, '2020-02-13 12:25:42', '2020-02-13 12:25:42'),
(28415288, 'Lucila', 'Mas', NULL, 20, '2020-02-26 14:20:16', '2020-02-17 13:55:54'),
(39836643, 'Daniel', 'Schneider', NULL, 7, '2020-02-13 11:34:24', '2020-02-13 11:34:24'),
(42313732, 'Lucas', 'Garcia', NULL, 8, '2020-02-26 14:20:13', '2020-02-13 12:15:45');

-- --------------------------------------------------------

--
-- Estructura de tabla para la tabla `incidentes`
--

CREATE TABLE `incidentes` (
  `id_i` int(11) NOT NULL,
  `descripcion` text NOT NULL,
  `equipamiento` varchar(5) NOT NULL,
  `resuelto` tinyint(4) NOT NULL,
  `solucion` text,
  `updated_at` timestamp NOT NULL DEFAULT CURRENT_TIMESTAMP,
  `created_at` timestamp NOT NULL DEFAULT CURRENT_TIMESTAMP
) ENGINE=InnoDB DEFAULT CHARSET=latin1;

--
-- Volcado de datos para la tabla `incidentes`
--

INSERT INTO `incidentes` (`id_i`, `descripcion`, `equipamiento`, `resuelto`, `solucion`, `updated_at`, `created_at`) VALUES
(22, 'Está lenta', 'E011', 1, 'Se cambió el disco HDD por un SSD', '2019-11-25 11:41:22', '2019-11-25 11:41:22'),
(24, 'Esta lenta', 'E028', 1, 'Se le instaló un disco SSD', '2019-11-26 13:30:31', '2019-11-26 13:30:31'),
(25, 'Está lenta', 'E057', 1, 'Se le cambio la PC', '2019-12-03 19:32:31', '2019-12-03 19:32:31'),
(26, 'Necesita más memoria, fuente hace ruido', 'E100', 1, 'Cambio de fuente, agregar 2GB de memoria', '2019-12-09 18:23:21', '2019-12-09 18:23:21'),
(28, 'Cambio', 'E052', 1, 'Ex Mariano Yudgar. Se restablece para Rocio Racca', '2019-12-10 17:45:56', '2019-12-10 17:45:56'),
(29, 'Lenta', 'E052', 1, 'Se agregó 2 Gb de ram y se instaló disco SSD', '2019-12-10 18:54:35', '2019-12-10 18:54:35'),
(30, 'Se apagó sola en reiteradas ocasiones', 'E042', 1, 'Cambio de PC', '2019-12-13 17:16:05', '2019-12-13 17:16:05'),
(31, 'Cambio', 'E040', 1, 'Ex Rocio Racca. Se reinstaló con disco SSD y se la dió a Anabella', '2019-12-26 20:00:18', '2019-12-26 20:00:18'),
(32, 'Se apaga sola', 'E042', 1, 'Ex Anabella Agüero. Se reinstala para la Guardia', '2019-12-26 20:06:32', '2019-12-26 20:06:32'),
(33, 'Fuente dañada, ventilador frenado', 'E016', 1, 'Se cambió la fuente', '2020-01-02 14:52:35', '2020-01-02 14:52:35'),
(34, 'Se le sacó el disco, para instalar en PC de Darío Meli', 'E011', 1, NULL, '2020-01-02 14:54:13', '2020-01-02 14:54:13'),
(35, 'Está lenta', 'E017', 1, 'Se agregó memoria', '2020-01-02 14:54:45', '2020-01-02 14:54:45'),
(36, 'Está lenta', 'E076', 1, 'Backup y reinstalación de SO', '2020-01-06 14:27:42', '2020-01-06 14:27:42'),
(37, 'Está lenta', 'E020', 1, 'Se saca disco y se pasa al equipo 011', '2020-01-07 14:24:36', '2020-01-07 14:24:36'),
(38, 'Falta memoria', 'E105', 1, 'Se cambió la RAM de 2GB por una de 4GB', '2020-01-30 19:14:24', '2020-01-30 19:14:24'),
(39, 'Lenta', 'E005', 1, 'Se agregó 2 Gb de ram', '2020-02-03 11:45:53', '2020-02-03 11:45:53'),
(40, 'Se quemó', 'M068', 1, 'No tiene solución', '2020-03-06 14:12:13', '2020-03-06 14:12:13'),
(41, 'Se borraron los ssid de todas las redes 28/04', 'H003', 1, NULL, '2020-04-28 16:03:06', '2020-04-28 16:03:06'),
(42, 'Se rompió el soporte del Cooler del micro.', 'E054', 1, 'Se le hizo un arreglo artesanal', '2020-05-04 15:10:04', '2020-05-04 15:10:04'),
(43, 'Hace ruido al imprimir', 'I680', 0, NULL, '2020-05-05 13:23:48', '2020-05-05 13:23:48'),
(44, 'Hace ruido', 'E062', 1, 'Se cambió la fuente', '2020-04-02 11:19:37', '2020-04-02 11:19:37'),
(45, 'Hace pitidos la mothers', 'E062', 1, 'Se cambió la memoria ram', '2020-05-07 12:34:57', '2020-05-07 12:34:57'),
(46, 'Se cambió la clave de Sistemas a 1234 para que cambien las fechas del equipo', 'E035', 0, NULL, '2020-05-08 11:48:53', '2020-05-08 11:48:53'),
(47, 'Hace ruido', 'E018', 1, 'Se le realizó una limpieza', '2020-05-11 12:09:03', '2020-05-11 12:09:03'),
(48, 'Falla', 'M077', 1, 'Se invirtió las conexiones del cable VGA', '2020-05-11 12:41:55', '2020-05-11 12:41:55'),
(49, 'Mensaje \"cambiar tambor\"', 'I673', 0, NULL, '2020-05-12 11:28:04', '2020-05-12 11:28:04'),
(50, 'Se le dio privilegios de administrador a la cuenta LAFEDAR', 'E112', 0, NULL, '2020-05-14 12:01:49', '2020-05-14 12:01:49'),
(51, 'Se le dio privilegios de administrador a la cuenta Usuario-', 'E044', 0, NULL, '2020-05-14 12:03:53', '2020-05-14 12:03:53');

-- --------------------------------------------------------

--
-- Estructura de tabla para la tabla `jefe_area`
--

CREATE TABLE `jefe_area` (
  `id_ja` int(11) NOT NULL,
  `jefe` int(10) NOT NULL,
  `area` varchar(3) NOT NULL
) ENGINE=InnoDB DEFAULT CHARSET=latin1;

--
-- Volcado de datos para la tabla `jefe_area`
--

INSERT INTO `jefe_area` (`id_ja`, `jefe`, `area`) VALUES
(5, 89, 'aco'),
(6, 89, 'pes'),
(7, 89, 'lse'),
(8, 26, 'sis'),
(9, 48, 'aco'),
(10, 48, 'asr'),
(11, 48, 'cca'),
(12, 48, 'coe'),
(13, 48, 'com'),
(14, 48, 'con'),
(15, 48, 'cos'),
(16, 48, 'der'),
(17, 48, 'des'),
(18, 48, 'dir'),
(19, 48, 'dis'),
(20, 48, 'fac'),
(21, 48, 'gca'),
(22, 48, 'gua'),
(23, 48, 'ing'),
(24, 48, 'lse'),
(25, 48, 'mae'),
(26, 48, 'man'),
(27, 48, 'mic'),
(28, 48, 'ope'),
(29, 48, 'pag'),
(30, 48, 'per'),
(31, 48, 'pes'),
(33, 48, 'pla'),
(34, 48, 'pre'),
(35, 48, 'pro'),
(36, 48, 'rec'),
(37, 48, 'reh'),
(38, 48, 'sis'),
(39, 48, 'sol'),
(40, 48, 'srs'),
(42, 48, 'val'),
(43, 48, 'ven'),
(45, 76, 'des'),
(46, 46, 'aco'),
(47, 46, 'asr'),
(48, 46, 'cca'),
(49, 46, 'coe'),
(50, 46, 'com'),
(51, 46, 'con'),
(52, 46, 'cos'),
(53, 46, 'der'),
(54, 46, 'des'),
(55, 46, 'dir'),
(56, 46, 'dis'),
(57, 46, 'fac'),
(58, 46, 'gca'),
(59, 46, 'gua'),
(60, 46, 'ing'),
(61, 46, 'lse'),
(62, 46, 'mae'),
(63, 46, 'man'),
(64, 46, 'mic'),
(65, 46, 'ope'),
(66, 46, 'pag'),
(67, 46, 'per'),
(68, 46, 'pes'),
(70, 46, 'pla'),
(71, 46, 'pre'),
(72, 46, 'pro'),
(73, 46, 'rec'),
(74, 46, 'reh'),
(75, 46, 'sis'),
(76, 46, 'sol'),
(77, 46, 'srs'),
(79, 46, 'val'),
(80, 46, 'ven'),
(81, 77, 'des'),
(82, 58, 'asr'),
(83, 57, 'com'),
(84, 85, 'der'),
(85, 75, 'mae'),
(86, 70, 'aco'),
(88, 55, 'asr'),
(90, 94, 'pla'),
(91, 40, 'sis'),
(92, 61, 'mic'),
(93, 61, 'cca'),
(94, 73, 'gca'),
(95, 96, 'sol'),
(96, 1139, 'cca'),
(97, 1151, 'act'),
(98, 89, 'act'),
(99, 70, 'act'),
(100, 46, 'act'),
(101, 48, 'act'),
(102, 78, 'mic'),
(103, 45, 'con'),
(104, 45, 'fac'),
(105, 45, 'pag'),
(106, 43, 'coe'),
(107, 40, 'ind'),
(108, 46, 'ind'),
(109, 48, 'ind'),
(110, 40, 'com'),
(112, 36, 'ven'),
(115, 55, 'cca'),
(116, 55, 'des'),
(117, 55, 'gca'),
(118, 55, 'ing'),
(119, 55, 'pro'),
(120, 41, 'ope'),
(121, 1134, 'der'),
(123, 71, 'dee'),
(124, 48, 'dee'),
(125, 86, 'dee'),
(126, 71, 'der'),
(127, 46, 'dee'),
(128, 71, 'pro'),
(129, 71, 'man'),
(130, 71, 'pla'),
(133, 91, 'lse'),
(134, 48, 'lsn'),
(135, 46, 'lsn'),
(136, 67, 'lsn'),
(137, 89, 'lst'),
(138, 46, 'lst'),
(139, 91, 'lst'),
(140, 48, 'lst'),
(141, 1262, 'lst'),
(142, 1263, 'lnt'),
(143, 67, 'lnt'),
(144, 48, 'lnt'),
(145, 46, 'lnt'),
(146, 89, 'lnt'),
(148, 81, 'man'),
(149, 69, 'pes'),
(150, 79, 'ing'),
(151, 1318, 'sot'),
(152, 46, 'sot'),
(153, 48, 'sot'),
(154, 96, 'sot'),
(155, 89, 'sot'),
(156, 68, 'val'),
(157, 73, 'val'),
(158, 39, 'ven'),
(159, 71, 'aco'),
(160, 71, 'act'),
(161, 71, 'lnt'),
(162, 71, 'lse'),
(163, 71, 'lsn'),
(164, 71, 'lst'),
(165, 71, 'pes'),
(166, 41, 'coe'),
(167, 41, 'ven'),
(168, 36, 'coe'),
(171, 48, 'dit'),
(172, 46, 'dit'),
(173, 31, 'aco'),
(174, 31, 'act'),
(175, 31, 'asr'),
(176, 31, 'cca'),
(177, 31, 'coe'),
(178, 31, 'com'),
(179, 31, 'con'),
(180, 31, 'cos'),
(181, 31, 'dee'),
(182, 31, 'der'),
(183, 31, 'des'),
(184, 31, 'dir'),
(185, 31, 'dis'),
(186, 31, 'dit'),
(187, 31, 'fac'),
(188, 31, 'gca'),
(189, 31, 'ind'),
(190, 31, 'ing'),
(191, 31, 'lnt'),
(192, 31, 'lse'),
(193, 31, 'lsn'),
(194, 31, 'lst'),
(195, 31, 'mae'),
(196, 31, 'man'),
(197, 31, 'mar'),
(198, 31, 'mic'),
(199, 31, 'ope'),
(200, 31, 'pag'),
(201, 31, 'per'),
(202, 31, 'pes'),
(203, 31, 'pla'),
(204, 31, 'pre'),
(205, 31, 'pro'),
(206, 31, 'rec'),
(207, 31, 'reh'),
(208, 31, 'sis'),
(209, 31, 'sol'),
(210, 31, 'sot'),
(211, 31, 'srs'),
(212, 31, 'val'),
(213, 31, 'ven'),
(214, 89, 'lsn'),
(215, 64, 'ari'),
(216, 48, 'ari'),
(217, 55, 'ari'),
(218, 46, 'ari'),
(219, 71, 'der'),
(220, 71, 'sol'),
(221, 71, 'sot'),
(222, 71, 'ari'),
(223, 36, 'mar'),
(224, 46, 'mar'),
(225, 48, 'mar'),
(226, 55, 'dis'),
(228, 55, 'cos');

-- --------------------------------------------------------

--
-- Estructura de tabla para la tabla `migrations`
--

CREATE TABLE `migrations` (
  `id` int(10) UNSIGNED NOT NULL,
  `migration` varchar(255) COLLATE utf8mb4_unicode_ci NOT NULL,
  `batch` int(11) NOT NULL
) ENGINE=InnoDB DEFAULT CHARSET=utf8mb4 COLLATE=utf8mb4_unicode_ci;

--
-- Volcado de datos para la tabla `migrations`
--

INSERT INTO `migrations` (`id`, `migration`, `batch`) VALUES
(4, '2018_12_04_002029_crear_agenda_usuarios', 3),
(5, '2014_10_12_000000_create_users_table', 4),
(6, '2014_10_12_100000_create_password_resets_table', 4),
(7, '2018_12_03_222156_crear_agenda', 4);

-- --------------------------------------------------------

--
-- Estructura de tabla para la tabla `mi_agenda`
--

CREATE TABLE `mi_agenda` (
  `id` int(10) UNSIGNED NOT NULL,
  `nombre` varchar(100) COLLATE utf8mb4_unicode_ci NOT NULL,
  `apellido` varchar(100) COLLATE utf8mb4_unicode_ci DEFAULT NULL,
  `empresa` varchar(50) COLLATE utf8mb4_unicode_ci DEFAULT NULL,
  `direccion` varchar(200) COLLATE utf8mb4_unicode_ci DEFAULT NULL,
  `interno` int(11) DEFAULT NULL,
  `celular` varchar(150) COLLATE utf8mb4_unicode_ci DEFAULT NULL,
  `telefono` varchar(40) COLLATE utf8mb4_unicode_ci DEFAULT NULL,
  `correo` varchar(50) COLLATE utf8mb4_unicode_ci DEFAULT NULL,
  `creador` int(11) DEFAULT NULL,
  `modificador` int(11) DEFAULT NULL,
  `created_at` timestamp NULL DEFAULT NULL,
  `updated_at` timestamp NULL DEFAULT NULL
) ENGINE=InnoDB DEFAULT CHARSET=utf8mb4 COLLATE=utf8mb4_unicode_ci;

--
-- Volcado de datos para la tabla `mi_agenda`
--

INSERT INTO `mi_agenda` (`id`, `nombre`, `apellido`, `empresa`, `direccion`, `interno`, `celular`, `telefono`, `correo`, `creador`, `modificador`, `created_at`, `updated_at`) VALUES
(156, 'Dr. Leonardo', 'Fulone', 'LABORATORIOS FINADIET', NULL, 0, NULL, '011 – 49815644', NULL, 6, 6, NULL, '2019-09-17 18:41:52'),
(157, 'Corujo', ' Martin', ' LABORATORIOS LIA', '', 0, '', '011 – 4200 5389 ', '', 6, 6, NULL, NULL),
(158, 'Diaz', ' Pablo', ' LABORATORIOS LIA', '', 0, '', '', '', 6, 6, NULL, NULL),
(159, 'Renzulli', ' Claudio', ' LABORATORIOS LIA', '', 0, '', '011 – 51956092', '', 6, 6, NULL, NULL),
(160, 'Zapata', ' Franco', ' LABORATORIOS LIA', '', 0, '', '011 – 4721 1200 ', '', 6, 6, NULL, NULL),
(161, 'Huber Mario', '', ' OBRAS INGENIERIAS', '', 0, '', '0342- 4531080', '', 6, 6, NULL, NULL),
(162, 'Cesar', '', '(ESPOSA DE CABRERA)', '', 0, '', '4353843', '', 6, 6, NULL, NULL),
(163, 'Ruberto', ' Rubén Omar (Dermatólogo)', '9 de Julio 329', '', 0, '', '431 10 26', '', 6, 6, NULL, NULL),
(164, 'Benitez', ' Marcos', 'ABEL SANTOS Y ASOCIADOS', '', 0, '', '011 – 5236 7043 al 46', '', 6, 6, NULL, NULL),
(165, 'Benitez', ' Marcos', 'ABEL SANTOS Y ASOCIADOS', '', 0, '', '011 – 5236 7043 al 46', '', 6, 6, NULL, NULL),
(166, 'Debora', '', 'ABEL SANTOS Y ASOCIADOS', '', 0, '', '011 – 52367042', '', 6, 6, NULL, NULL),
(167, 'DiCamillo', ' Dario', 'ABEL SANTOS Y ASOCIADOS', '', 0, '', '011 – 5236 7043 al 46', '', 6, 6, NULL, NULL),
(168, 'Santos', ' Abel', 'ABEL SANTOS Y ASOCIADOS', '', 0, '', '011 – 5236 7043 al 46/011-1557212855', '', 6, 6, NULL, NULL),
(169, 'Santos', ' Daniel', 'ABEL SANTOS Y ASOCIADOS', '', 0, '', '011 – 5236 7043 al 46/011-1557212858', '', 6, 6, NULL, NULL),
(170, 'Bianchi', ' Veronica', 'ABERTURAS VALENTINUZ', '', 0, '', '4261718', '', 6, 6, NULL, NULL),
(171, 'Berdaner', ' Alberto', 'ABOGADO GRAMON', '', 0, '', '011 – 5238 0072 / 77', '', 6, 6, NULL, NULL),
(172, 'Luna', ' Rodolfo (Tonto)', 'ACEROS LUCENOX', '', 0, '', '424 39 49', '', 6, 6, NULL, NULL),
(173, '', '', 'ACTIER', '', 0, '', '4840950/1', '', 6, 6, NULL, NULL),
(174, 'Raymundo', '', 'ADE', '', 0, '', '4-224669/4-319358', '', 6, 6, NULL, NULL),
(175, 'Catanea', ' Cristian', 'ADIFAR', '', 0, '', '011 – 4953 4459', '', 6, 6, NULL, NULL),
(176, 'Martin', '', 'ADRIÁN MERCADO S.A.', '', 0, '', '', '', 6, 6, NULL, NULL),
(177, 'Mercado', ' Adrián ', 'ADRIÁN MERCADO S.A.', '', 0, '', '011 –  4343-9893', '', 6, 6, NULL, NULL),
(178, 'Mignone', ' Marcelo', 'ADUANA BUENOS AIRES', '', 0, '', '011 – 4347 4085 ', '', 6, 6, NULL, NULL),
(179, 'Campagnaro', ' Rodolfo', 'ADUANA PARANÁ', '', 0, '', '4311770 / 6473 / 9608', '', 6, 6, NULL, NULL),
(180, 'Aeropuerto Sauce Viejo', '', 'AEROPUERTO (Sauce Viejo)', '', 0, '', '0342 – 4995111', '', 6, 6, NULL, NULL),
(181, '', '', 'AEROTAXI', '', 0, '', '156 212 000', '', 6, 6, NULL, NULL),
(182, 'Malvestiti ', '', 'AHIM S.A.', '', 0, '', '011 – 43814994', '', 6, 6, NULL, NULL),
(183, 'María Julia', '', 'AIR LIQUID', '', 0, '', '0342 – 4892650', '', 6, 6, NULL, NULL),
(184, 'Andrea', 'Faisal', 'UIER', NULL, 0, '154 594 849', '4217577 / 4231152', 'andreafaisal2@gmail.com', 6, 6, NULL, '2019-09-17 18:48:14'),
(185, 'Albornoz', ' Ignacio', 'ALBORNOZ, DESIMONE & ASOCIADOS', '', 0, '', '011 – 4771 2136', '', 6, 6, NULL, NULL),
(186, 'Guimarey', ' Betania', 'ALBORNOZ, DESIMONE & ASOCIADOS', '', 0, '', '011 – 4771 2136', '', 6, 6, NULL, NULL),
(187, 'Alfil Andina (PERU)', '', 'ALFIL ANDINA (PERU)', '', 0, '', '00 511 2070 7030', '', 6, 6, NULL, NULL),
(188, 'Chirinos', ' Oscar', 'ALFIL ANDINA (PERU)', '', 0, '', '00 511 2070 7030', '', 6, 6, NULL, NULL),
(189, 'Juan Carlos', '', 'ALMA TEC', '', 0, '', '011 – 6091 9602 / 011 – 4295 1633/4924 6', '', 6, 6, NULL, NULL),
(190, 'Graff', ' Marcelo', 'ALPINA', '', 0, '', '4365451', '', 6, 6, NULL, NULL),
(191, 'Banini', ' Alfredo ', 'ALUEX', '', 0, '', '03327 – 445510 al 14/20', '', 6, 6, NULL, NULL),
(192, 'Lartigue', ' José María', 'ALUM FOIL', '', 0, '', '011 – 5433 0300 / 0303', '', 6, 6, NULL, NULL),
(193, 'American Express', '', 'American Express', '', 0, '', '0810 444 4653', '', 6, 6, NULL, NULL),
(194, 'American Express Coorporate', '', 'American Express', '', 0, '', '0810 777 7474', '', 6, 6, NULL, NULL),
(195, 'Moccia', ' Leandro', 'amigo Lic.', '', 0, '', '011 – 154 479 0222', '', 6, 6, NULL, NULL),
(196, 'Jolibois Leandro', '', 'ANDROMACO', '', 0, '', '011 – 4021 6000 ', '', 6, 6, NULL, NULL),
(197, 'Nasuti', ' Eduardo', 'ANDROMACO', '', 0, '', '', '', 6, 6, NULL, NULL),
(198, 'Ortiz', ' Federico', 'ANDROMACO', '', 0, '', '011 – 4021 6000', '', 6, 6, NULL, NULL),
(199, 'Retamoso', ' Fernanda', 'ANDROMACO', '', 0, '', '011 – 4021 6000', '', 6, 6, NULL, NULL),
(200, 'Rodriguez Ruiz', ' Javier', 'ANDROMACO', '', 0, '', '011 – 4021 6000 / 4021 6269 (Vanesa – Se', '', 6, 6, NULL, NULL),
(201, 'Ullota', ' Fernando', 'ANDROMACO', '', 0, '', '011 – 4021 6000 /(011) 1549272356', '', 6, 6, NULL, NULL),
(202, 'Mogliani', ' Martin', 'ANDROMACO', '', 0, '', '011 - 40216000', '', 6, 6, NULL, NULL),
(203, 'Vanesa (Secre Rodriguez Ruiz)', '', 'ANDROMACO', '', 0, '', '011 – 4021 6269', '', 6, 6, NULL, NULL),
(204, 'Gonzalez Lopez', ' Miguel Angel (Cr. )', 'ANDROMACO (Gte. Financiero)', '', 0, '', '011 – 4021 6000 / ', '', 6, 6, NULL, NULL),
(205, 'Dra. Andrea', 'Ricciutti', 'INAME', NULL, 0, NULL, '011-43400800', NULL, 6, 6, NULL, '2019-10-02 22:48:49'),
(206, 'Eichorn', ' Santiago', 'ANMAT', '', 0, '', '011 -  4340 0800', '', 6, 6, NULL, NULL),
(207, 'Escoriansi', ' José', 'ANMAT', '', 0, '', '0311 – 4340 0800', '', 6, 6, NULL, NULL),
(208, 'Gugliani', ' Ma. Del Carmen', 'ANMAT', '', 0, '', '(Int.1143 – 1144)', '', 6, 6, NULL, NULL),
(209, 'Paez', ' Carolina', 'ANMAT', '', 0, '', '011 – 43400800', '', 6, 6, NULL, NULL),
(210, 'Rodriguez', ' Gisela (Dpto de Registros)', 'ANMAT', '', 0, '', '011 – 4340 0800 ', '', 6, 6, NULL, NULL),
(211, 'Arispe', ' Gabriela', 'APICANA', '', 0, '', '4319678', '', 6, 6, NULL, NULL),
(212, 'Cecilia', '', 'APICES', '', 0, '', '', '', 6, 6, NULL, NULL),
(213, 'Ulises', '', 'APICES', '', 0, '', '4235686', '', 6, 6, NULL, NULL),
(214, '', '', 'APM PARANA', '', 0, '', '4316507', '', 6, 6, NULL, NULL),
(215, 'Santarelli', ' Eduardo', 'ARCANO', '', 0, '', '011 – 4922 9650 / 469', '', 6, 6, NULL, NULL),
(216, '', '', 'ARCANO', '', 0, '', '011 – 4922 9650 / 469', '', 6, 6, NULL, NULL),
(217, '', '', 'ARGENSOLD', '', 0, '', '011-46993788/2480', '', 6, 6, NULL, NULL),
(218, 'Ricci', ' Rita', 'ARGENTIA (DT)', '', 0, '', '011 – 5296 9363/51 / 56 (Lujan)', '', 6, 6, NULL, NULL),
(219, 'Etchenique', ' Esteban', 'ARGENTIA (Gte. General)', '', 0, '', '011 – 5296 9363 / 51 / 56   -   5296 935', '', 6, 6, NULL, NULL),
(220, 'Garcia', ' Jenny', 'ARIFARMA', '', 0, '', '', '', 6, 6, NULL, NULL),
(221, 'Ramos', ' Nelson', 'ARIFARMA', '', 0, '', '00 5934 200 2994 / 00 5934 238 3842 (Cas', '', 6, 6, NULL, NULL),
(222, 'Bacu', 'Jorge', 'AROMAS (Grella 1656)', NULL, 0, '154538081', '4242100', NULL, 6, 6, NULL, '2019-06-19 18:18:39'),
(223, 'Ridolfi Eduardo', '', 'ARQUITECTO', '', 0, '', '4354042', '', 6, 6, NULL, NULL),
(224, 'Rosembrock', ' Agustin', 'ARQUITECTO', '', 0, '', '', '', 6, 6, NULL, NULL),
(225, 'Rosembrock', ' Andres', 'ARQUITECTO', '', 0, '', '0343-154687987', '', 6, 6, NULL, NULL),
(226, 'Soto', ' Monica', 'ASA FARMA', '', 0, '', '011 – 4952 8865', '', 6, 6, NULL, NULL),
(227, 'Ezequiel', '', 'ASA S.R.L.', '', 0, '', '0341 – 518 1122 / 25 / 26  ', '', 6, 6, NULL, NULL),
(228, 'Labath', ' Andres (Contador)', 'ASCENSORES DEL PLATA', '', 0, '', '154 595 982', '', 6, 6, NULL, NULL),
(229, 'Brogno', '', 'ASFAR', '', 0, '', '011 – 4343 6800 / 7714', '', 6, 6, NULL, NULL),
(230, 'Manzur', ' Labib', 'ASPENPHARMA LTD (El Libano)', '', 0, '', '00961 33 6084000 / 011 – 156 184 71 41', '', 6, 6, NULL, NULL),
(231, '', '', 'ASPHAR S.R.L.', '', 0, '', '(011)4-3436800/4-3437744', '', 6, 6, NULL, NULL),
(232, '', '', 'ASPRIUS', '', 0, '', '011 – 4554 1782', '', 6, 6, NULL, NULL),
(233, 'Carriles', ' Gustavo', 'ASTRAZENECA', '', 0, '', '011 – 4460 9100', '', 6, 6, NULL, NULL),
(234, 'Lescano', 'Hector', 'Metalurgica', NULL, 0, '156233156', NULL, NULL, 6, 6, NULL, '2019-06-03 19:16:33'),
(235, 'Oleada', ' Natalia (Secre Bassetto)', 'ASTRAZENECA', '', 0, '', '011 – 4460 9100', '', 6, 6, NULL, NULL),
(236, 'Penaccio (ex Bassetto', ' Andres) ', 'ASTRAZENECA', '', 0, '', '011 – 44609153 ó 54', '', 6, 6, NULL, NULL),
(237, 'Peuriot', ' Fernando', 'ASTRAZENECA', '', 0, '', '011 – 4460 9180', '', 6, 6, NULL, NULL),
(238, 'Risso', ' Pablo', 'ASTRAZENECA', '', 0, '', '011 – 44609216', '', 6, 6, NULL, NULL),
(239, 'Yanina (Secre de Risso)', '', 'ASTRAZENECA', '', 0, '', '011 – 44609212', '', 6, 6, NULL, NULL),
(240, '', '', 'ASTRAZENECA', '', 0, '', '011 – 4460 9100', '', 6, 6, NULL, NULL),
(241, 'Duerto', 'Omar', NULL, NULL, 0, '156225088', NULL, NULL, 6, 6, NULL, '2019-09-17 18:49:39'),
(242, 'Ponce', ' Mariela', 'ATSA', '', 0, '', '4230029 / 4231466', '', 6, 6, NULL, NULL),
(243, 'Gargiulo', ' Federico', 'AUDI NORDEN ', '', 0, '', '011 - 4798 8000', '', 6, 6, NULL, NULL),
(244, 'Mattiacci', ' Roberto', 'AUTOELEVADORES', '', 0, '', '4363253', '', 6, 6, NULL, NULL),
(245, 'Autovisiones AUDI', '', 'Autovisiones AUDI', '', 0, '', '011 – 4786 9686', '', 6, 6, NULL, NULL),
(246, 'Casenave', ' Martin', 'Autovisiones AUDI', '', 0, '', '011 – 4786 9204', '', 6, 6, NULL, NULL),
(247, 'Gerencia', '', 'Autovisiones AUDI', '', 0, '', '011 – 4786 9686', '', 6, 6, NULL, NULL),
(248, 'Gigler', ' Carlos', 'Autovisiones AUDI', '', 0, '', '011 – 4786 9204', '', 6, 6, NULL, NULL),
(249, 'Taller Audi (Fabiana)', '', 'Autovisiones AUDI', '', 0, '', '011 4786 9204', '', 6, 6, NULL, NULL),
(250, 'Taller Audi (Martin Ozinalde)', '', 'Autovisiones AUDI', '', 0, '', '011 4786 9204', '', 6, 6, NULL, NULL),
(251, 'Castaña', ' Adriana', 'BAGO BUENOS AIRES', '', 0, '', '011 – 43442000', '', 6, 6, NULL, NULL),
(252, 'Etchevarne', ' Maria', 'BAGO BUENOS AIRES', '', 0, '', '011 – 43442000', '', 6, 6, NULL, NULL),
(253, 'Gabriela / Teresita', '', 'BAGO PARANA', '', 0, '', '4233809 / 4319074 / 4219682 ', '', 6, 6, NULL, NULL),
(254, 'BAGÓ', 'PARANÁ', 'BAGÓ PARANÁ', NULL, 0, NULL, '4233809 / 4319074 / 4219682', NULL, 6, 6, NULL, '2019-09-04 16:20:48'),
(255, 'Zúbia', ' Victoria', 'BANCO BICE BUENOS AIRES', '', 0, '', '011 – 4317 6900', '', 6, 6, NULL, NULL),
(256, 'Bolzán', ' Sergio / Leiva Anahí', 'BANCO BICE PARANA', '', NULL, '', '4310629 / 33', '', 6, 6, NULL, NULL),
(257, 'Bice', 'bice', 'BANCO BICE ROSARIO', NULL, NULL, NULL, '0341 – 5277507', NULL, 6, 6, NULL, '2019-07-25 22:57:50'),
(258, 'Susana', 'Sojes', 'BANCO CITY', '', NULL, '', '4201504', '', 6, 6, NULL, NULL),
(260, 'Ricardo', ' Ahumada', 'BANCO CREDICOOP', '', NULL, '', '4313986 / 4314683', '', 6, 6, NULL, NULL),
(261, 'Jorge', ' Grosso', 'BANCO CREDICOOP', '', NULL, '', '4313986 / 4314683', '', 6, 6, NULL, NULL),
(262, 'Olivo', ' Laura (Leasing)', 'BANCO CREDICOOP', '', NULL, '', '011 – 4320 5000', '', 6, 6, NULL, NULL),
(263, 'Rodolfo', 'Schafnne', 'BANCO CREDICOOP', NULL, NULL, NULL, '4313986 / 4314683 Int. 108 / 155126156', NULL, 6, 39, NULL, '2020-02-11 15:49:26'),
(264, 'Vanina', 'Orlando', 'BANCO CREDICOOP', NULL, NULL, NULL, '4313986  int 112 / 4314683', NULL, 6, 39, NULL, '2020-02-07 15:04:38'),
(265, '', '', 'BANCO CREDICOOP BUENOS AIRES', '', NULL, '', '011 – 43205000', '', 6, 6, NULL, NULL),
(266, 'Horacio', ' Piceda', 'BANCO FRANCES', '', 0, '', '4230225', '', 6, 6, NULL, NULL),
(267, 'Adrián', 'Brener', 'BANCO FRANCÉS', '', 0, '', '4230225 / 4232418', '', 6, 6, NULL, NULL),
(268, 'Angela', 'Saldaña', 'BANCO FRANCÉS', '', 0, '', '4230225 / 4232418', '', 6, 6, NULL, NULL),
(269, 'Alejandro', 'Bertucci', 'BANCO FRANCÉS (STA FÉ)', '', 0, '', '0342 – 4101420', '', 6, 6, NULL, NULL),
(270, 'Juan Carlos', 'Grosso', 'BANCO FRANCÉS (STA FÉ)', '', 0, '', '0342 – 4101420', '', 6, 6, NULL, NULL),
(271, 'Marisa', 'Santa Fe', 'BANCO FRANCÉS (STA FÉ)', NULL, 747706, NULL, '0342 – 4101420', NULL, 6, 6, NULL, '2019-09-02 16:08:06'),
(272, 'Diego', 'Repeto', 'BANCO FRANCÉS (STA FÉ)', '', 0, '', '0342 – 4101420', '', 6, 6, NULL, NULL),
(273, 'Leonardo', 'Serfatti', 'BANCO FRANCÉS (STA FÉ)', '', 0, '', '0342 – 4101420', '', 6, 6, NULL, NULL),
(274, 'BancoHSBC ', '', 'BANCO HSBC ', '', 0, '', '4230 637', '', 6, 6, NULL, NULL),
(275, 'Andres', '', 'BARBARELLA', '', 0, '', 'Pilar', '', 6, 6, NULL, NULL),
(276, 'José Luis', 'Delia', 'BARBARELLA', '', 0, '', '02304 – 441201', '', 6, 6, NULL, NULL),
(277, 'Ana María', 'Dutra', 'BARBARELLA', '', 0, '', '0230 – 4496517/4441201/467691', '', 6, 6, NULL, NULL),
(278, 'barreiro silvia (dra.)', '', 'BARREIRO Y ASOCIADOS', '', 0, '', '(011)48122137 / 45675386  (fax)', '', 6, 6, NULL, NULL),
(279, 'BARREIRO Y ASOCIADOS', '', 'BARREIRO Y ASOCIADOS', '', 0, '', '011-48122137', '', 6, 6, NULL, NULL),
(280, 'Mauro', 'Colangelo', 'BAYTON', '', 0, '', '', '', 6, 6, NULL, NULL),
(281, 'Hugo', 'Balbuena', NULL, NULL, 0, '1169651949', NULL, NULL, 6, 6, NULL, '2019-08-07 14:59:57'),
(282, '', '', 'BELLALUCCE', '', 0, '', '4244704', '', 6, 6, NULL, NULL),
(283, '', '', 'BERSA', '', 0, '', '4237722 al 25', '', 6, 6, NULL, NULL),
(284, 'Osvaldo', 'Olivera', 'BERTELLOTTI Y OLIVERA', NULL, 0, '011-1541802324', '011 – 4878 3323 / 24', NULL, 6, 6, NULL, '2019-09-18 19:43:54'),
(285, 'Duberne', ' Diego', 'BERTOLOCHINI', '', 0, '', '', '', 6, 6, NULL, NULL),
(286, 'Firpo', ' Andrea', 'BEST PHARMA CHILE', '', 0, '', '', '', 6, 6, NULL, NULL),
(287, 'Saics', ' Carlos', 'BEST PHARMA CHILE', '', 0, '', '00 56 223 870 752', '', 6, 6, NULL, NULL),
(288, 'Bieler (MERCEDES BENZ)', '', 'BIELER SANTA FE', '', 0, '', '0342 – 4561191  (Servicios: Int. 24 / Ge', '', 6, 6, NULL, NULL),
(289, 'Germán', '', 'BIELER SANTA FE', '', 0, '', '0342 – 4561191', '', 6, 6, NULL, NULL),
(290, 'Javier', '', 'BIELER SANTA FE', '', 0, '', '0342 – 4561191', '', 6, 6, NULL, NULL),
(291, 'Ceijas', ' German', 'BIO ESANCO', '', 0, '', '0351 – 156 663022', '', 6, 6, NULL, NULL),
(292, 'Claro', ' Arnoldo', 'BIOFAR', '', 0, '', '0362 – 4441212 (Opc. 4) ', '', 6, 6, NULL, NULL),
(293, 'Francolino', ' Franco', 'BIOL', '', 0, '', '011 – 4953 7215 / 17', '', 6, 6, NULL, NULL),
(294, 'Galmarini', ' Julio', 'BIOL', '', 0, '', '011 – 4953 7215/17', '', 6, 6, NULL, NULL),
(295, 'Martinez', ' Anabella', 'BIOL (DT)', '', 0, '', '011 – 4255 1040 / 4237 0027', '', 6, 6, NULL, NULL),
(296, 'Claro', '', 'BIOMED (CHACO)', '', 0, '', '03722 – 441212 / 29', '', 6, 6, NULL, NULL),
(297, 'Sr. Claro', '', 'BIOMED (Chaco)', '', 0, '', '03722 – 441212 / 29', '', 6, 6, NULL, NULL),
(298, 'Serrano', ' Jorge', 'BIONFAN (CÑIA. LTDA.)', '', 0, '', '00 593 22 4466 60', '', 6, 6, NULL, NULL),
(299, '', '', 'BIOPHARM', '', 0, '', '03722 – 441212 / 29', '', 6, 6, NULL, NULL),
(300, '', '', 'BIOPHARM', '', 0, '', '03722 – 441212/29', '', 6, 6, NULL, NULL),
(301, 'Acebal', ' Silvina', 'BIOQUIMICA', '', 0, '', '4-226752', '', 6, 6, NULL, NULL),
(302, '', '', 'BIOSEUTICA S.A.', '', 0, '', '011 – 48363317', '', 6, 6, NULL, NULL),
(303, '', '', 'BIOSÉUTICA S.A.', '', 0, '', '011 – 4836 3317', '', 6, 6, NULL, NULL),
(304, 'Turquia', ' Diego', 'BIOSINTEX', '', 0, '', '011 – 4301 2251 / 43018687', '', 6, 6, NULL, NULL),
(305, 'Levandosky', ' Mauricio', 'BIOSINTEX OFAR', '', 0, '', '011 – 4301 8687', '', 6, 6, NULL, NULL),
(306, 'Levandosky', ' Silvio', 'BIOSINTEX OFAR', '', 0, '', '011 – 4301 8687', '', 6, 6, NULL, NULL),
(307, 'Fechino', ' Carlos (Presidente)', 'BLIPACK', '', 0, '', '(011) 41367225 – 44882990 – 467113927/25', '', 6, 6, NULL, NULL),
(308, 'Migliorissi', ' Norberto', 'BOLIVIA', '', 0, '', '00591 – 333341201 / 333341199', '', 6, 6, NULL, NULL),
(309, 'Bolsa de Cereales', '', 'BOLSA DE CEREALES', '', 0, '', '4220292', '', 6, 6, NULL, NULL),
(310, '', '', 'BOLSA DE CEREALES', '', 0, '', '4220292', '', 6, 6, NULL, NULL),
(311, '', '', 'BRIDGESTONE SANTA FE', '', 0, '', '0342 – 4553011', '', 6, 6, NULL, NULL),
(312, '', '', 'CABLEVISION', '', 0, '', '4219049', '', 6, 6, NULL, NULL),
(313, 'Cabrol', ' Alberto', 'CABROL HERMANOS', '', 0, '', '', '', 6, 6, NULL, NULL),
(314, 'Cabrol', ' Hugo', 'CABROL HERMANOS', '', 0, '', '', '', 6, 6, NULL, NULL),
(315, 'Giles', ' Julio', 'CABROL HERMANOS', '', 0, '', '', '', 6, 6, NULL, NULL),
(316, 'José', ' Ricardo', 'CADENA AZUL', '', 0, '', '4243684', '', 6, 6, NULL, NULL),
(317, '', '', 'CADETERIA SPEEDY', '', 0, '', '4225601 / 4222256 / 4070816 ', '', 6, 6, NULL, NULL),
(318, 'Mauriño', ' Enrique', 'CAILLON Y HAMONET', '', 0, '', '00598 2 60113 037', '', 6, 6, NULL, NULL),
(319, 'Morante', ' Alberto', 'CAMARA DE COMERCIO ARGENTINO-NIGERIANA', '', 0, '', '011 – 52395046', '', 6, 6, NULL, NULL),
(320, 'Morante', ' Federico', 'CAMARA DE COMERCIO ARGENTINO-NIGERIANA', '', 0, '', '011 – 52395046', '', 6, 6, NULL, NULL),
(321, '', '', 'Camas del Litoral (Conc. Del Urug.)', '', 0, '', '441977', '', 6, 6, NULL, NULL),
(322, 'Sasia', ' Rodolfo', 'CAMION ÑANDU', '', 0, '', '155 123 455', '', 6, 6, NULL, NULL),
(323, 'Schaffino', '', 'CAMIONERO ÑANDUBAY', '', 0, '', '', '', 6, 6, NULL, NULL),
(324, 'Acosta', ' Mari ', 'CAMIONETA CORREO ARGENTINO', '', 0, '', '', '', 6, 6, NULL, NULL),
(325, 'Villanueva', ' Karina', 'CAMOyTE', '', 0, '', '011 – 4630 4412 / 09', '', 6, 6, NULL, NULL),
(326, 'Patricia Bertoli ', '', 'CANAL 13 (SANTA FE)', '', 0, '', ' 0342 - 4104342', '', 6, 6, NULL, NULL),
(327, 'Bertolli', ' Patricia', 'CANAL 13 SANTA FE DE LA VERA CRUZ', '', 0, '', '0342 – 4104342', '', 6, 6, NULL, NULL),
(328, 'Palmer', ' Gaston', 'CANAL 9', '', 0, '', '4235084 / 4035533 / 4034488', '', 6, 6, NULL, NULL),
(329, '', '', 'CANAL 9', '', 0, '', '4235084 / 4035533 / 4034488', '', 6, 6, NULL, NULL),
(330, '', '', 'CANCILLERIA ARGENTINA', '', 0, '', '011 48198094', '', 6, 6, NULL, NULL),
(331, 'Gimenez', ' Claudia', 'CANCILLERIA ARGENTINA (EN MEJICO)', '', 0, '', '0052 5520 9430', '', 6, 6, NULL, NULL),
(332, 'Nagera', ' Marta', 'CAPGEN', '', 0, '', '011 – 45458029', '', 6, 6, NULL, NULL),
(333, '', '', 'CARAMAGNA INMOBILIARIA', '', 0, '', '4235318 – 4312603', '', 6, 6, NULL, NULL),
(334, 'Ferrari', ' Otello', 'CARICOR', '', 0, '', '0018096876262 / 633 / 7799', '', 6, 6, NULL, NULL),
(335, 'Coner', ' Alejandro', 'CARPE SHEIDER', '', 0, '', '', '', 6, 6, NULL, NULL),
(336, 'Alceiba', '', 'CARPINTERO', '', 0, '', '4270499', '', 6, 6, NULL, NULL),
(337, 'Lic. Marta Spinetto', '', 'CARPINTERO DE NORMA', '', 0, '', '', '', 6, 6, NULL, NULL),
(338, 'Oficina de Compras', '', 'CARTOCOOR', '', 0, '', '', '', 6, 6, NULL, NULL),
(339, 'Ferrari', ' Otelo', 'CARyCOOR', '', 0, '', '00 1 809 687 6262', '', 6, 6, NULL, NULL),
(340, 'Carusso', ' Salvador (Dr.)', 'CASASCO', '', 0, '', '', '', 6, 6, NULL, NULL),
(341, 'Alter', ' Sergio', 'CATALENT HEALT ARGENTINA', '', 0, '', '011 – 47690026 / 40088400 / 62', '', 6, 6, NULL, NULL),
(342, '', '', 'CELCOR ', '', 0, '', '0342 – 4550056', '', 6, 6, NULL, NULL),
(343, '', '', 'CENTRAL DEL FILTRO', '', 0, '', '011 – 45672245 / 45686339', '', 6, 6, NULL, NULL),
(344, 'Cabrera', ' Daniel', 'CENTRAL TELEFÓNICA', '', 0, '', '', '', 6, 6, NULL, NULL),
(345, 'Zabala (Dr)', '', 'CENTRO CLINICO ESPAÑA', '', 0, '', '4233363', '', 6, 6, NULL, NULL),
(346, '', '', 'CENTRO COMERCIAL DE PARANÁ', '', 0, '', '4319585 / 4314146 / 4312785', '', 6, 6, NULL, NULL),
(347, '', '', 'CENTRO DE DERMATOESTETICA DRA. ANALIA SVARTZ', '', 0, '', '4236553', '', 6, 6, NULL, NULL),
(348, '', '', 'CENTRO DE DIAGNOSTICO ROSSI', '', 0, '', '011 – 4011 8080', '', 6, 6, NULL, NULL),
(349, '', '', 'CENTRO DE LA CONSTRUCCION EN SECO', '', 0, '', '4342757', '', 6, 6, NULL, NULL),
(350, 'Dr. Torre ó Dr. Sione', '(Medicos de Norma)', 'CENTRO DE OJOS DR. LODOLO', NULL, 0, NULL, '4317022 / 2844 / 1443', NULL, 6, 6, NULL, '2019-10-02 18:13:59'),
(351, 'Ahedo', ' Fabricio', 'CENTRO MEDICO BELGRANO', '', 0, '', '431 41 44', '', 6, 6, NULL, NULL),
(352, '', '', 'CENTRO MEDICO BELGRANO', '', 0, '', '4314434 / 4144 (Dr. Lopez: iNT.22 – Celu', '', 6, 6, NULL, NULL),
(353, 'Secre Dr. Graff: Marta', '', 'CENTRO MEDICO MITRE', '', 0, '', '4235542', '', 6, 6, NULL, NULL),
(354, '', '', 'CENTRO MEDICO VICTORIA', '', 0, '', '4217130', '', 6, 6, NULL, NULL),
(355, 'Mateuchi', ' Leandro', 'CERAMICA COSMOS', '', 0, '', '011 – 48625599', '', 6, 6, NULL, NULL),
(356, '', '', 'CERRAJERIA PARQUE', '', 0, '', '4312795', '', 6, 6, NULL, NULL),
(357, 'Churruarin y Asociados', 'Churruarin y Asociados', 'Churruarin y Asociados', 'Santa Fé 558', 0, NULL, '4840985', NULL, 6, 6, NULL, '2019-03-01 16:35:16'),
(358, 'Carnevale', ' Adrian', 'CHUTRAU', '', 0, '', '011 – 49519021/25', '', 6, 6, NULL, NULL),
(359, 'Gonzalez', ' Hernan', 'CIENCIA Y TECNOLOGIA', '', 0, '', '4840950 / 51', '', 6, 6, NULL, NULL),
(360, '', '', 'CIPRES PLAX', '', 0, '', '011 – 47512324', '', 6, 6, NULL, NULL),
(361, '', '', 'CIRCULO DE FARMACEUTICOS DE PARANA ', '', 0, '', '4030060', '', 6, 6, NULL, NULL),
(362, 'Taller ', '', 'CIRUJANO CARDIOVASCULAR', '', 0, '', '4200 500', '', 6, 6, NULL, NULL),
(363, '', '', 'CIRUJIA PARANA', '', 0, '', '4230163', '', 6, 6, NULL, NULL),
(364, 'Lopez', ' Gonzalo', 'CL PHARMA', '', 0, '', '', '', 6, 6, NULL, NULL),
(365, 'Avanzini', ' Ariel Hernán', 'CL PHARMA REPRESENTACIONES', '', 0, '', '011 – 52947250', '', 6, 6, NULL, NULL),
(366, 'Brites', ' Mariano', 'CLARO', '', 0, '', '', '', 6, 6, NULL, NULL),
(367, 'Cr. Serafino', '', 'CLARO', '', 0, '', '', '', 6, 6, NULL, NULL),
(368, 'Bugliolo', ' Mariano', 'COBRADOR SOS', '', 0, '', '155 175 866', '', 6, 6, NULL, NULL),
(369, '', '', 'CODEPA', '', 0, '', '4218383 / 4218033', '', 6, 6, NULL, NULL),
(370, 'Arias', ' Manuel', 'COFAER', '', 0, '', '', '', 6, 6, NULL, NULL),
(371, '', '', 'COLEGIO DE FARMACEUTICOS DE ENTRE RIOS', '', 0, '', '4002000', '', 6, 6, NULL, NULL),
(372, '', '', 'Colegio Farmaceuticos Entre Ríos', '', 0, '', '4420888', '', 6, 6, NULL, NULL),
(373, '', '', 'COLOMBRARO', '', 0, '', '4234917', '', 6, 6, NULL, NULL),
(374, 'Prieu', ' Hector', 'COMASA', '', 0, '', '011 – 5436 6500', '', 6, 6, NULL, NULL),
(375, 'Avalos', ' Ariel', 'COMEDOR GAUCHITO GIL', '', 0, '', '4362672', '', 6, 6, NULL, NULL),
(376, '', '', 'COMERCIO EXTERIOR – GNO DE ENTRE RIOS', '', 0, '', '4208428 / 8899', '', 6, 6, NULL, NULL),
(377, '', '', 'COMISARIA 15º', '', 0, '', '4206205', '', 6, 6, NULL, NULL),
(378, '', '', 'COMPAÑÍA MEDICA ROSARIO', '', 0, '', '0341 – 4813434 / 4813419', '', 6, 6, NULL, NULL),
(379, 'Menes', ' Alejandro', 'COMPAÑÍA PROMOFARMA', '', 0, '', '59824111717', '', 6, 6, NULL, NULL),
(380, 'Piccaso', ' Miguel', 'CONC. GRAL. DE INVERSIONES', '', 0, '', '011 – 4317 0778', '', 6, 6, NULL, NULL),
(382, 'Arispe', 'Gabriela', 'CONDERCO', NULL, 0, '3436200540 / 3435340994', '011 – 47045650 / 47049655', NULL, 6, 6, NULL, '2019-10-15 22:10:50'),
(384, 'Dato', ' Lautaro', 'CONEXIÓN', '', 0, '', '4-225048 / 155-036918', '', 6, 6, NULL, NULL),
(385, '', '', 'CONFARM', '', 0, '', '0221 – 421255', '', 6, 6, NULL, NULL),
(386, '', '', 'CONSALUD', '', 0, '', '4902333 / 4223322 / 4232624', '', 6, 6, NULL, NULL),
(387, '', '', 'CONSEJO DE EMPRESARIOS DE ENTRE RIOS', '', 0, '', '4236181 – 4236182', '', 6, 6, NULL, NULL),
(388, 'Chirico', ' Analia', 'CONSULTORA', '', 0, '', '0351 – 4218192 / 4230389', '', 6, 6, NULL, NULL),
(389, 'Amuchastegui', ' Rina (Dra)', 'CONSULTORIO', '', 0, '', '4310585', '', 6, 6, NULL, NULL),
(390, 'Rios', ' Francisco', 'COOPERATIVA FARMACEUTICA DEL LITORAL', '', 0, '', '40 00 007', '', 6, 6, NULL, NULL),
(391, '', '', 'COOVAECO', '', 0, '', '0341 – 4216524', '', 6, 6, NULL, NULL),
(392, 'Acosta', ' Mari', 'CORREO ARGENTINO', '', 0, '', '', '', 6, 6, NULL, NULL),
(393, 'Ing. Converti', ' Gustavo ', 'CORREO ARGENTINO', '', 0, '', '155 072 335 ', '', 6, 6, NULL, NULL),
(394, 'Uranga', ' Martiniano', 'COSTER', '', 0, '', '', '', 6, 6, NULL, NULL),
(395, '', '', 'COSTERA CRIOLLA', '', 0, '', '4340115 / 4243284  -  Boleteria: 4316872', '', 6, 6, NULL, NULL),
(396, '', '', 'CRAVERI', '', 0, '', '011 – 51670511   -    Terciarizacion: 01', '', 6, 6, NULL, NULL),
(397, '', '', 'CREDIFIN', '', 0, '', '4232622', '', 6, 6, NULL, NULL),
(398, 'Artaza', ' Diego', 'CRONIMO', '', 0, '', '', '', 6, 6, NULL, NULL),
(399, '', '', 'CRONIMO', '', 0, '', '011 – 47271530', '', 6, 6, NULL, NULL),
(400, 'Marcilli', ' Luciano', 'CUCHILLERIA ARTESANAL “EL CIERVO”', '', 0, '', '03454 – 422 439', '', 6, 6, NULL, NULL),
(401, 'Portugues', ' Daniel', 'DANO', '', 0, '', '', '', 6, 6, NULL, NULL),
(402, 'Alvarez', ' Marcelo', 'DHL', '', 0, '', '', '', 6, 6, NULL, NULL),
(403, 'Reynoso', ' Graciela', 'Diario “EL SECTOR”', '', 0, '', '', '', 6, 6, NULL, NULL),
(404, 'Clemente Lamas', ' Fanny (Dra.)', 'Dir. Compras – Ministerio de Salud', '', 0, '', '011 – 4379 9000 / 4220 ', '', 6, 6, NULL, NULL),
(405, 'Ing.  Rodriguez (Director de Vialidad)', '', 'DIRECCION PROV. DE VIALIDAD ', '', 0, '', '424 81 68', '', 6, 6, NULL, NULL),
(406, 'Zaraboso', ' Mariano', 'DIRECTOR DE PARQUES INDUSTRIALES', '', 0, '', '4201813', '', 6, 6, NULL, NULL),
(407, 'Aranguren', ' Lidia', 'DIRECTOR RECOLECTORES BASURA', '', 0, '', '155 190 542', '', 6, 6, NULL, NULL),
(408, 'Jorge', ' Hernan', 'Director REGISTRO CIVIL', '', 0, '', '4070 152 (Fabiana Secre)', '', 6, 6, NULL, NULL),
(409, 'Bano', ' Maria', 'Director Suplente REGISTRO CIVIL', '', 0, '', '', '', 6, 6, NULL, NULL),
(410, '', '', 'DISPENSEL', '', 0, '', '4317413', '', 6, 6, NULL, NULL),
(411, 'Diloretto', 'Raúl', 'DISPROFARMA', NULL, 0, '011 - 153 089 4665', '011 – 6091 4300', NULL, 6, 6, NULL, '2019-01-24 15:36:35'),
(413, 'Elú', ' Gabriel', 'DISPROFARMA', '', 0, '', '011 – 6091 4300', '', 6, 6, NULL, NULL),
(414, 'Santalla', ' Santiago', 'DISPROFARMA', '', 0, '', '011 – 60914300', '', 6, 6, NULL, NULL),
(415, 'Lescano', ' Javier', 'DISPROFARMA SANTA FE', '', 0, '', '0342 – 455 59 02 / 011 – 155 619 5011 ', '', 6, 6, NULL, NULL),
(416, 'Juana', '', 'DISTRIBUIDORA ANDALGALA', '', 0, '', '(03833)4-31139/15598065', '', 6, 6, NULL, NULL),
(417, 'Ferreiro', ' Ricardo', 'DISTRIBUIDORA DEL RIO', '', 0, '', '4217579', '', 6, 6, NULL, NULL),
(418, 'Federico', '', 'DM PLASTICOS', '', 0, '', '011 – 4735 1961', '', 6, 6, NULL, NULL),
(419, 'Mancuso', ' Luciano', 'DM PLASTICOS', '', 0, '', '011 – 4735 1961', '', 6, 6, NULL, NULL),
(420, 'Ing. Van Opstal', '', 'DMI PHARMA', '', 0, '', '', '', 6, 6, NULL, NULL),
(421, 'Zurlo', ' Ana Maria', 'DONATO ZURLO', '', 0, '', '', '', 6, 6, NULL, NULL),
(422, 'Ramos ', ' Nelson ', 'DROG. SAN JUAN', '', 0, '', '0381 – 4222668 ', '', 6, 6, NULL, NULL),
(423, 'Collado', ' Alejandro', 'Drogueria C & C Medical´s S.A.', '', 0, '', '011 4588-0065 ', '', 6, 6, NULL, NULL),
(424, 'Iglesias', ' Silvina', 'DROGUERÍA DEL SUR', '', 0, '', '011 – 154 044 1116', '', 6, 6, NULL, NULL),
(425, 'Gaston ', '', 'DROGUERIA PROGEN / BARADERO', '', 0, '', '', '', 6, 6, NULL, NULL),
(426, 'Saavedra', ' Juan José', 'DROGUERIA SARO (PANAMA)', '', 0, '', '', '', 6, 6, NULL, NULL),
(427, 'Martinez', ' Diego', 'DROGUERIA SUIZO', '', 0, '', '011 4943-9100 ', '', 6, 6, NULL, NULL),
(428, '', '', 'DROGUERIA SUIZO (MAR DEL PLATA)', '', 0, '', '(0223) 4650210', '', 6, 6, NULL, NULL),
(429, 'Gonzalez', ' Diego', 'DROGUERIA VARADERO', '', 0, '', '011 – 4874 3415', '', 6, 6, NULL, NULL),
(430, 'Mundo Verde', '', 'DROMEINTER', '', 0, '', '(00504) 22215080 ', '', 6, 6, NULL, NULL),
(431, 'Lisachi', ' Carlos', 'DROMEINTER ', '', 0, '', '(00504) 22215080 ', '', 6, 6, NULL, NULL),
(432, 'Alfredo', '', 'DROMEX', '', 0, '', '011 – 4600 1040', '', 6, 6, NULL, NULL),
(433, 'Carnero', ' Oscar (Dr.)', 'DROMEX', '', 0, '', '011 – 4670 3450 (Secre: Adriana)', '', 6, 6, NULL, NULL),
(434, 'DR. Leandro Sabastian', '', 'DROMEX', '', 0, '', '', '', 6, 6, NULL, NULL),
(435, 'Escardile', ' Julio', 'DROMEX', '', 0, '', '011 – 4670 3474', '', 6, 6, NULL, NULL),
(436, '', '', 'DROMEX', '', 0, '', '011 – 4670 3450', '', 6, 6, NULL, NULL),
(437, 'Mayser', ' Fernando', 'DT BIOL', '', 0, '', '011 – 42551040 (Int. 107)', '', 6, 6, NULL, NULL),
(438, 'Sandra', '', 'Dueña Dpto. X día – Montevideo 10', '', 0, '', 'Río Negro 760 (entre Churruarin y Zaball', '', 6, 6, NULL, NULL),
(439, 'Reys', ' Armando', 'ECUADOR', '', 0, '', '00 593 4200 2994 – fijo / 00 593 987 234', '', 6, 6, NULL, NULL),
(440, 'Carlos', 'Fernandez', 'ECZANE PHARMA', NULL, 0, '011-1568858589', '011 – 4222 3494', NULL, 6, 6, NULL, '2019-09-17 18:15:54'),
(441, 'Rubio', ' Santiago', 'EGP IMPRESORES', '', 0, '', '', '', 6, 6, NULL, NULL),
(442, 'Constantini', 'Julio (Gte. General)', 'ELEA', NULL, 0, NULL, '011 – 4379 4300', 'elea@lafedar.com', 6, 6, NULL, '2019-01-11 16:58:37'),
(443, 'Fernandez', 'Osvaldo', 'ELEA', NULL, 0, '011 - 1538386252', '011 – 4379 4300', NULL, 6, 6, NULL, '2019-09-17 18:14:21'),
(444, '', '', 'ELECTRONICA CENTRAL (Instalador LO-JACK)', '', 0, '', '0341 – 4589566', '', 6, 6, NULL, NULL),
(445, 'Romano', ' Ricardo', 'ENFERMERO SOS', '', 0, '', '4217604', '', 6, 6, NULL, NULL),
(446, 'Mignone', 'Marcelo', 'EPCILON', NULL, 0, NULL, '011 – 4621 1873 / 46215451 / 7061', NULL, 6, 6, NULL, '2019-09-16 18:22:48'),
(447, 'Saqueti', ' Marcos', 'ERCON', '', 0, '', '4960199 / 4960251', '', 6, 6, NULL, NULL),
(448, 'ERIOCHEM', '', 'ERIOCHEM', '', 0, '', '4979125', '', 6, 6, NULL, NULL),
(449, 'Ariel', '', 'Escribania BADANO', '', 0, '', '', '', 6, 6, NULL, NULL),
(450, 'Princic Mariela (Escribana)', '', 'ESCRIBANIA PRINCIC', '', 0, '', '4233830 / 154169470', '', 6, 6, NULL, NULL),
(451, 'Moro', ' Gerardo ', 'ESCRIBANO (Esc. Leonardo Cossi)', '', 0, '', '422 66 76', '', 6, 6, NULL, NULL),
(452, 'Arias', ' José (Abogado)', 'ESTUDIO ARIAS', '', 0, '', '4314403 – 4220271 ', '', 6, 6, NULL, NULL),
(453, 'Muia', ' Fabian', 'EX ADUANA', '', 0, '', '011 – 4347 4085', '', 6, 6, NULL, NULL),
(454, 'Jullier', 'Gustavo', 'EX COM. EXTERIOR', NULL, 0, '154598363', NULL, NULL, 6, 6, NULL, '2019-06-26 18:54:15'),
(455, 'Zarate', 'Pablo', 'EX COM. EXTERIOR', NULL, 0, NULL, '4207867 / 4208899', NULL, 6, 6, NULL, '2019-01-23 18:42:47'),
(456, 'Ismael', '', 'EX VIALIDAD', '', 0, '', '421 1023', '', 6, 6, NULL, NULL),
(457, 'Betinotti', 'Rodolfo', 'FABRA', NULL, 0, NULL, '011-45125573/76', NULL, 6, 6, NULL, '2019-09-17 22:19:54'),
(458, 'Fabra', ' Guillermo', 'FABRA', '', 0, '', '011 – 5355 9238 / 41', '', 6, 6, NULL, NULL),
(459, 'Prestento', ' Sabrina', 'FABRA', '', 0, '', '011 – 4756 1216', '', 6, 6, NULL, NULL),
(460, 'Fernandez', ' Gonzalo', 'FACTURITY', '', 0, '', '4840911 – 4225465 – 4227865 – 4217103', '', 6, 6, NULL, NULL),
(461, 'Ing. Diaz', ' Leonardo', 'FACULTAD DE INGENIERIA', '', 0, '', '4975424', '', 6, 6, NULL, NULL),
(462, '', '', 'FACULTAD DE INGENIERIA', '', 0, '', '4975 077', '', 6, 6, NULL, NULL),
(463, '', '', 'FACULTAD DE INGENIERIA', '', 0, '', '4975100', '', 6, 6, NULL, NULL),
(464, 'Aphalo', ' German', 'FARMACEUTICO', '', 0, '', '4-245234/156118323', '', 6, 6, NULL, NULL),
(465, 'Chiesa', ' Maria Eugenia', 'FARMACITY BS. AS.', '', 0, '', '011 – 57892100', '', 6, 6, NULL, NULL),
(466, 'Braber', ' Jorge', 'FARMACOM', '', 0, '', '011 – 45013230 / 48572753', '', 6, 6, NULL, NULL),
(467, 'Bustamante', ' Fabian', 'FARMACOM', '', 0, '', '011 – 4857 2752 / 3', '', 6, 6, NULL, NULL),
(468, 'Leider', ' Mario', 'FARMAR PNÁ', '', 0, '', '431 55 50 ', '', 6, 6, NULL, NULL),
(469, 'Bisconti', ' Walter', 'FAVOP', '', 0, '', '011 – 5031 4518 / 5031 4517', '', 6, 6, NULL, NULL),
(470, 'Rucci', ' Manuel', 'FENIX', '', 0, '', '', '', 6, 6, NULL, NULL),
(471, '', '', 'FIGURELLA', '', 0, '', '4221664', '', 6, 6, NULL, NULL),
(472, 'Liliana', 'Colman', 'LABORATORIOS FINADIET', NULL, 0, NULL, '011 – 4981 5444', NULL, 6, 6, NULL, '2019-09-17 18:42:58'),
(473, 'Oleinizak', ' Gustavo', 'FINETZA', '', 0, '', '4364817', '', 6, 6, NULL, NULL),
(474, 'Lopez Yapur', ' Kuki', 'FISCALIZ. Y GESTION DE RIESGOS INAME', '', 0, '', '011 – 4340 0800  ', '', 6, 6, NULL, NULL),
(475, 'Nuñez', ' Hector Daniel', 'FLORERIA NICO`S NADER', '', 0, '', '431 44 55', '', 6, 6, NULL, NULL),
(476, 'Estarli', ' Alejandra', 'FONTAR', '', 0, '', '011 - 48995300', '', 6, 6, NULL, NULL),
(477, 'Sanabria', ' Leandro', 'FUNDACION EXPORTAR', '', 0, '', '011 – 5239 4497', '', 6, 6, NULL, NULL),
(478, 'Gollan', ' Carolina', 'GADOR URUGUAY', '', 0, '', '', '', 6, 6, NULL, NULL),
(479, 'Almeida', ' Héctor', 'GASISTA', '', 0, '', '4352199', '', 6, 6, NULL, NULL),
(480, 'Scorianzi', ' Jose María', 'GASISTA', '', 0, '', '', '', 6, 6, NULL, NULL),
(481, 'Eraldo', ' Carlos', 'GEMINIS FARMACEUTICA SA', '', 0, '', '011 – 4458 3907  / 4623 5046', '', 6, 6, NULL, NULL),
(482, 'Yañez', ' Guillermo', 'GENOMMA LAB', '', 0, '', '011 – 5290 4928 / 5295 9150 / 4781 9390 ', '', 6, 6, NULL, NULL),
(483, 'Tabbush', ' Roberto (Licenciado)', 'GERARDO GRAMON', '', 0, '', '(005 9842 4 81620 casa Uruguay) (Paragua', '', 6, 6, NULL, NULL),
(484, 'Gomez', ' Betiana', 'GERENCIA DE EMPLEO', '', 0, '', '4231999', '', 6, 6, NULL, NULL),
(485, 'Dra. Bonmi', ' Silvia', 'GMP', '', 0, '', '', '', 6, 6, NULL, NULL),
(486, '', '', 'GOMERIA CACHENCHO', '', 0, '', '424 95 88', '', 6, 6, NULL, NULL),
(487, 'Brader', ' Jorge', 'GP PHARM', '', 0, '', '011 – 4501 3230', '', 6, 6, NULL, NULL),
(488, '', '', 'GRAMMON MILLET', '', 0, '', '011 – 4837 2901', '', 6, 6, NULL, NULL),
(489, 'Santiago', '', 'GREEN SERVICE', '', 0, '', '', '', 6, 6, NULL, NULL),
(490, '', '', 'GRIDO ALMAFUERTE', '', 0, '', '4145915', '', 6, 6, NULL, NULL),
(491, 'Ravice', ' Monica ', 'Gte de Vtas de GLOBITO', '', 0, '', '011 – 4521 9991', '', 6, 6, NULL, NULL),
(492, 'Oliveira', ' Patricia ', 'GUATEMALA', '', 0, '', '4 22 80 55 / 001 809 683 7000 / 001 829 ', '', 6, 6, NULL, NULL),
(493, 'Trazer Rosario', '(Electronica Central)', 'HAIMOVICH (VW)', NULL, 0, NULL, '4203600', NULL, 6, 6, NULL, '2019-09-20 17:21:31'),
(494, 'Sra. Keli', '', 'HEALT CARE GROUP', '', 0, '', '011 – 4964 0044', '', 6, 6, NULL, NULL),
(495, '', '', 'HIELO EL-KA', '', 0, '', '', '', 6, 6, NULL, NULL),
(496, 'Cr. Muller', ' Guido', 'HORIZONTE GASES', '', 0, '', '', '', 6, 6, NULL, NULL),
(497, 'Farias', ' Mariano', 'HOSIFA', '', 0, '', '', '', 6, 6, NULL, NULL),
(498, 'Succhini', ' Diego', 'HOSIFA', '', 0, '', '154 177 260', '', 6, 6, NULL, NULL),
(499, 'Centurión', ' Gustavo', 'HOTEL ARGENTINO', '', 0, '', '', '', 6, 6, NULL, NULL),
(500, 'Clasbin', ' Gabriel (Planificador)', 'HOTEL ARGENTINO', '', 0, '', '011 – 155 976 6378', '', 6, 6, NULL, NULL),
(501, '', '', 'IBC', '', 0, '', '011 – 4671 5161', '', 6, 6, NULL, NULL),
(502, 'Acebedo', ' Maria Eugenia', 'INAME', '', 0, '', '011 – 4340 0800 ', '', 6, 6, NULL, NULL),
(503, 'Dra. Liliana Chielsa', '', 'INAME', '', 0, '', '011 – 4340 0800 ', '', 6, 6, NULL, NULL),
(504, 'Dra. Liliana Chiessa', '', 'INAME', '', 0, '', '011 – 4340 0800 ', '', 6, 6, NULL, NULL),
(505, 'Rolandi', ' Patricio', 'INAME', '', 0, '', '011 – 4340 0800 (Int. 2542)', '', 6, 6, NULL, NULL),
(506, 'Suarez', ' Marcelo ó Cano', 'INAME', '', 0, '', '011 – 4340 0800 ', '', 6, 6, NULL, NULL),
(507, 'Vivas', 'Evelyn', 'INDEC', NULL, 0, '0343-154637770', NULL, NULL, 6, 6, NULL, '2019-01-28 18:47:54'),
(508, 'Costa', ' Gabriel', 'ING. GRUMAN', '', 0, '', '', '', 6, 6, NULL, NULL),
(509, 'Berd', ' Sandra (Dra.)', 'Inspectoria INAME', '', 0, '', '011 – 4340 0800 ', '', 6, 6, NULL, NULL),
(510, 'Petracca', ' Antonia (Lic)', 'Inspectoria INAME', '', 0, '', '011 – 4340 0800 ', '', 6, 6, NULL, NULL),
(511, 'Magnin', ' Ignacio', 'INSTITUTO BECARIO PROVINCIAL', '', 0, '', '4207979', '', 6, 6, NULL, NULL),
(512, 'Alejandra', 'Caviglia', 'INSTITUTO DEL SEGURO DE ENTRE RIOS', '', NULL, '', '154054716', '', 6, 6, NULL, NULL),
(513, 'Gustavo', 'Sanchez Romero', 'INSTITUTO DEL SEGURO DE ENTRE RIOS', '', NULL, '', '', '', 6, 6, NULL, NULL),
(514, ' Hugo', 'Colangelo', 'INTENDENTE VILLA SAN JUSTO', '', NULL, '', '', '', 6, 6, NULL, NULL),
(516, 'Fernando', ' Cañete', 'IOSPER', '', NULL, '', '4204500 / 4204502', '', 6, 6, NULL, NULL),
(517, 'Moreyra', '', 'IOSPER', '', NULL, '', '4204500 / 4204502', '', 6, 6, NULL, NULL),
(518, 'Smith', '', 'JEFE OBRAS PÚBL. ORO VERDE', '', NULL, '', '0343 – 4712662', '', 6, 6, NULL, NULL),
(519, 'Sergio', ' Bustamante', 'JOSÉ MARIA Y JESUS BUSTAMANTE', '', NULL, '', '4221961', '', 6, 6, NULL, NULL),
(520, '', '', 'JOSÉ MARIA Y JESUS BUSTAMANTE', '', NULL, '', '4221961', '', 6, 6, NULL, NULL),
(521, 'Gustavo', 'Gonzalez', 'LABORATORIOS KEMEX', NULL, NULL, NULL, '011-41301006 ó 41381000', NULL, 6, 6, NULL, '2019-10-02 18:16:48'),
(522, 'Hector', 'Lhez', 'KLONAL', NULL, 119, NULL, '011 – 4801 5110 / 1043', NULL, 6, 6, NULL, '2019-09-19 22:19:10'),
(524, 'Nicolas', 'Santander', 'KLONAL', NULL, 0, '011-1562220022', '011 – 4251 1354', NULL, 6, 6, NULL, '2019-09-19 22:15:15'),
(525, '', '', 'LA AGRICOLA REGIONAL', '', 0, '', '4958000', '', 6, 6, NULL, NULL),
(526, 'Sandra', 'Paz', 'LA BELEC ', '', 0, '', '4364110', '', 6, 6, NULL, NULL),
(527, 'Oscar (Paco)', 'Carnero', 'LA GACETA', '', 0, '', '4311300', '', 6, 6, NULL, NULL),
(528, 'Claudia', 'Salas', 'LAB. IBC (Ituzaingo)', '', 0, '', '011 – 5231 9900', '', 6, 6, NULL, NULL),
(529, 'Leandro', 'Barack', 'LABORATORIOS ARISTON', '', 0, '', '011 – 4796 5510', '', 6, 6, NULL, NULL),
(530, 'Nicolas', '', 'LABORATORIOS CELCIUS (URUGUAY)', '', 0, '', '59892104101', '', 6, 6, NULL, NULL),
(531, 'Roberto', 'Gramatti', 'LABORATORIOS CLONAL', '', 0, '', '011 – 48015110', '', 6, 6, NULL, NULL),
(532, '', '', 'LABORATORIOS CONIFAR', '', 0, '', '011 – 53274142 ', '', 6, 6, NULL, NULL),
(533, 'García Fernandez', ' Rosario (Dra) – Dir. Tecnica', 'LABORATORIOS DALLAS', '', 0, '', '', '', 6, 6, NULL, NULL),
(534, 'Lucas', 'Duimovich', 'LABORATORIOS DRAWER', NULL, 0, NULL, '011-42576148', NULL, 6, 6, NULL, '2019-10-02 18:50:58'),
(535, '', '', 'Laboratorios EUROFAR', '', 0, '', '03447 - 15452438', '', 6, 6, NULL, NULL),
(536, 'Carmen', 'Quiroga', 'LABORATORIOS GRAY', '', 0, '', '011 – 4855 4153 / 6721', '', 6, 6, NULL, NULL),
(537, 'Ciriaco', 'Quiroga', 'LABORATORIOS GRAY', '', 0, '', '011 – 4855 4153 / 6721', '', 6, 6, NULL, NULL),
(538, 'Diego', 'Debiase', 'LABORATORIOS LIA', '', 0, '', 'Planta Munro: 011 – 5195 6092', '', 6, 6, NULL, NULL),
(539, 'Pablo', 'Gimenez', 'LABORATORIOS LIA', '', 0, '', '', '', 6, 6, NULL, NULL),
(540, 'Alejandro', 'Wellich', 'LABORATORIOS LIA', '', 0, '', '00595 972544033 (Celu Paraguayo)', '', 6, 6, NULL, NULL),
(541, 'Mejias', ' Gabriel', 'LABORATORIOS LIA (Munro)', '', 0, '', '011 – 6090 3100', '', 6, 6, NULL, NULL),
(542, 'Falbo', ' Maria Eugenia', 'LABORATORIOS LIA (Quilmes)', '', 0, '', '011 – 4250 1013 / 4016 4200 / 5169 4200 ', '', 6, 6, NULL, NULL),
(543, 'Rivero', ' Pedro', 'LABORATORIOS RIVERO', '', 0, '', '', '', 6, 6, NULL, NULL),
(544, 'Barbieri', ' Lorena', 'LABORATORIOS SAN JULIEN', '', 0, '', '011 4795 2506 / 7709', '', 6, 6, NULL, NULL),
(545, 'Barbieri', ' Lorena', 'LABORATORIOS SANT JULIEN', '', 0, '', '011 – 47952506 / 7709', '', 6, 6, NULL, NULL),
(546, 'Cestello', ' Juan Manuel (Gte. Comercial)', 'LABORATORIOS TECSER', '', 0, '', '011 – 4368 0025 / 26', '', 6, 6, NULL, NULL),
(547, 'Pietragallo', ' Eduardo', 'LABORATORIOS TECSER', '', 0, '', '011 – 4368 0025 / 26', '', 6, 6, NULL, NULL),
(548, 'Sr. Adroguer', 'Hugo', 'LABORATORIOS WELTRAP', NULL, 0, '0341-156600790', '0341 - 4214155', NULL, 6, 6, NULL, '2019-03-06 22:57:39'),
(549, '??', '', 'LABORATORIOS ZOOVET', '', 0, '', '0342 – 4511500', '', 6, 6, NULL, NULL),
(551, 'Cordea', ' Maria', 'LDA', '', 0, '', '', '', 6, 6, NULL, NULL),
(552, 'Coria', ' Ezequiel', 'LDA', '', 0, '', '', '', 6, 6, NULL, NULL),
(553, 'Reynoso', ' José Luis', 'LIF', '', 0, '', '3424794277', '', 6, 6, NULL, NULL),
(554, 'Juan Manuel Peralta', '', 'LIPOMIZE', '', 0, '', '0342 – 4511546', '', 6, 6, NULL, NULL),
(555, 'Da Cruz', ' Leandro', 'LONGVIE', '', 0, '', '', '', 6, 6, NULL, NULL),
(556, 'Madrid Paez', '', 'LONGVIE', '', 0, '', '154465323', '', 6, 6, NULL, NULL),
(557, '', '', 'M Y G AUTOELEVADORES', '', 0, '', '011 – 4454 0808', '', 6, 6, NULL, NULL),
(558, 'Mariano', 'Braver', 'MAGEL', NULL, 0, '011-1531816374', '011 – 4501 6453', NULL, 6, 6, NULL, '2019-09-23 21:47:44'),
(559, 'Manuel Tienda Leon', '', 'MANUEL TIENDA LEON', '', 0, '', '0810-888-LEON(5366) / (5411) 4314-3636 ó', '', 6, 6, NULL, NULL),
(560, 'Bovier', ' Alfredo', 'MARIO A. CRICCA', '', 0, '', '', '', 6, 6, NULL, NULL),
(561, 'Lito', '', 'MATERIA SISTEMA', '', 0, '', '154630581', '', 6, 6, NULL, NULL),
(562, 'Antonuccio', ' Javier', 'MAZDEN', '', 0, '', '011 – 4768 4422 / 4768 4433', '', 6, 6, NULL, NULL),
(563, 'Alonso', ' Adela', 'Mecanico Ricardo', '', 0, '', '154 551 321', '', 6, 6, NULL, NULL),
(564, 'Berbara', ' Daniel', 'MEDICO ', '', 0, '', '4231362', '', 6, 6, NULL, NULL),
(565, 'Yañez', ' Jorge', 'MEDICO ', '', 0, '', '4227444 / 4313173', '', 6, 6, NULL, NULL),
(566, 'Carletti', ' Carlos', 'MEDITERRANEA', '', 0, '', '', '', 6, 6, NULL, NULL),
(567, 'Heredia', ' Carlos', 'MEGATONE', '', 0, '', '', '', 6, 6, NULL, NULL),
(568, 'Barbero', ' Gustavo', 'MEJICO', '', 0, '', '0052 722 2764150', '', 6, 6, NULL, NULL),
(569, 'Nicolás ', '', 'MERCK', '', 0, '', '', '', 6, 6, NULL, NULL),
(570, 'Péssaro', ' Pedro', 'Mesero CHARRAS', '', 0, '', '4223055', '', 6, 6, NULL, NULL),
(571, 'Bataglia', ' Orlando', 'METALURGICA BASSO', '', 0, '', '', '', 6, 6, NULL, NULL),
(572, 'Rebaudo', ' Bautista', 'METALURGICAS REBAUDO', '', 0, '', '011 – 42032071 / 5667', '', 6, 6, NULL, NULL),
(573, 'Grigera', ' Pablo', 'MEYZNER', '', 0, '', '', '', 6, 6, NULL, NULL),
(574, 'Gariboti', ' Rodolfo', 'MICROBIOLOGÍA INAME', '', 0, '', '011 – 4340 0800 ', '', 6, 6, NULL, NULL),
(575, 'Marina', '', 'MINIS. DE INDUSTRIA DE LA NAC.', '', 0, '', '011 – 43493526', '', 6, 6, NULL, NULL),
(576, 'Priegue', ' José (Cr.)', 'MINIS. DE SALUD DE LA NACIÓN – UFI-S', '', 0, '', '011 – 4372 3733', '', 6, 6, NULL, NULL),
(577, 'Converti', ' Gustavo', 'MNR PHARMA', '', 0, '', '03327 – 445858', '', 6, 6, NULL, NULL),
(578, 'Sanabria', ' Leandro', 'NATION ', '', 0, '', '434 17 54', '', 6, 6, NULL, NULL),
(579, 'Carabajal', ' Veronica', 'NATUFARM ', '', 0, '', '011 – 3220 0000', '', 6, 6, NULL, NULL),
(580, 'Cerneu', ' Leonardo', 'NEGOCIOS INMOBILIARIOS', '', 0, '', '155 447 444', '', 6, 6, NULL, NULL),
(581, 'Dr. Carnero Oscar', '', 'NEOSTAR', '', 0, '', '0342 – 4530069', '', 6, 6, NULL, NULL),
(582, 'Hilairet', ' Victor ', 'NEXO S.A.', '', 0, '', '4261800', '', 6, 6, NULL, NULL),
(583, 'Kevin', '', 'NORO RAFAELLI', '', 0, '', '', '', 6, 6, NULL, NULL),
(584, 'Centurión', ' Gustavo', 'NOVA ARGENTIA', '', 0, '', '011 – 5296 9351', '', 6, 6, NULL, NULL),
(585, '', '', 'NOVA ARGENTIA', '', 0, '', '011 – 5296 9351', '', 6, 6, NULL, NULL),
(586, 'Catalano', ' Cristian', 'NOVARTIS', '', 0, '', '011 – 47037305', '', 6, 6, NULL, NULL),
(587, 'Aliaga', ' Jorge Luis', 'NOVOPLOST', '', 0, '', '011 - 4798 1867', '', 6, 6, NULL, NULL),
(588, '', '', 'NUA', '', 0, '', '4235279', '', 6, 6, NULL, NULL),
(589, 'Alvarez', ' Antonio', 'NYCOMED', '', 0, '', '011-45464757', '', 6, 6, NULL, NULL),
(590, 'Lallana', '', 'ÑANDUBAY BS. AS.', '', 0, '', '011 – 4308 1782', '', 6, 6, NULL, NULL),
(591, 'Diego (Vendedor) ', '', 'ÑANDUBAY PARANÁ', '', 0, '', '', '', 6, 6, NULL, NULL),
(592, 'Marcela (Cra.)', '', 'ÑANDUBAY PARANÁ', '', 0, '', '155 117 012', '', 6, 6, NULL, NULL),
(593, 'Pellegrini', 'Veronica', 'OBRA SOCIAL LUIS PASTEUR', NULL, 0, '0341-155101007 / 0342-155026989', '03462-400094 - 442008', NULL, 6, 6, NULL, '2019-09-18 19:47:22'),
(594, 'Weidmann', ' Juan B. (Doctor)', 'OBRA SOCIAL LUIS PASTEUR', '', 0, '', '', '', 6, 6, NULL, NULL),
(595, 'Luisito', '', 'OCTOMIND', '', 0, '', '011 – 15 3548 7096', '', 6, 6, NULL, NULL),
(596, 'andeani', '', 'OMINT', '', 0, '', '4223425/4231207  /  logistica (0342)4896', '', 6, 6, NULL, NULL),
(597, 'Berreta', ' Florencia', 'OMINT', '', 0, '', '011 – 4808 2621', '', 6, 6, NULL, NULL),
(598, 'Buckmayer', ' Estella', 'OMINT', '', 0, '', '011 – 4808 2082', '', 6, 6, NULL, NULL),
(599, 'Rosembrock', ' Carlos (Dr.)', 'ONCÓLOGO', '', 0, '', '4230 430 (Domicilio)', '', 6, 6, NULL, NULL),
(600, 'Ramirez', ' Edgardo', 'OSDE', '', 0, '', '4420200', '', 6, 6, NULL, NULL),
(601, 'Imas', ' Mario', 'PALACIO DE EDUCACION', '', 0, '', '4240366', '', 6, 6, NULL, NULL),
(602, 'Caggeano', ' Daniel', 'PANALAB', '', 0, '', '011 – 4117 7700', '', 6, 6, NULL, NULL),
(603, 'Lavalle', ' Roberto', 'PANALAB', '', 0, '', '011 – 4117 7700', '', 6, 6, NULL, NULL),
(604, 'Pietragallo', '', 'PANALAB', '', 0, '', '011 – 4117 7700', '', 6, 6, NULL, NULL),
(605, 'Burdín', ' Gabriel', 'PETROPACK', '', 0, '', '4362502', '', 6, 6, NULL, NULL),
(606, 'Abud', ' Edmundo', 'PGN LABORATORIOS', '', 0, '', '0343 – 4030004 ó 4030077', '', 6, 6, NULL, NULL),
(607, 'Morán', ' Pedro', 'Pharma 2000', '', 0, '', 'Luis Guillón: 011 – 4239 2300  ', '', 6, 6, NULL, NULL),
(608, 'Braver', ' Leonardo (Mara : esposa)', 'PHARMACOM', '', 0, '', ' 011 - 4857 2752 / 3', '', 6, 6, NULL, NULL),
(609, 'Aller', ' José Maria', 'PHARMADORF', '', 0, '', '', '', 6, 6, NULL, NULL),
(610, 'Centurión', ' Flavia', 'PHARMADORF', '', 0, '', '011 – 5218 2508', '', 6, 6, NULL, NULL),
(611, 'Mineros', ' Jennifer', 'PHARMALIFE ', '', 0, '', '(0379) 4468111 ', '', 6, 6, NULL, NULL),
(612, 'Diaz del Rio', ' Felipe', 'PHARMATECH', '', 0, '', '0056 22 22 46748', '', 6, 6, NULL, NULL),
(613, 'Sosa Moreno', ' Isidoro', 'PISOS FLOTANTES', '', 0, '', '154 576 944', '', 6, 6, NULL, NULL),
(614, 'Lloza', ' Abelardo', 'PLANEAMIENTO MUNIC. PARANÁ', '', 0, '', '420 18 35', '', 6, 6, NULL, NULL),
(615, 'Dra. Velazco', '', 'PLASTICOS UNIDOSIS', '', 0, '', '011 - 46249640 ó 44585763', '', 6, 6, NULL, NULL),
(616, 'Dr. Bergiesky', ' Sigmur ', 'PLOMERO', '', 0, '', '', '', 6, 6, NULL, NULL),
(617, 'Barberi', ' Carina', 'POEN', '', 0, '', '011 – 4670 0100', '', 6, 6, NULL, NULL),
(618, 'Bisconti', ' Walter', 'POEN', '', 0, '', '011 – 4670 0154', '', 6, 6, NULL, NULL),
(619, 'Damonte', '', 'POEN', '', 0, '', '011 – 46700100', '', 6, 6, NULL, NULL),
(620, 'Lliuvarof', ' Alberto', 'POLISOL', '', 0, '', '011-1554180407', '', 6, 6, NULL, NULL),
(621, 'Ing. Van Opstal', ' Guillermo', 'PQ', '', 0, '', '', '', 6, 6, NULL, NULL),
(622, 'Brunstein', ' Laura', 'PRENSA', '', 0, '', '155 117 460', '', 6, 6, NULL, NULL),
(623, 'Laura (Secretaria)', '', 'PRIVADA BLANCA OSUNA', '', 0, '', '421 82 53', '', 6, 6, NULL, NULL),
(624, 'Ordoñez', ' Ximena', 'Productor Seguros Rivadavia', '', 0, '', '154 507 276', '', 6, 6, NULL, NULL),
(625, 'Vala', ' Ines', 'Prof. PIANO NORMA', '', 0, '', '4223705', '', 6, 6, NULL, NULL),
(626, 'German', '', 'PROGEN', '', 0, '', '011 – 600 92080', '', 6, 6, NULL, NULL),
(627, 'Bugna', ' Laura', 'Programa Farmacovigilancia', '', 0, '', '0342 – 4573710/3', '', 6, 6, NULL, NULL),
(628, 'Benincasa', '', 'PSICOPHARM', '', 0, '', '011 – 49193392 / 86243 / 4844  (011 – 15', '', 6, 6, NULL, NULL),
(629, 'Benincasa', ' José María', 'PSICOPHARM', '', 0, '', '011 – 49193392 / 4918 6243 / 49194844', '', 6, 6, NULL, NULL),
(630, 'Musachiodi', ' Alfredo', 'PTE. ENERSA', '', 0, '', '420 44 61', '', 6, 6, NULL, NULL),
(631, 'Rotela', ' Laura ', 'QUEST', '', 0, '', '011 – 4756 7132', '', 6, 6, NULL, NULL),
(632, 'Kindvater', ' Gustavo', 'Rector UTN Regional Paraná', '', 0, '', '4243054 – 4243694 ', '', 6, 6, NULL, NULL),
(633, 'Gutierrez', ' (Dr.)', 'REDENGAS', '', 0, '', '4343434', '', 6, 6, NULL, NULL),
(634, 'Schepens (Ministro Produccion)', '', 'REFRIGERACION', '', 0, '', '', '', 6, 6, NULL, NULL),
(635, 'Trataglia', ' Cristian', 'REGISTRO CIVIL CRESPO', '', 0, '', '4953810', '', 6, 6, NULL, NULL),
(636, 'Soledad', '', 'RENTAS', '', 0, '', '420 89 41/420 89 43', '', 6, 6, NULL, NULL),
(637, 'Latker', ' Roberto', 'RICHET', '', 0, '', '011 – 4585 5555', '', 6, 6, NULL, NULL),
(638, 'Latker', ' Rubén', 'RICHET', '', 0, '', '011 – 4585 5555', '', 6, 6, NULL, NULL),
(639, 'Artola', ' Juan Manuel', 'RICHMONDT', '', 0, '', '011 – 5555 1662 (Directo de Andrea – Sec', '', 6, 6, NULL, NULL),
(640, '', '', 'RIGOLLEAU', '', 0, '', '011 – 4256 2010', '', 6, 6, NULL, NULL),
(641, 'Sosa (Ing.) ', '', 'RIVERO', '', 0, '', '011 – 46320235 ó directo 011 – 46331398', '', 6, 6, NULL, NULL),
(642, 'Belomo', '', 'ROEMMERS', '', 0, '', '011 – 4348 2821', '', 6, 6, NULL, NULL),
(643, 'Ingrata', ' Gustavo (Doctor)', 'ROEMMERS', '', 0, '', '', '', 6, 6, NULL, NULL),
(644, 'Braver', ' Nicolas', 'RRPP', '', 0, '', '', '', 6, 6, NULL, NULL),
(645, 'Puente', ' Pablo', 'RRPP', '', 0, '', '155 125 048', '', 6, 6, NULL, NULL),
(646, 'Kis', ' Daniel (Resp. Contable)', 'RS4 NEUMATICOS', '', 0, '', '011 – 4745 6762', '', 6, 6, NULL, NULL),
(647, '', '', 'SALA MAYO', '', 0, '', '4316435', '', 6, 6, NULL, NULL),
(648, 'Wainman', ' Juan (Medico Clínico)', 'SALTA  419', '', 0, '', '422 74 44', '', 6, 6, NULL, NULL),
(649, 'Mario', '', 'SAN CAYETANO', '', 0, '', '4220 220 (Remisera) – 4219500 (Adm.) ', '', 6, 6, NULL, NULL),
(650, 'Vergara', ' Carlos', 'San Lorenzo 6109', '', 0, '', '0341 – 4589566 / 4571261 ', '', 6, 6, NULL, NULL),
(651, 'Trazer Buenos Aires', '', 'SANCOR SEGUROS', '', 0, '', '155 029 912', '', 6, 6, NULL, NULL),
(652, '', '', 'SANCOR SEGUROS', '', 0, '', '4225608', '', 6, 6, NULL, NULL),
(653, 'Fuster', ' Patrick ', 'SANOFI AVENTIS', '', 0, '', '011 – 4732 5000 ', '', 6, 6, NULL, NULL),
(654, 'Migliarini', ' Pablo', 'SANOFI AVENTIS', '', 0, '', '', '', 6, 6, NULL, NULL),
(655, 'Taberna', ' Osvaldo (Ingeniero)', 'SANOFI AVENTIS', '', 0, '', '011 – 4732 5000 ', '', 6, 6, NULL, NULL),
(656, 'Martin Carballo', '', 'SAP', '', 0, '', '', '', 6, 6, NULL, NULL),
(657, 'Bisconti', ' Walter', 'SAVANT PHARM', '', 0, '', '011 – 4760 2165', '', 6, 6, NULL, NULL),
(658, 'Porcel Peralta', ' Cristian', 'SAVANT PHARM', '', 0, '', '03576 – 491346', '', 6, 6, NULL, NULL),
(659, 'Bournisen', ' Fabricio', 'SAVANT PHARM ', '', 0, '', '011 – 4730 4606', '', 6, 6, NULL, NULL),
(660, '', '', 'schnellsport', '', 0, '', '011-39727931', '', 6, 6, NULL, NULL),
(661, 'Galeano', ' Martin', 'SCIENZA', '', 0, '', '011 – 5554 7890', '', 6, 6, NULL, NULL),
(662, 'Basso', ' Humberto', 'SCIENZA ARGENTINA', '', 0, '', '011 – 5554 7890', '', 6, 6, NULL, NULL),
(663, '', '', 'SCIENZA ARGENTINA', '', 0, '', '011 – 5554 7890 / 41267900', '', 6, 6, NULL, NULL),
(664, 'Salas', ' Raul Eduardo', 'SECRE MINISTRO SALUD DR. DE LA ROSA', '', 0, '', '', '', 6, 6, NULL, NULL),
(665, 'Farias', ' Camila', 'Secre. Adán Bahl', '', 0, '', '431 35 09', '', 6, 6, NULL, NULL),
(666, 'Alvarez', ' Jessy', 'SECRET. DE PRODUCCION MUNICIPAL', '', 0, '', '4201813 / Casa: 4314280', '', 6, 6, NULL, NULL),
(667, 'Ing. Gonzalez', '', 'SECRET. SALUD PROVINCIA', '', 0, '', '4208806 / 4316779', '', 6, 6, NULL, NULL),
(668, '', '', 'SECRETARIA LEGAL DE LA CIUDAD', '', 0, '', '4211023', '', 6, 6, NULL, NULL),
(669, 'Carrillo', ' Ramón', 'SECRETARIA MEDIO AMBIENTE', '', 0, '', '4202218', '', 6, 6, NULL, NULL),
(670, 'Cabral', ' Miriam ', 'SEDRONAR', '', 0, '', '011 – 43617810', '', 6, 6, NULL, NULL),
(671, 'Novoa', ' Osvaldo', 'SEGURCOOP', '', 0, '', '011 – 53716700', '', 6, 6, NULL, NULL),
(672, 'SEGURCOOP', '', 'SEGURCOOP', '', 0, '', '0 800 999 2976 / 011 – 5371 6700', '', 6, 6, NULL, NULL);
INSERT INTO `mi_agenda` (`id`, `nombre`, `apellido`, `empresa`, `direccion`, `interno`, `celular`, `telefono`, `correo`, `creador`, `modificador`, `created_at`, `updated_at`) VALUES
(673, 'Lic Patricio Hernandez Araya (Gerente División Farmaceútica)', '', 'SEÑOR DE LOS TECHOS', '', 0, '', '156 233156', '', 6, 6, NULL, NULL),
(674, '', '', 'SERCAR (Concordia)', '', 0, '', '0345 – 4230330', '', 6, 6, NULL, NULL),
(675, '', '', 'SERCAR SANTA FE', '', 0, '', '0342 – 455 11 77', '', 6, 6, NULL, NULL),
(676, 'Acosta', ' Miguel', 'SERVICIO DE CATERING', '', 0, '', '4240371', '', 6, 6, NULL, NULL),
(677, 'Bocardo', ' Luciano', 'SIEGFRIED', '', 0, '', '', '', 6, 6, NULL, NULL),
(678, '', '', 'SINDICATO APM SANTA FE', '', 0, '', '0342 – 4598053', '', 6, 6, NULL, NULL),
(679, 'Fisher', ' Ma. Belén', 'SMC', '', 0, '', '', '', 6, 6, NULL, NULL),
(680, 'Almada', ' Marcelo', 'SOLO VIANDA', '', 0, '', '4346623', '', 6, 6, NULL, NULL),
(681, 'Carbajal', ' Monica', 'SPEDROG CAILLON', '', 0, '', '011 – 45017776 / 45033434', '', 6, 6, NULL, NULL),
(682, 'Hernan', 'Coceres', 'SUPERVISOR DE SECURITAS', NULL, 0, '154043004', '4390000', NULL, 6, 6, NULL, '2019-09-16 17:48:07'),
(683, 'Galanti', ' Jorge', 'SUPERVISOR SIL', '', 0, '', '', '', 6, 6, NULL, NULL),
(684, 'Gastaldi', ' Nicolas', 'SWISS MEDICAL', '', 0, '', '4217000 / 4217155', '', 6, 6, NULL, NULL),
(685, 'Kassis', ' Jack', 'TAKEDA', '', 0, '', '011 – 4546 4700', '', 6, 6, NULL, NULL),
(686, 'Oste', ' Martin', 'TAKEDA', '', 0, '', '911 – 015 09 55', '', 6, 6, NULL, NULL),
(687, '', '', 'TALLER GALICIA S.R.L.', '', 0, '', '0342 – 4609296', '', 6, 6, NULL, NULL),
(688, 'Ayala', ' Miguel Angel', 'TAQUEDA MEJICO', '', 0, '', '00 521 55 858 10 301', '', 6, 6, NULL, NULL),
(689, 'Delule', ' Miguel Angel', 'Tecnico electronico', '', 0, '', '154 382 940', '', 6, 6, NULL, NULL),
(690, 'Sr. Barcos ', '', 'TECNIPLEX', '', 0, '', '011 – 4605 4042', '', 6, 6, NULL, NULL),
(691, 'Naravez', ' Ruben', 'TECNOMED', '', 0, '', '', '', 6, 6, NULL, NULL),
(692, 'Herrera', ' Ana', 'Tesoreria – Ministerio de Salud', '', 0, '', '011 – 4379 9000 / 4220 ', '', 6, 6, NULL, NULL),
(693, 'Demagistra', ' Mario', 'TOBER', '', 0, '', '011 – 4207 4043', '', 6, 6, NULL, NULL),
(694, 'Gaston', '', 'Transporte Adrotrans', '', 0, '', '011 - 1524411751', '', 6, 6, NULL, NULL),
(695, 'Sorasio', ' Fabiana', 'TRAVERSO', '', 0, '', '03564 – 423103 / 431175 / 435739', '', 6, 6, NULL, NULL),
(696, 'Valencice', ' José', 'TRAZER', '', 0, '', '011 – 4567 6807 / 6232', '', 6, 6, NULL, NULL),
(697, '', '', 'TRIFERMED', '', 0, '', '003 493 55 28790', '', 6, 6, NULL, NULL),
(698, 'Ferreyro', ' Ricardo', 'UIER', '', 0, '', '', '', 6, 6, NULL, NULL),
(699, 'Caricato', ' Leandro ', 'UNION BULL', '', 0, '', '', '', 6, 6, NULL, NULL),
(700, 'Walter ó Marcelo', '', 'URBANO EXPRESS', '', 0, '', '4226610', '', 6, 6, NULL, NULL),
(701, '', '', 'VALEANT', '', 0, '', '011 – 4502 7788 / 4732 8600', '', 6, 6, NULL, NULL),
(702, 'Gonzalez', ' Dario', 'VEINFARM (PLANTA RODO)', '', 0, '', '011 – 3220 7465/9', '', 6, 6, NULL, NULL),
(703, 'Gustavo', '', 'VENETTA ROSARIO', '', 0, '', '0341 - 453 3666 / 4535100 / 4533339', '', 6, 6, NULL, NULL),
(704, 'Ing. Guillermo Van Opstal', '', 'VIALIDAD PROVINCIAL', '', 0, '', '4248423', '', 6, 6, NULL, NULL),
(705, '', '', 'VICROFER', '', 0, '', '011 – 47453666', '', 6, 6, NULL, NULL),
(706, 'Hummerlagsh', ' Roberto', 'VIHA S.R.L', '', 0, '', '011 – 4542 1027', '', 6, 6, NULL, NULL),
(707, '', '', 'VISA COORPORATE', '', 0, '', '011 – 4379 3333 / 4378 4422', '', 6, 6, NULL, NULL),
(708, 'Schelbeldein', ' Claudio', 'VITIVINICULTURA', '', 0, '', '0342 – 154632392', '', 6, 6, NULL, NULL),
(709, '', '', 'VITRIFICADORA TABLADA', '', 0, '', '011 – 46522629', '', 6, 6, NULL, NULL),
(710, 'Nobile', ' Juan', 'VIVERO  ', '', 0, '', '', '', 6, 6, NULL, NULL),
(711, 'Bataglia', ' Mirta', 'VIVERO DON FELIPE', '', 0, '', '4373713', '', 6, 6, NULL, NULL),
(712, '', '', 'VIVERO DON FELIPE', '', 0, '', '', '', 6, 6, NULL, NULL),
(713, '', '', 'VIVERO LOS LIRIOS', '', 0, '', '', '', 6, 6, NULL, NULL),
(714, 'Donisi', ' Carlos', 'WUIGNIER', '', 0, '', '', '', 6, 6, NULL, NULL),
(715, 'Oleinizak', ' Martin', 'X MÁS', '', 0, '', '407 30 76', '', 6, 6, NULL, NULL),
(716, 'Lopez', ' Julio', 'Carpintero', '', 0, '', '154524124', '', 6, 6, NULL, NULL),
(717, '(ing.alejandro vignolo 011-1554516100)', '', '', '', 0, '', '', '', 6, 6, NULL, NULL),
(718, 'abc fcias.miguel eusebi 011-49411001', '', '', '', 0, '', '(011)4-9435216/7/8', '', 6, 6, NULL, NULL),
(719, 'aberturas valentinuz', '', '', '', 0, '', '4-261718 / 4-365071/73', '', 6, 6, NULL, NULL),
(720, 'abogadas(dra.massone/dra.fda.lopez spañol)', '', '', '', 0, '', '(0221)4-220311', '', 6, 6, NULL, NULL),
(721, 'acerind ', '', '', '', 0, '', '(0342)4692020', '', 6, 6, NULL, NULL),
(722, 'achaval javier ', '', '', '', 0, '', '4-332389 / 4-271165/154252681(Esposa)', '', 6, 6, NULL, NULL),
(723, 'acmed (myriam(drog))maria ros(0351)155196462', '', '', '', 0, '', '(0351)4574849', '', 6, 6, NULL, NULL),
(724, 'acosta cinthia', '', '', '', 0, '', '154-289431', '', 6, 6, NULL, NULL),
(725, 'acp(autorizacion y control)ing.ariel niz', '', '', '', 0, '', '4-226845 / 154-179717', '', 6, 6, NULL, NULL),
(726, 'acrilux plasticos(sta.corina)', '', '', '', 0, '', '(011)4-7130224/4-559246', '', 6, 6, NULL, NULL),
(727, 'acriplast', '', '', '', 0, '', '4-240848', '', 6, 6, NULL, NULL),
(728, 'Actier', '', '', '', 0, '', '4840950/1', '', 6, 6, NULL, NULL),
(729, 'aduanas (dir.gral.sr.bordon)', '', '', '', 0, '', '4-311770/6473', '', 6, 6, NULL, NULL),
(730, 'advance(sop.tecnico 08002223826)', '', '', '', 0, '', '4-319200 Cte.:73504', '', 6, 6, NULL, NULL),
(731, 'advenir drog.(ftco.jorge gicososf)', '', '', '', 0, '', '4-911243', '', 6, 6, NULL, NULL),
(732, 'aero vip (0810-444-2376)', '', '', '', 0, '', '4-364243 (reservas)', '', 6, 6, NULL, NULL),
(733, 'aerolineas argentinas', '', '', '', 0, '', '(0342)4-995512', '', 6, 6, NULL, NULL),
(734, 'Aerolineas Argentinas (Oficinas Aeropuerto Paraná)', '', '', '', 0, '', '4301184 / 4364312', '', 6, 6, NULL, NULL),
(735, 'aerolineas sol (sta fe)', '', '', '', 0, '', '(0342)4541025/28', '', 6, 6, NULL, NULL),
(736, 'aerolineas sta.fe', '', '', '', 0, '', '(0342)4527251 / 4529791', '', 6, 6, NULL, NULL),
(737, 'aeropharma(dr.scheimberg pablo/cristina grimeri)', '', '', '', 0, '', '(011)4-8542063/4-8558430', '', 6, 6, NULL, NULL),
(738, 'aeropuerto sta.fe', '', '', '', 0, '', '(0342)4-995064/63', '', 6, 6, NULL, NULL),
(739, 'aeropuertos argentina 2000', '', '', '', 0, '', '4-261672 / 4-362501', '', 6, 6, NULL, NULL),
(740, 'aerovip', '', '', '', 0, '', '(0342)4995845/50', '', 6, 6, NULL, NULL),
(741, 'afip (cdor.sagemuller 4-221902)', '', '', '', 0, '', '4-228600 / 4-225187 / 4-223033 / 4-22156', '', 6, 6, NULL, NULL),
(742, 'ag (desinfecciones sr.gallino andres)', '', '', '', 0, '', '155123470 / 4311622', '', 6, 6, NULL, NULL),
(743, 'agilents thecnologies', '', '', '', 0, '', '(011)4-81444445/7(fax)', '', 6, 6, NULL, NULL),
(744, 'agran (011-45546337)', '', '', '', 0, '', '(011)45557372', '', 6, 6, NULL, NULL),
(745, 'Agua Nuestra', '', '', '', 0, '', '4-327272', '', 6, 6, NULL, NULL),
(746, 'aguiar (dra.)', '', '', '', 0, '', '155128657', '', 6, 6, NULL, NULL),
(747, 'aguirre (paraguay)', '', '', '', 0, '', '00595-Cel-971200397 / 21210216(chino)', '', 6, 6, NULL, NULL),
(748, 'Aguirre', ' Viviana', '', '', 0, '', '0342-4592726', '', 6, 6, NULL, NULL),
(749, 'aicap (precintos)ing minero/susana', '', '', '', 0, '', '011 – 43022274', '', 6, 6, NULL, NULL),
(750, 'airbag lab.', '', '', '', 0, '', '(011)47557172', '', 6, 6, NULL, NULL),
(751, 'aire acondicionado(osvaldo banone)', '', '', '', 0, '', '4-217007/155447323', '', 6, 6, NULL, NULL),
(752, 'airfil', '', '', '', 0, '', '(011)43438429 / 43426706', '', 6, 6, NULL, NULL),
(753, 'airgain(senador)', '', '', '', 0, '', '(03455) 4208216 / 15624421 / 4229531', '', 6, 6, NULL, NULL),
(754, 'aizaga ', '', '', '', 0, '', '4-222466', '', 6, 6, NULL, NULL),
(755, 'alba cra.', '', '', '', 0, '', '(011)43740526', '', 6, 6, NULL, NULL),
(756, 'albisu roberto', '', '', '', 0, '', '4-201542/4', '', 6, 6, NULL, NULL),
(757, 'albornoz miguel(sec.medio ambiente)ing misatto', '', '', '', 0, '', '4-208879 / 4-232144', '', 6, 6, NULL, NULL),
(758, 'alcain comunicaciones', '', '', '', 0, '', '4-226498/4230198/4234400', '', 6, 6, NULL, NULL),
(759, 'alcoholes del plata', '', '', '', 0, '', '(011)45234904', '', 6, 6, NULL, NULL),
(760, 'alconar (dr.mullor)', '', '', '', 0, '', '(011)44632222', '', 6, 6, NULL, NULL),
(761, 'alconar (lorena) ', '', '', '', 0, '', '(011)44632222', '', 6, 6, NULL, NULL),
(762, 'alcorta pharma(tista carlos)', '', '', '', 0, '', '4-241714', '', 6, 6, NULL, NULL),
(763, 'aldas (est.contable)', '', '', '', 0, '', '4-219958 / 43030502', '', 6, 6, NULL, NULL),
(764, 'Aldas', ' Martin', '', '', 0, '', '011 – 4003 6500', '', 6, 6, NULL, NULL),
(765, 'aldrei horacio ', '', '', '', 0, '', '4-342485 / 156214255', '', 6, 6, NULL, NULL),
(766, 'alesain ricardo', '', '', '', 0, '', '4-316313', '', 6, 6, NULL, NULL),
(767, 'aliaga jorge', '', '', '', 0, '', '(011)47932402 / (011)1561318299', '', 6, 6, NULL, NULL),
(768, 'Leonardo ', 'Almeida ', '', '', NULL, '', '4-248983 / 156100206', '', 6, 6, NULL, NULL),
(769, 'Almirón', ' Hector', '', '', NULL, '', '4975537', '', 6, 6, NULL, NULL),
(770, 'Norma', 'Alonso', '', '', NULL, '', '4-214130(consul)4-224596(part)', '', 6, 6, NULL, NULL),
(771, 'alpina s.a.(marcelo graff)', '', '', '', NULL, '', '4-365451', '', 6, 6, NULL, NULL),
(772, 'alquiler (veronica sr.suarez)', '', '', '', NULL, '', '(011)4-7885000', '', 6, 6, NULL, NULL),
(773, 'alquimia', '', '', '', NULL, NULL, '(0342)4-609486', '', 6, 6, NULL, NULL),
(774, 'alta cruz (sr.pablo silva)', '', '', '', NULL, NULL, '(03783)425450', '', 6, 6, NULL, NULL),
(775, 'altana', '', '', '', NULL, '', '(011)45464709/07/00 ', '', 6, 6, NULL, NULL),
(776, 'alumbrado publico(ing ptrilli 4-240044)', '', '', '', NULL, '', '4-240104', '', 6, 6, NULL, NULL),
(777, 'alumpack s.a.', '', '', '', NULL, '', '(011)47312000', '', 6, 6, NULL, NULL),
(778, 'alvarez juan jose (prod)', NULL, NULL, NULL, 0, NULL, '154-473022', NULL, 6, 6, NULL, '2019-08-27 17:58:51'),
(779, 'alzamendi carlos ing.', '', '', '', 0, '', '4-330268', '', 6, 6, NULL, NULL),
(780, 'Nestor', 'Amaral', '', '', 0, '', '', '', 6, 6, NULL, NULL),
(781, 'amb (arq.bigi)011-1541853031', '', '', '', 0, '', '(011)47800508', '', 6, 6, NULL, NULL),
(782, 'amezaga ma.fernanda', '', '', '', 0, '', '154065368 / 4982268', '', 6, 6, NULL, NULL),
(783, 'amoplast s.a. (sr.maino)', '', '', '', 0, '', '(0341)4-816656/9', '', 6, 6, NULL, NULL),
(784, 'Rina', 'Amuchastegui', '', '', 0, '', '', '', 6, 6, NULL, NULL),
(785, 'analisis quimicos (lab)', '', '', '', 0, '', '4-317900', '', 6, 6, NULL, NULL),
(786, 'analytical technologies', '', '', '', 0, '', '(011)48144445 / 48144447(fax)', '', 6, 6, NULL, NULL),
(787, 'andesmar (sr.miguel)', '', '', '', 0, '', '4-232963', '', 6, 6, NULL, NULL),
(788, 'Andrea', '', '', '', 0, '', '011 – 4753 7474 ', '', 6, 6, NULL, NULL),
(789, 'andreani logistica s.a. . enrique cicasso (2063', '', '', '', 0, '', '(0342) 154289849 / Int. 3008 / 115139515', '', 6, 6, NULL, NULL),
(790, 'andreani logistica s.a.(pablo)', '', '', '', 0, '', '(0342)154304017                         ', '', 6, 6, NULL, NULL),
(791, 'andreani logistica s.a.(sr.bianchi/sr.esteban bacco)', '', '', '', 0, '', '(0342)4 15 0060 /66 – Gustavo Sandillú :', '', 6, 6, NULL, NULL),
(792, 'andreani(at.al cliente)', '', '', '', 0, '', '(011)4-3030700/4-223425(Ayelen)', '', 6, 6, NULL, NULL),
(793, 'andromaco lab.(sr.rodrigo caceres)', '', '', '', 0, '', '(011)40216078', '', 6, 6, NULL, NULL),
(794, 'Angeloz (Dr.)', '', '', '', 0, '', '011 – 4819 7992', '', 6, 6, NULL, NULL),
(795, 'antiche gustavo (155079368)', '', '', '', 0, '', '(0261)4-301160/4-378085', '', 6, 6, NULL, NULL),
(796, 'Antiche', ' Gustavo', '', '', 0, '', '', '', 6, 6, NULL, NULL),
(797, 'antuña hector (distribuidor)', '', '', '', 0, '', '(0223)4723138', '', 6, 6, NULL, NULL),
(798, 'api (adm.gral.de impuestos)', '', '', '', 0, '', '(0342)4571995', '', 6, 6, NULL, NULL),
(799, 'Aragna', ' Viviana', '', '', 0, '', '', '', 6, 6, NULL, NULL),
(800, 'araya osvaldo dist.med.', '', '', '', 0, '', '(0341)4-111040 (part)', '', 6, 6, NULL, NULL),
(801, 'arbitelli cristina (escrib.)4-201687', '', '', '', 0, '', '4-201671/26', '', 6, 6, NULL, NULL),
(802, 'arbitelli(escribania)', '', '', '', 0, '', '4-211890/4-201541', '', 6, 6, NULL, NULL),
(803, 'arcano (dr.butkus)lab ', '', '', '', 0, '', '(011)49229469/9650', '', 6, 6, NULL, NULL),
(804, 'arcano laborat.(eduardo spantarelli)(amalia)', '', '', '', 0, '', '(011)49219673 / 49229650', '', 6, 6, NULL, NULL),
(805, 'arcano s.a.(lab)dr.mariaggi oscar', '', '', '', 0, '', '(011)49229469 / 650', '', 6, 6, NULL, NULL),
(806, 'arenadora (sr.sebastian muñoz)', '', '', '', 0, '', '4-353557(pqe.ind)', '', 6, 6, NULL, NULL),
(807, 'Arenas', ' Augusto Nino Arenas', '', '', 0, '', '4310585', '', 6, 6, NULL, NULL),
(808, 'ares y enderiz (despacho aduana)', '', '', '', 0, '', '(011)51998330/43827511', '', 6, 6, NULL, NULL),
(809, 'argeneco (recoleccion de residuos patologicos)', '', '', '', 0, '', '(011)45039152', '', 6, 6, NULL, NULL),
(810, 'argenpack s.a.', '', '', '', 0, '', '(011)48781046/47/48/49', '', 6, 6, NULL, NULL),
(811, 'argentina drog.', '', '', '', 0, '', '(03752)424706/661', '', 6, 6, NULL, NULL),
(812, 'arias (drog) dr.arias victorio', '', '', '', 0, '', '(03571)493323 / (0358) 46551877', '', 6, 6, NULL, NULL),
(813, 'aries drog. (tvc) 4001925', '', '', '', 0, '', '(0381) 4369203', '', 6, 6, NULL, NULL),
(814, 'aristobulo gomez ruperez s.a.', '', '', '', 0, '', '(0341)4-5010061 / 4-5023481', '', 6, 6, NULL, NULL),
(815, 'Armocida', '', '', '', 0, '', '4208160 / 4207861 / 4840897', '', 6, 6, NULL, NULL),
(816, 'arnet (cte.1068776)', '', '', '', 0, '', '0800-888-0800 Int:4419 Alejandra Rossi', '', 6, 6, NULL, NULL),
(817, 'Arostegui', '', '', '', 0, '', '011-1535528776', '', 6, 6, NULL, NULL),
(818, 'arquiar s.r.l. (ing diaz)', '', '', '', 0, '', '(011)44890991', '', 6, 6, NULL, NULL),
(819, 'Arrigoni', ' Carlos (Ingeniero)', '', '', 0, '', '011 – 4252 0536 / 90463', '', 6, 6, NULL, NULL),
(820, 'Arrospide', ' Viviana', '', '', 0, '', '4217627', '', 6, 6, NULL, NULL),
(821, 'artcon-jorge bocanegna-servicon', '', '', '', 0, '', '(0345)4-220577', '', 6, 6, NULL, NULL),
(822, 'artec s.r.l.', '', '', '', 0, '', '(0356)4422963', '', 6, 6, NULL, NULL),
(823, 'arus com.ext.sr.aquiles araus', '', '', '', 0, '', '4-225466', '', 6, 6, NULL, NULL),
(824, 'arvitec(sr.lopez)', '', '', '', 0, '', '(011)4-7132233/2124', '', 6, 6, NULL, NULL),
(825, 'ascembrom fco.serv.tco.', '', '', '', 0, '', '4-313056', '', 6, 6, NULL, NULL),
(826, 'asempi(asoc.emp.de pque.industrial)', '', '', '', 0, '', '', '', 6, 6, NULL, NULL),
(827, 'asistencial (drog)(dr', 'medi)', '', '', 0, '', '(02477)424444 / 443344', '', 6, 6, NULL, NULL),
(828, 'asisthos (esterilizador)', '', '', '', 0, '', '(011)47131681/2 / 4-7531360 / 1544743709', '', 6, 6, NULL, NULL),
(829, 'asoc.agente propaganda medica', '', '', '', 0, '', '4-225534/4-316507', '', 6, 6, NULL, NULL),
(830, 'asoc.proveedores de e.r.(sr.barbaro)', '', '', '', 0, '', '155039154 / 4-362615', '', 6, 6, NULL, NULL),
(831, 'asprius', '', '', '', 0, '', '(011)45515674', '', 6, 6, NULL, NULL),
(833, 'asya', '', '', '', 0, '', '(011)50328560', '', 6, 6, NULL, NULL),
(834, 'atlas lab (dr.martinez)', '', '', '', 0, '', '(011)42034240', '', 6, 6, NULL, NULL),
(835, 'automacion', '', '', '', 0, '', '(011)49186763', '', 6, 6, NULL, NULL),
(836, 'avalos facundo sct(calibracion)', '', '', '', 0, '', '(011)42433759', '', 6, 6, NULL, NULL),
(837, 'avenida drog.(sr.miño)', '', '', '', 0, '', '(03783) 421290 / 421660', '', 6, 6, NULL, NULL),
(838, 'avero sergio (dr.)(fiscalia de estado)', '', '', '', 0, '', '4-208153 / 4-230406(est)/156203082', '', 6, 6, NULL, NULL),
(839, 'avic(jorge marconi)', '', '', '', 0, '', '(011)4-7436880/(011)1553439017', '', 6, 6, NULL, NULL),
(840, 'avic(rafael castellanos 011-1550636140)', '', '', '', 0, '', '(03327)443890(011)5711136/1369 ', '', 6, 6, NULL, NULL),
(841, 'avila andrea -pnud-', '', '', '', 0, '', '(011)43729361/ 43719567', '', 6, 6, NULL, NULL),
(842, 'aviles hugo ', '', '', '', 0, '', '4-330908', '', 6, 6, NULL, NULL),
(843, 'Ayala', ' Miguel', '', '', 0, '', '', '', 6, 6, NULL, NULL),
(844, 'aybar martin (compu center)', '', '', '', 0, '', '154-535640', '', 6, 6, NULL, NULL),
(845, 'Bernardo (Cacho)', 'Azvalinsky', 'Genersis', NULL, 0, '155092205', '(0342) 4594846 (hijo Alejandro)', NULL, 6, 6, NULL, '2019-01-28 19:18:10'),
(846, 'baccarini ricardo ', '', '', '', 0, '', '(011)42444728 (Part.) / 46421259', '', 6, 6, NULL, NULL),
(847, 'badano victor (escribano)', '', '', '', 0, '', '4-225285 / 4-312154(Est) / 155441111', '', 6, 6, NULL, NULL),
(848, 'bai dr. ', '', '', '', 0, '', '(0342)4560119 / 4559969 / 4-810523 (dire', '', 6, 6, NULL, NULL),
(849, 'baigorria jorge (dr)', '', '', '', 0, '', '4-318355 / 156215039', '', 6, 6, NULL, NULL),
(850, 'baking s.r.l. (monica int.21)', '', '', '', 0, '', '(011) 45826123 / 7450 (fax)', '', 6, 6, NULL, NULL),
(851, 'balanzas (antonio hankus)', '', '', '', 0, '', '(011) 47974764', '', 6, 6, NULL, NULL),
(852, 'Balbuena', ' Mariano', '', '', 0, '', '', '', 6, 6, NULL, NULL),
(853, 'baldi jorge', '', '', '', 0, '', '(011)1541791948 / 49536253 (Of.)', '', 6, 6, NULL, NULL),
(854, 'baldivia ', '', '', '', 0, '', '(011)46237956 / (011)154004155', '', 6, 6, NULL, NULL),
(855, 'banca nazionale del lavoro', '', '', '', 0, '', '4-230300', '', 6, 6, NULL, NULL),
(856, 'banini alberto (lic.)', '', '', '', 0, '', '154-286967 / 156-337230 (Esposa)', '', 6, 6, NULL, NULL),
(857, 'bardaro francisco (dr.)', '', '', '', 0, '', '4-312029 / 4-315105 (Of.)', '', 6, 6, NULL, NULL),
(858, 'Barone', ' Hector', '', '', 0, '', '', '', 6, 6, NULL, NULL),
(859, 'barrandeguy julieta (bioqca.)', '', '', '', 0, '', '4-225594', '', 6, 6, NULL, NULL),
(860, 'barreto diego y pablo (cont.ext.)', '', '', '', 0, '', '4-245139', '', 6, 6, NULL, NULL),
(861, 'Basso', ' Humberto', '', '', 0, '', '155441111', '', 6, 6, NULL, NULL),
(862, 'bast adriana (bioqca.-crespo)', '', '', '', 0, '', '4-952123', '', 6, 6, NULL, NULL),
(863, 'battistela julio', '', '', '', 0, '', '(0342) 4602830 / 4609143 / 154294382', '', 6, 6, NULL, NULL),
(864, 'baver (drog.)', '', '', '', 0, '', '(0221) 4834614 / 4254241', '', 6, 6, NULL, NULL),
(865, 'bco.bersa (jorgelina int.1278)(gte.camisasa)', '', '', '', 0, '', '4201308 / 4-201200 / 4-318889', '', 6, 6, NULL, NULL),
(866, 'bco.bisel (gladys)', '', '', '', 0, '', '4-230124', '', 6, 6, NULL, NULL),
(867, 'bco.credicoop (rodolfo(int.108)-pedro-gte.lamigust)(vanina int.109)', NULL, NULL, NULL, 0, NULL, '4-313986 / 4-314683/ Rodolfo: 155126156', NULL, 6, 39, NULL, '2020-01-09 13:58:41'),
(868, 'bco.frances (dario rocha)', '', '', '', 0, '', '(0342)4554358 / 4-565053/54/57', '', 6, 6, NULL, NULL),
(869, 'bco.frances (gustavo gallardo)', '', '', '', 0, '', '4-230225 / 4-232418', '', 6, 6, NULL, NULL),
(870, 'bco.macro (hernan lasus)', '', '', '', 0, '', '4-218327', '', 6, 6, NULL, NULL),
(871, 'bco.nacion', '', '', '', 0, '', '4230041 / 4230140', '', 6, 6, NULL, NULL),
(872, 'bco.nacion (garcia int.348)gte.mola', '', '', '', 0, '', '4-232036 / 4-230105/140 (fax)', '', 6, 6, NULL, NULL),
(873, 'bco.nacion (serra marta int.312)', '', '', '', 0, '', ' 156-227637', '', 6, 6, NULL, NULL),
(874, 'bco.nacion florencia (int.320)', '', '', '', 0, '', '4212020', '', 6, 6, NULL, NULL),
(875, 'bco.rio', '', '', '', 0, '', '', '', 6, 6, NULL, NULL),
(876, 'bco.suquia (gte.basilio mario)dra.musto int.1394', '', '', '', 0, '', '4-317542 / 4-224099', '', 6, 6, NULL, NULL),
(877, 'Bechetti (Dr.)', '', '', '', 0, '', '4320680 – 4224945', '', 6, 6, NULL, NULL),
(878, 'Becic', ' Alejandro', '', '', 0, '', '4227392 – 4221797', '', 6, 6, NULL, NULL),
(879, 'beglinomini silvia ', '', '', '', 0, '', '4-261202', '', 6, 6, NULL, NULL),
(880, 'Benavento', '', '', '', 0, '', '', '', 6, 6, NULL, NULL),
(881, 'Benedetti', ' Natalia', '', '', 0, '', '', '', 6, 6, NULL, NULL),
(882, 'ben-farm (sr.brandolino alberto)', '', '', '', 0, '', '(011) 45724936', '', 6, 6, NULL, NULL),
(883, 'benitez guillermo (internet)', '', '', '', 0, '', '4-230910 / 156-206020', '', 6, 6, NULL, NULL),
(884, 'benitez joel ', '', '', '', 0, '', '(0342) 4558545', '', 6, 6, NULL, NULL),
(885, 'benitez raul (com.exterior)', '', '', '', 0, '', '4-208160 / 4-207867 / 154-290175', '', 6, 6, NULL, NULL),
(886, 'benvenuto guillermo (dist.johnson)', '', '', '', 0, '', '4-3208016 / 156-204675 (Elsa)', '', 6, 6, NULL, NULL),
(887, 'berduc alfredo (dr.) 155-120453', '', '', '', 0, '', '4-217766(Htal.San Roque)4-316455(part)', '', 6, 6, NULL, NULL),
(888, 'bergallo federico ', '', '', '', 0, '', '4-350239 (Of.) / 4-352318 (part.) / 154-', '', 6, 6, NULL, NULL),
(889, 'berlo carlos (dr.)', '', '', '', 0, '', '155-432788', '', 6, 6, NULL, NULL),
(890, 'bernardi hnos.', '', '', '', 0, '', '(011) 49235795', '', 6, 6, NULL, NULL),
(891, 'Berreta', ' Florencia', '', '', 0, '', '', '', 6, 6, NULL, NULL),
(892, 'bertelotti esio (ing.)', '', '', '', 0, '', '4-201664', '', 6, 6, NULL, NULL),
(893, 'bertona alberto', '', '', '', 0, '', '(0342)4562632/0888', '', 6, 6, NULL, NULL),
(894, 'bety dario', '', '', '', 0, '', '156-233050', '', 6, 6, NULL, NULL),
(895, 'Biaggini', ' Adrian', '', '', 0, '', '', '', 6, 6, NULL, NULL),
(896, 'bianchi (cartonero)', '', '', '', 0, '', '4-313883', '', 6, 6, NULL, NULL),
(897, 'bio med (drog.) (esteban)', '', '', '', 0, '', '4-320596', '', 6, 6, NULL, NULL),
(898, 'bioesanco s.a.', '', '', '', 0, '', '(011) 52371111 / (011) 52366638', '', 6, 6, NULL, NULL),
(899, 'biofar s.r.l.(drog.) sr.claro', '', '', '', 0, '', '(03722) 441212', '', 6, 6, NULL, NULL),
(900, 'biofarm (sr.reynoso)', '', '', '', 0, '', '4-030307/2797', '', 6, 6, NULL, NULL),
(901, 'bioingenieria', '', '', '', 0, '', '(0387) 156836556 / 4011652', '', 6, 6, NULL, NULL),
(902, 'biondi juan carlos', '', '', '', 0, '', '156-230344 / 4-246709', '', 6, 6, NULL, NULL),
(903, 'biopore (gabriela junod)', '', '', '', 0, '', '(011) 43298000', '', 6, 6, NULL, NULL),
(904, 'biotenk (quiroga santiago)', '', '', '', 0, '', '(011) 46040204', '', 6, 6, NULL, NULL),
(905, 'birman y cia. (marisol)', '', '', '', 0, '', '(011) 47520035', '', 6, 6, NULL, NULL),
(906, 'birolo leandro (la meridional seg.)', '', '', '', 0, '', '4-315548', '', 6, 6, NULL, NULL),
(907, 'bkb drogueria ', '', '', '', 0, '', '(011) 48544562', '', 6, 6, NULL, NULL),
(908, 'blejman eugenio', '', '', '', 0, '', '(011) 49614268 / 1556379436', '', 6, 6, NULL, NULL),
(909, 'boaglio silvia (cdora.)', '', '', '', 0, '', '4-20150', '', 6, 6, NULL, NULL),
(910, 'boaso jose (geronimo)', '', '', '', 0, '', '155-042981', '', 6, 6, NULL, NULL),
(911, 'Bobet', ' Carlos', '', '', 0, '', '', '', 6, 6, NULL, NULL),
(912, 'bobinados anis (sr.martinez)', '', '', '', 0, '', '', '', 6, 6, NULL, NULL),
(913, 'Bocanegra', ' Raúl ', '', '', 0, '', '', '', 6, 6, NULL, NULL),
(914, 'bollini (escribano)', '', '', '', 0, '', '(011) 43433776', '', 6, 6, NULL, NULL),
(915, 'bomberos - comisario furios', '', '', '', 0, '', '100', '', 6, 6, NULL, NULL),
(916, 'Borini', ' Lucio', '', '', 0, '', '', '', 6, 6, NULL, NULL),
(917, 'boumeran ma.jose', '', '', '', 0, '', '(011) 43420041', '', 6, 6, NULL, NULL),
(918, 'bourdin andres (petropack)', '', '', '', 0, '', '156-202661', '', 6, 6, NULL, NULL),
(919, 'Bournices', ' Fabricio', '', '', 0, '', '', '', 6, 6, NULL, NULL),
(920, 'bovier tadeo (gruas)', '', '', '', 0, '', '4-261556 / 156-238697/690', '', 6, 6, NULL, NULL),
(921, 'Braber', ' Mariano', '', '', 0, '', '011 45016453 ', '', 6, 6, NULL, NULL),
(922, 'branel (dr.molina alejandro)', '', '', '', 0, '', '(011)45411803 / (011)154-9923219', '', 6, 6, NULL, NULL),
(923, 'braza valeria', '', '', '', 0, '', '4-225059', '', 6, 6, NULL, NULL),
(924, 'brias hector (imprenta)', '', '', '', 0, '', '4-310796', '', 6, 6, NULL, NULL),
(925, 'brinext ', '', '', '', 0, '', '(0342)4699117 / 4601683 / 155464051 (Osm', '', 6, 6, NULL, NULL),
(926, 'britania lab.', '', '', '', 0, '', '(011) 43060041', '', 6, 6, NULL, NULL),
(927, 'brogno matias ', '', '', '', 0, '', '(011)45040910 / 154-5339758 /45239358(pa', '', 6, 6, NULL, NULL),
(928, 'Brogno', ' Matias', '', '', 0, '', '011 – 4504 0910 / 4523 9358', '', 6, 6, NULL, NULL),
(929, 'bromatologia (dr.elizalde/marta gonzalez)secret:ana maria)', '', '', '', 0, '', '4-243851 / 4-343980', '', 6, 6, NULL, NULL),
(930, 'brondani sergio', '', '', '', 0, '', '4-363537 / 156-217730', '', 6, 6, NULL, NULL),
(931, 'bruera mariano', '', '', '', 0, '', '154-576715', '', 6, 6, NULL, NULL),
(932, 'bruner leon (distrib.)', '', '', '', 0, '', '(011) 47767701', '', 6, 6, NULL, NULL),
(933, 'Bruner', ' Leon', '', '', 0, '', '011 – 4776 7701', '', 6, 6, NULL, NULL),
(934, 'bucema beto (155-124292)', '', '', '', 0, '', '4-302508 (Cristina) / 4-320258 (part.)', '', 6, 6, NULL, NULL),
(935, 'bude ugarte mariana ', '', '', '', 0, '', '4-981525 (Diam) / (0342) 4530302 Int.3 (', '', 6, 6, NULL, NULL),
(936, 'Bueno', ' Diego', '', '', 0, '', '', '', 6, 6, NULL, NULL),
(937, 'Bulone', ' Diego', '', '', 0, '', '011 – 47339644', '', 6, 6, NULL, NULL),
(938, 'Burati', ' Roberto', '', '', 0, '', '', '', 6, 6, NULL, NULL),
(939, 'Bustamante', ' Ricardo (Dr.)', '', '', 0, '', '011 – 48129255 / 9746 ó 48144068', '', 6, 6, NULL, NULL),
(940, 'Cabana', ' Marina', '', '', 0, '', '', '', 6, 6, NULL, NULL),
(941, 'Cacciabue', ' Gaston', '', '', 0, '', '', '', 6, 6, NULL, NULL),
(942, 'Caivano', ' Hugo', '', '', 0, '', '011 – 4601 6910 ', '', 6, 6, NULL, NULL),
(943, 'Caludio', '', '', '', 0, '', '', '', 6, 6, NULL, NULL),
(944, 'Caminos', ' Lorena', '', '', 0, '', '', '', 6, 6, NULL, NULL),
(945, 'Camoirano', ' Mariano', '', '', 0, '', '', '', 6, 6, NULL, NULL),
(946, 'Cancelli (Lic.)', NULL, 'Secretaria Comercio Interior', NULL, 0, NULL, '011 – 43493467', NULL, 6, 6, NULL, '2019-05-28 17:17:17'),
(947, 'Cano (Contador)', '', '', '', 0, '', '', '', 6, 6, NULL, NULL),
(948, 'Cano', ' Dario (Contador)', '', '', 0, '', '4314 821 (Estudio: Malvinas 122)  / 4313', '', 6, 6, NULL, NULL),
(949, 'Cantos Fonseca', '', '', '', 0, '', '', '', 6, 6, NULL, NULL),
(950, 'carapellas y salas (estudio)', '', '', '', 0, '', '4312198 / 4219172 / 155111597 (Salas)', '', 6, 6, NULL, NULL),
(951, 'carelli (tecnolux s.a.)', '', '', '', 0, '', '(011) 47512324 / 45726700 (Part)', '', 6, 6, NULL, NULL),
(952, 'careteles propancom (sr.spiedo)', '', '', '', 0, '', '156-233787', '', 6, 6, NULL, NULL),
(953, 'carmagnac jorge ', '', '', '', 0, '', '4-261755 / 154058499', '', 6, 6, NULL, NULL),
(954, 'carnero (interlut cia.)', '', '', '', 0, '', '(011)46325881/5901 / 1540505903', '', 6, 6, NULL, NULL),
(955, 'casa de gobierno de e.r. (conmutador)', '', '', '', 0, '', '4-208300/500', '', 6, 6, NULL, NULL),
(956, 'casa omar (bazar-tazas)', '', '', '', 0, '', '(011) 49414906', '', 6, 6, NULL, NULL),
(957, 'casablanca carlos (publicidad)', '', '', '', 0, '', '4-317738 / 4-316221 / 155124046', '', 6, 6, NULL, NULL),
(958, 'casey distri.(tuc.)', '', '', '', 0, '', '(0381)4322626/16', '', 6, 6, NULL, NULL),
(959, 'Cassará', ' Jorge', '', '', 0, '', 'Alsira: 011-46864767 / 011-46876053 / 60', '', 6, 6, NULL, NULL),
(960, 'castellan reynaldo (pintor)', '', '', '', 0, '', '4-316789', '', 6, 6, NULL, NULL),
(961, 'causso pablo', '', '', '', 0, '', '(0342) 4606137 / 155036798', '', 6, 6, NULL, NULL),
(962, 'Cavallero', ' Hernan', '', '', 0, '', '011 – 46001040', '', 6, 6, NULL, NULL),
(963, 'centro comercial e industrial', '', '', '', 0, '', '4-312785', '', 6, 6, NULL, NULL),
(964, 'ceramica cosmos(diego ludkin - leandro martenchi)', '', '', '', 0, '', '(011)48625599', '', 6, 6, NULL, NULL),
(965, 'Chemez', ' Emir', '', '', 0, '', '', '', 6, 6, NULL, NULL),
(966, 'Chillado', ' Nestor', '', '', 0, '', '011 – 4672 5015 / 17', '', 6, 6, NULL, NULL),
(967, 'Cibeta', ' Maria Jose', '', '', 0, '', '011 – 47048621', '', 6, 6, NULL, NULL),
(968, 'Ciccasso', ' Enrique ', '', '', 0, '', '', '', 6, 6, NULL, NULL),
(969, 'coasin (sra.blanca forber)', '', '', '', 0, '', '(011)45523185 / 1544095769(Diego)', '', 6, 6, NULL, NULL),
(970, 'Colegio de Farmacéuticos', '', '', '', 0, '', '442 0800', '', 6, 6, NULL, NULL),
(971, 'colores', '', '', '', 0, '', '155030088', '', 6, 6, NULL, NULL),
(972, '\"comercio ext.y relac.int.(cr.gomez', 'benitez raul', 'busti silvia)\"', '', 0, '', '', '', 6, 6, '0000-00-00 00:00:00', '0000-00-00 00:00:00'),
(973, 'como en casa ', '', '', '', 0, '', '154-050957 (Alejandro)', '', 6, 6, NULL, NULL),
(974, 'como en casa ', '', '', '', 0, '', '154-563759 (Pablo)', '', 6, 6, NULL, NULL),
(975, 'como en casa ', '', '', '', 0, '', '4-030002', '', 6, 6, NULL, NULL),
(976, 'condarco s.a.', '', '', '', 0, '', '(011)47049655/8', '', 6, 6, NULL, NULL),
(977, 'conizza ricardo', '', '', '', 0, '', '(011)49516559 / 49525852', '', 6, 6, NULL, NULL),
(978, 'coop.ftca.de cordoba', '', '', '', 0, '', '(0351)4221213 / 4234514 (Fax)', '', 6, 6, NULL, NULL),
(979, 'cordoba guillermo (medicam exportar)', '', '', '', 0, '', '(011) 47993606', '', 6, 6, NULL, NULL),
(980, 'cornejo carlos (dr.)', '', '', '', 0, '', '4-363626(Zanni)/4-226766 / 4-236663(casa', '', 6, 6, NULL, NULL),
(981, 'cornu oscar', '', '', '', 0, '', '(0341) 155-781470', '', 6, 6, NULL, NULL),
(982, 'Corona', ' Daniel (Odontólogo)', '', '', 0, '', '4230807', '', 6, 6, NULL, NULL),
(983, 'Corona', ' Ovidio', '', '', 0, '', '', '', 6, 6, NULL, NULL),
(984, 'Coronel', ' Jorge F. (Cr.)', '', '', 0, '', '', '', 6, 6, NULL, NULL),
(985, 'cosensa aldo (excelencia automotriz)', '', '', '', 0, '', '(011) 48311415/0680', '', 6, 6, NULL, NULL),
(986, 'cosmo (drog.)', '', '', '', 0, '', '(0381)4343013 / 4340998', '', 6, 6, NULL, NULL),
(987, 'credigal (esther gallino)', '', '', '', 0, '', '4-230303/995', '', 6, 6, NULL, NULL),
(989, 'Cretón', ' José', '', '', 0, '', '', '', 6, 6, NULL, NULL),
(990, 'cronimo s.a. (daniela/jose santillan)', '', '', '', 0, '', '(011)47271530', '', 6, 6, NULL, NULL),
(991, 'Cruz', ' Enrique', '', '', 0, '', '011 – 156 358 4008', '', 6, 6, NULL, NULL),
(992, 'cti (agente) (reclamos *611)', '', '', '', 0, '', '4-217796', '', 6, 6, NULL, NULL),
(993, 'cuatrin marcelo (mecanico)', '', '', '', 0, '', '4-331743', '', 6, 6, NULL, NULL),
(994, 'cuba control (sr.luis)', '', '', '', 0, '', '(011) 47678689', '', 6, 6, NULL, NULL),
(995, 'cuba embajada', '', '', '', 0, '', '00-537-2042565', '', 6, 6, NULL, NULL),
(996, 'cubana aviacion (sr.gustavo codino)(silvana/alejandra/carina)', '', '', '', 0, '', '(011)43943421 / 43265291 / 43265291/92/9', '', 6, 6, NULL, NULL),
(997, 'cubiertos para autos', '', '', '', 0, '', '(0341)4552149(Sr.Santi) /(0341)156404488', '', 6, 6, NULL, NULL),
(998, 'cudini luis (ing.)(cartocor)', '', '', '', 0, '', '155-036285 / 4-206057 (Cartocoor)', '', 6, 6, NULL, NULL),
(999, 'Cudini', ' Luis', '', '', 0, '', '', '', 6, 6, NULL, NULL),
(1000, 'Curvale', ' Pamela', '', '', 0, '', '', '', 6, 6, NULL, NULL),
(1001, 'Cuscueta', ' Carlos', '', '', 0, '', '4351939 – 154 484 366', '', 6, 6, NULL, NULL),
(1002, 'Daviasse', '', '', '', 0, '', '156110822', '', 6, 6, NULL, NULL),
(1003, 'Patricia', 'Benci', 'Laboratorio Dominguez', 'M. de Moussy 41 - Paraná', 0, NULL, '4217575 / 4313027', NULL, 6, 6, NULL, '2019-09-30 23:25:41'),
(1004, 'Dr. Bechetti', '', '', '', 0, '', '4320680 – 4224945', '', 6, 6, NULL, NULL),
(1005, 'Dr. Becic', '', '', '', 0, '', '4227392', '', 6, 6, NULL, NULL),
(1006, 'Dr. Casteluchi ', '', '', '', 0, '', '', '', 6, 6, NULL, NULL),
(1007, 'Dr. Churruarin', ' Ignacio', '', '', 0, '', '0343- 154591710', '', 6, 6, NULL, NULL),
(1008, 'Dr. Mariano', 'Churruarin', NULL, NULL, 0, NULL, '0343-154726000', NULL, 6, 6, NULL, '2019-09-24 16:35:46'),
(1009, 'Dr. Crocce', '', '', '', 0, '', '011 – 4782 3142 / 4780 3856', '', 6, 6, NULL, NULL),
(1010, 'DR. Mosquera', '', '', '', 0, '', '', '', 6, 6, NULL, NULL),
(1011, 'Dr. Roche', '', '', '', 0, '', '4234127', '', 6, 6, NULL, NULL),
(1012, 'Dr. Vegiersky Zigmud', '', '', '', 0, '', '011 – 4782 3142', '', 6, 6, NULL, NULL),
(1013, 'Dra. Bello', ' Jorgelina', '', '', 0, '', '4235451 / 4234127', '', 6, 6, NULL, NULL),
(1014, 'Dra. DiPaola', '', '', '', 0, '', '', '', 6, 6, NULL, NULL),
(1015, 'Dra. Giachero', '', '', '', 0, '', '', '', 6, 6, NULL, NULL),
(1016, 'drog.b y b (dr.rodolfo breem)', '', '', '', 0, '', '(03783) 4-38016', '', 6, 6, NULL, NULL),
(1017, 'Elizalde', ' Carlos', '', '', 0, '', '', '', 6, 6, NULL, NULL),
(1018, 'Esnaola', ' Pablo', '', '', 0, '', '0343-154514545', '', 6, 6, NULL, NULL),
(1019, 'Esterich', ' Elios', '', '', 0, '', '4951041', '', 6, 6, NULL, NULL),
(1020, 'Expresso Imperial Paraná', 'Sebastian Aguilar', NULL, 'EXPRESSO IMPERIAL', 0, '155048409', '4-342152 / 4-349349 / 4-349728 / 4-34992', NULL, 6, 6, NULL, '2019-09-16 18:35:53'),
(1021, 'expresso rivadavia (jorge rojas)(secret.:gabriela)', '', '', '', 0, '', '(0351) 4708088/8038', '', 6, 6, NULL, NULL),
(1022, 'Facturity', '', '', '', 0, '', '154 576 944', '', 6, 6, NULL, NULL),
(1023, 'farmacia taleb (dr.juan carlos taleb)(asist.:andrea)', '', '', '', 0, '', '(03451) 4260430', '', 6, 6, NULL, NULL),
(1024, 'farmasun (dnm pharma)', '', '', '', NULL, '', '(011)46109100', '', 6, 6, NULL, NULL),
(1025, 'farmasun (dnm pharma) cecilia', '', '', '', NULL, '', '(011)46109138', '', 6, 6, NULL, NULL),
(1026, 'farmasun-dnm (diego martinez)', '', '', '', NULL, '', '(011)155-1223178', '', 6, 6, NULL, NULL),
(1027, 'Gaston', ' Fernandez', '', '', NULL, '', '0342 – 4694077', '', 6, 6, NULL, NULL),
(1028, 'Patricio', ' Fleury', '', '', NULL, '', '', '', 6, 6, NULL, NULL),
(1029, 'Daniel', 'Flori', '', '', NULL, '', '(0342)4562632/0888', '', 6, 6, NULL, NULL),
(1030, 'Daniel', ' Fontana', '', '', NULL, '', '', '', 6, 6, NULL, NULL),
(1031, 'Damian', ' Fosco', '', '', NULL, '', '', '', 6, 6, NULL, NULL),
(1032, 'Franco', ' Francolino', '', '', NULL, '', '011 – 4323 8600 / 700', '', 6, 6, NULL, NULL),
(1033, 'Julio', ' Garcia', '', '', NULL, '', '', '', 6, 6, NULL, NULL),
(1034, 'Silvia', 'Geli', '', '', 0, '', '011 – 4382 1454', '', 6, 6, NULL, NULL),
(1035, 'Perla', 'Gieco', '', '', 0, '', '4219 958', '', 6, 6, NULL, NULL),
(1036, 'Silvina', 'Gil', '', '', 0, '', '011 – 4914 4316', '', 6, 6, NULL, NULL),
(1037, 'Maria B.', 'Giusta', '', '', 0, '', '03435 – 422 52 86', '', 6, 6, NULL, NULL),
(1038, 'Goyo', '', '', '', 0, '', '4021 6269 (Vanesa – Secre)', '', 6, 6, NULL, NULL),
(1039, 'Hector', 'Lopez Pardo', 'EEUU', NULL, NULL, '005073041078', '0019542329964 - 0019549227656 (#1)', NULL, 6, 6, NULL, '2019-09-24 17:27:54'),
(1040, 'Ing. Verardi', '', '', '', 0, '', '03492 – 597300', '', 6, 6, NULL, NULL),
(1041, 'jesi alvarez (minist de la prod)', '', '', '', 0, '', '4-218981 / 4-211896 / 154-068928', '', 6, 6, NULL, NULL),
(1042, 'Jorge', '', '', '', 0, '', '4248168', '', 6, 6, NULL, NULL),
(1043, 'laboratorio biol (dr.juan burchi)', '', '', '', 0, '', '(011) 49537215 (Secret:Nuria)1544012754', '', 6, 6, NULL, NULL),
(1044, 'laboratorio mertens (dr.pedro alberto fuentes)', '', '', '', 0, '', '(011) 41158024/8028 (Secret:Lorena)', '', 6, 6, NULL, NULL),
(1045, 'laer', '', '', '', 0, '', '4-230995 / 4-364390 / 4-316691', '', 6, 6, NULL, NULL),
(1046, 'lamboglia conrado(dr.)', '', '', '', 0, '', '4-208899 / 154-289195 / 4-217489(est)(Ca', '', 6, 6, NULL, NULL),
(1047, 'lattina s.r.l.', '', '', '', 0, '', '(03493) 425698', '', 6, 6, NULL, NULL),
(1049, 'Leonardo', '', '', '', 0, '', '', '', 6, 6, NULL, NULL),
(1050, 'Lerena', '', '', '', 0, '', '', '', 6, 6, NULL, NULL),
(1051, 'Hector', 'Lescano', '', '', 0, '', '4316696', '', 6, 6, NULL, NULL),
(1052, 'Lic. Achillie', ' Alberto', '', '', 0, '', '156 233 156', '', 6, 6, NULL, NULL),
(1053, 'lif (flavia (cdra.)cecilia celis(dir.tecnica)patricia peirotti(c.cal.)', '', '', '', 0, '', '0342 - 4886396 / 0342 - 4881260 ', '', 6, 6, NULL, NULL),
(1054, 'LO JACK  (Rosario)', '', '', '', 0, '', '011 – 4786 1890', '', 6, 6, NULL, NULL),
(1055, 'Lorenzi', ' Ana Clara', '', '', 0, '', '', '', 6, 6, NULL, NULL),
(1056, 'Lucrecia', '', '', '', 0, '', '0341 – 4658998 / 5256685', '', 6, 6, NULL, NULL),
(1057, 'luis pasteur (obra social)', '', '', '', 0, '', '0342-4531230 / 0342 - 155026989 Marta / ', '', 6, 6, NULL, NULL),
(1058, 'Luna', ' Eduardo', '', '', 0, '', '', '', 6, 6, NULL, NULL),
(1059, 'Luna', ' Juan Domingo', '', '', 0, '', '', '', 6, 6, NULL, NULL),
(1060, 'Magnin', ' Ignacio', '', '', 0, '', '4979061', '', 6, 6, NULL, NULL),
(1061, 'Martinez', ' Anabella ', '', '', 0, '', '4979061', '', 6, 6, NULL, NULL),
(1062, 'Martinez', ' Fernando', '', '', 0, '', '', '', 6, 6, NULL, NULL),
(1063, 'megaprint ', '', '', '', 0, '', '(0342)4995888 / 154256402(Manuel)', '', 6, 6, NULL, NULL),
(1064, 'Melanie / Patricia', '', '', '', 0, '', '', '', 6, 6, NULL, NULL),
(1065, 'Mesa', ' Oscar', '', '', 0, '', '', '', 6, 6, NULL, NULL),
(1066, 'metrailler', '', '', '', 0, '', '4-233099', '', 6, 6, NULL, NULL),
(1067, 'minist.salud de sta fe', '', '', '', 0, '', '(0342) 4571929 (INT.3128/3129 Tesoreria ', '', 6, 6, NULL, NULL),
(1068, 'ministerio de salud (remediar)', '', '', '', 0, '', '(011)43723733 (Walter Chavez)', '', 6, 6, NULL, NULL),
(1070, 'Miyazato', ' Florencia', '', '', 0, '', '', '', 6, 6, NULL, NULL),
(1071, 'monica', '', '', '', 0, '', '(0387)4238001/0952', '', 6, 6, NULL, NULL),
(1072, 'Muriel', ' Facundo', '', '', 0, '', '011 – 5789 2100 ', '', 6, 6, NULL, NULL),
(1073, 'Olle', ' Raul', '', '', 0, '', '011 – 4382 1434', '', 6, 6, NULL, NULL),
(1074, 'Optica Crillon', '', '', '', 0, '', '', '', 6, 6, NULL, NULL),
(1075, 'Pacheco', ' Patricia', '', '', 0, '', '4314355', '', 6, 6, NULL, NULL),
(1076, 'Paola', '', '', '', 0, '', '011 – 4779 9050', '', 6, 6, NULL, NULL),
(1077, 'Pasaro', ' Ana', '', '', 0, '', '00 591 2 21 51060', '', 6, 6, NULL, NULL),
(1078, 'Patat', ' Sergio', '', '', 0, '', '011 – 4866 5433 ', '', 6, 6, NULL, NULL),
(1079, 'Prette', ' Horacio', '', '', 0, '', '', '', 6, 6, NULL, NULL),
(1080, 'Quiroga', ' Ciriaco', '', '', 0, '', '', '', 6, 6, NULL, NULL),
(1081, 'Ramos Miño', ' Juanita', '', '', 0, '', '00 593 2334 1660', '', 6, 6, NULL, NULL),
(1082, 'Ramos', ' Lorena', '', '', 0, '', '', '', 6, 6, NULL, NULL),
(1083, 'Ramos', ' Luis', '', '', 0, '', '', '', 6, 6, NULL, NULL),
(1084, 'Ramos', ' Nelson ', '', '', 0, '', '005934 200 2994', '', 6, 6, NULL, NULL),
(1085, 'Richiutti', ' Andrea', '', '', 0, '', '011 – 4116 0592 / 4750 3671', '', 6, 6, NULL, NULL),
(1086, 'Risse', ' Matias', '', '', 0, '', '', '', 6, 6, NULL, NULL),
(1087, 's & m distribuidora (alejandro rodriguez eraña)', '', '', '', 0, '', '(011) 43014797', '', 6, 6, NULL, NULL),
(1088, 'Saez', ' Pablo', '', '', 0, '', '0059825185136 / 0059899169091', '', 6, 6, NULL, NULL),
(1089, 'salas raul (contador)', '', '', '', 0, '', '155-111597', '', 6, 6, NULL, NULL),
(1090, 'Salguero', ' Alberto', '', '', 0, '', '0351 – 7557664', '', 6, 6, NULL, NULL),
(1091, 'Samuel', '', '', '', 0, '', '', '', 6, 6, NULL, NULL),
(1092, 'Santiago', ' Julio (Dr.) ', '', '', 0, '', '4313230', '', 6, 6, NULL, NULL),
(1093, 'Sasia', ' Sergio ', '', '', 0, '', '', '', 6, 6, NULL, NULL),
(1094, 'Schelbeldein', ' Claudio', '', '', 0, '', '011 – 54103546', '', 6, 6, NULL, NULL),
(1095, 'secretaria de planificacion-arq. tomas arias ', '', '', '', 0, '', '4317603', '', 6, 6, NULL, NULL),
(1096, 'Gustavo Omar', 'Sein', NULL, NULL, 133, '155446705', NULL, NULL, 6, 6, NULL, '2019-09-05 22:29:10'),
(1097, 'serenelli sirley (bco.hipotecario)', '', '', '', 0, '', '4232853 / 154-114819', '', 6, 6, NULL, NULL),
(1098, 'Serrano', ' Diego', '', '', 0, '', '154 669 252', '', 6, 6, NULL, NULL),
(1099, 'Serrano', ' Jorge', '', '', 0, '', '59322446660', '', 6, 6, NULL, NULL),
(1100, 'Silva', ' Gustavo', '', '', 0, '', '', '', 6, 6, NULL, NULL),
(1101, 'Soledad', '', '', '', 0, '', 'Secretaría : Franco o Mirna : 4208892 / ', '', 6, 6, NULL, NULL),
(1102, 'Sorlino', ' Eduardo', '', '', 0, '', '', '', 6, 6, NULL, NULL),
(1103, 'Sosa', ' Cristina (Concejal FPV)', '', '', 0, '', '011 – 5353 0369 / 5', '', 6, 6, NULL, NULL),
(1104, 'Sr. Ciardi', ' Orlando', '', '', 0, '', '4211880 – oficina / 4220751 – casa', '', 6, 6, NULL, NULL),
(1105, 'Sr. Santos', '', '', '', 0, '', '', '', 6, 6, NULL, NULL),
(1106, 'suizo argentina (drog.) (adriana)', '', '', '', 0, '', '(011) 44696000 / (011) 44696050', '', 6, 6, NULL, NULL),
(1107, 'Taleb', ' Ignacio', '', '', 0, '', '0351 – 155 51 83 73 / 0351 - 155 51 82 5', '', 6, 6, NULL, NULL),
(1108, 'talleres graficos', '', '', '', 0, '', '4-311590', '', 6, 6, NULL, NULL),
(1109, 'Valbuena', ' Hugo', '', '', 0, '', '0221 – 482 6239', '', 6, 6, NULL, NULL),
(1110, 'Valbuena', ' Mariano', '', '', 0, '', '', '', 6, 6, NULL, NULL),
(1111, 'Veronica (Hernan Graña)', '', '', '', 0, '', '155 430 978', '', 6, 6, NULL, NULL),
(1112, 'Villalba', ' Edgard', '', '', 0, '', '154 506 963', '', 6, 6, NULL, NULL),
(1113, 'Villarraza', ' Maria Jose', '', '', 0, '', '1137547220', '', 6, 6, NULL, NULL),
(1114, 'vogel natalia (farmasun-dnm pharma)', '', '', '', 0, '', '(011)155-1223403', '', 6, 6, NULL, NULL),
(1115, 'Williams', ' Henry', '', '', 0, '', '', '', 6, 6, NULL, NULL),
(1116, 'Yañez', ' Guillermo', '', '', 0, '', '', '', 6, 6, NULL, NULL),
(1117, 'Zapata', ' Franco', '', '', 0, '', '', '', 6, 6, NULL, NULL),
(1118, 'Zapata', ' Miguel', '', '', 0, '', '', '', 6, 6, NULL, NULL),
(1119, '', '', '', '', 0, '', '(011)1551858147(Cacho)', '', 6, 6, NULL, NULL),
(1120, '', '', '', '', 0, '', '(011)52182355', '', 6, 6, NULL, NULL),
(1121, '', '', '', '', 0, '', '(0342) 4573710', '', 6, 6, NULL, NULL),
(1122, '', '', '', '', 0, '', '(0342)154304017(Pablo)', '', 6, 6, NULL, NULL),
(1123, '', '', '', '', 0, '', '(0342)155025471', '', 6, 6, NULL, NULL),
(1124, '', '', '', '', 0, '', '011 – 3430 17 55', '', 6, 6, NULL, NULL),
(1125, '', '', '', '', 0, '', '033646 72236', '', 6, 6, NULL, NULL),
(1126, '', '', '', '', 0, '', '0342 – 4 15 00 00 (int 3006 – Gustavo: 0', '', 6, 6, NULL, NULL),
(1127, '', '', '', '', 0, '', '0810-222-86527', '', 6, 6, NULL, NULL),
(1128, '', '', '', '', 0, '', '154-290175 (Sr.Benitez)', '', 6, 6, NULL, NULL),
(1129, '', '', '', '', 0, '', '155439913 (Marcelo Visdamine)', '', 6, 6, NULL, NULL),
(1130, '', '', '', '', 0, '', '155443090 (Gustavo Alc)', '', 6, 6, NULL, NULL),
(1131, '', '', '', '', 0, '', '4-7554580/4-7139124', '', 6, 6, NULL, NULL),
(1132, 'Javier', 'Palacios', 'IBC', 'Ituzaingó', NULL, NULL, '011-52319900', NULL, 6, 6, '2019-01-22 18:41:06', '2019-01-22 18:41:06'),
(1133, 'Hugo', 'Abete', 'LABORATORIOS DALLAS', NULL, NULL, '011-1553287927', '011-47732792 / 2813 ó 47746616', NULL, 6, 6, '2019-01-22 19:15:07', '2019-10-02 17:38:27'),
(1135, 'Valmax', 'Valmax', 'VALMAX', NULL, NULL, NULL, '011 - 46211960 / 6910', NULL, 6, 6, '2019-01-23 17:38:56', '2019-01-23 17:38:56'),
(1136, 'Daniel', 'Sacripanti', 'Seguridad e Higiene', NULL, NULL, '0342 - 154 433 311', NULL, NULL, 6, 6, '2019-01-23 17:41:05', '2019-01-23 17:54:21'),
(1138, 'Diego', 'Luzuriaga', 'ZULYANA', NULL, NULL, '011-156 152 7323 / 011-155 947 4621', '011-4652 9061', NULL, 6, 6, '2019-01-23 17:43:50', '2019-01-23 17:43:50'),
(1140, 'Gabriel', 'Zeitune', NULL, NULL, NULL, '011-156 332 0003', '011-4771 7714', NULL, 6, 6, '2019-01-23 18:29:16', '2019-01-23 18:29:16'),
(1141, 'Javier', 'Zambusetti', 'GRUPO OPERADORES', NULL, NULL, NULL, '011-4124 7600', NULL, 6, 6, '2019-01-23 18:31:27', '2019-01-23 18:31:27'),
(1142, 'Anibal', 'Zapata', 'OXIGENO', NULL, NULL, NULL, '4222512', NULL, 6, 6, '2019-01-23 18:39:56', '2019-01-23 18:39:56'),
(1143, 'Oscar', 'Zenarruza', NULL, NULL, NULL, '011 - 156 353 0180', NULL, NULL, 6, 6, '2019-01-23 18:41:22', '2019-01-23 18:41:22'),
(1144, 'Marcelo', 'Yudi', NULL, NULL, NULL, NULL, '03732 - 155 53 166', NULL, 6, 6, '2019-01-23 18:57:19', '2019-01-23 18:57:19'),
(1145, 'Gabriel', 'Yapura', 'FAVOP / SAVANT PHARM', NULL, NULL, '03576 - 155 24 438', NULL, NULL, 6, 6, '2019-01-23 18:58:08', '2019-09-18 18:20:43'),
(1146, 'Esteban', 'Wolf', NULL, NULL, NULL, '011 - 155 740 4555', NULL, NULL, 6, 6, '2019-01-23 19:45:04', '2019-01-23 19:45:04'),
(1147, 'Ivan', 'Wuignier', '', '', 107, '154 152 334', '4332244 / 4331249', '', 6, 6, '2019-01-23 19:46:02', '2019-01-23 19:46:02'),
(1148, 'Walter', 'Simonella', 'WES', NULL, NULL, '0342 - 156 140 449', '0342 - 4524451', NULL, 6, 6, '2019-01-23 20:00:18', '2019-01-23 20:00:18'),
(1149, 'Lucrecia', 'Campos', '(Contacto Pablo Esnaola)', NULL, NULL, NULL, '0230-448 1540', NULL, 6, 6, '2019-01-23 22:15:13', '2019-01-23 22:15:13'),
(1157, 'Ernesto', 'Ruete', 'IAE Business School', NULL, NULL, NULL, '0230-4481000', 'ruete@iae.edu.ar', 6, 6, '2019-01-24 19:15:17', '2019-01-25 18:40:15'),
(1158, 'Daniel', 'Viola', NULL, NULL, NULL, NULL, '4241771', NULL, 6, 6, '2019-01-28 17:05:52', '2019-01-28 17:05:52'),
(1159, 'VASEPLUS', 'VASEPLUS', 'VASEPLUS', NULL, NULL, NULL, '011-4740 1005', NULL, 6, 6, '2019-01-28 17:07:27', '2019-01-28 17:07:27'),
(1160, 'Veronica', 'Varas', 'SANT GALL FRIBURG', NULL, NULL, NULL, '011-4943 3802', NULL, 6, 6, '2019-01-28 17:24:54', '2019-01-28 17:24:54'),
(1161, 'VISA', 'PLATINUM', 'VISA', NULL, NULL, NULL, '0800 333 7528', NULL, 6, 6, '2019-01-28 17:46:22', '2019-01-28 17:46:22'),
(1162, 'Diego', 'Velez', 'SANDWICH CLUB', NULL, NULL, '0343-154 474 499', '4234966 / 4225410', NULL, 6, 6, '2019-01-28 17:47:57', '2019-01-28 17:47:57'),
(1163, 'Natalia', 'Velez', 'SANDWICH CLUB', NULL, NULL, '0343-154 471 538', '4234966 / 4225410', NULL, 6, 6, '2019-01-28 17:49:19', '2019-01-28 17:49:19'),
(1164, 'Ines', 'Vuela', 'AERO TRATAMIENTOS', NULL, NULL, '011 - 154 062 3531', '0237 484-3502', NULL, 6, 6, '2019-01-28 18:00:49', '2019-01-28 18:00:49'),
(1165, 'Vidrieria', 'Ribero', 'VIDRIERIA RIBERO', NULL, NULL, NULL, '4236000 / 4230298', NULL, 6, 6, '2019-01-28 18:01:50', '2019-01-28 18:01:50'),
(1166, 'José', 'Villanueva', 'Quiropractico', 'Avda. Ramirez 1657', NULL, NULL, '4314654', NULL, 6, 6, '2019-01-28 18:04:23', '2019-01-28 18:04:23'),
(1169, 'Vidrieria', 'Cordoba', 'VIDRIERIA CÓRDOBA', 'Churruarin 434', NULL, NULL, '4248719', NULL, 6, 6, '2019-01-28 18:46:58', '2019-01-28 18:46:58'),
(1170, 'Via', 'Cargo', 'VIA CARGO', 'Ramirez 2567 (Receptoría Paraná)', NULL, NULL, '0343 - 4846884', NULL, 6, 6, '2019-01-28 18:49:42', '2019-01-28 18:49:42'),
(1171, 'Bernardo', 'Uciel', NULL, NULL, NULL, '155 431 727', '4226434', NULL, 6, 6, '2019-01-28 19:18:34', '2019-01-28 19:26:55'),
(1172, 'Marcelo', 'Uhrig', 'UHRIG MARCELO', NULL, NULL, '0343 - 154 661 124', '4206086 - 4973066', NULL, 6, 6, '2019-01-28 19:31:35', '2019-01-28 19:31:35'),
(1173, 'Maria Laura', 'Navarrete', 'UFIS', NULL, 268, NULL, '011 - 4372 3733', NULL, 6, 6, '2019-01-28 19:36:28', '2019-01-28 19:36:28'),
(1174, 'Gesica', 'Cabral', 'UFIS', NULL, 242, NULL, '011 - 4372 3733', NULL, 6, 6, '2019-01-28 19:57:17', '2019-01-28 19:57:17'),
(1175, 'Rolando', 'Geny', 'UNOPS', NULL, NULL, NULL, '011 - 4328 8500 / 359', NULL, 6, 6, '2019-01-28 21:56:50', '2019-01-28 21:56:50'),
(1176, 'Marcelo', 'Repeto', 'UNOPS', NULL, NULL, NULL, '011 - 4328 8500 / 359', NULL, 6, 6, '2019-01-28 21:57:13', '2019-01-28 21:57:13'),
(1177, 'Omar', 'Montaña', 'UNIFARMA', NULL, NULL, '011 - 155 11 44 222', '011 - 5218 0600', NULL, 6, 6, '2019-01-28 22:32:48', '2019-01-28 22:32:48'),
(1178, 'Dilaurario', 'Padre o Hijo', 'UNIFARMA', NULL, NULL, NULL, '011 - 52180600', NULL, 6, 6, '2019-01-29 18:43:55', '2019-05-22 19:34:16'),
(1179, 'Urbano', 'Express', NULL, NULL, NULL, NULL, '4226610', NULL, 6, 6, '2019-01-29 18:44:51', '2019-01-29 18:44:51'),
(1180, 'Nicolas', 'Uniformes Parana', NULL, NULL, NULL, '03455 - 15495966', NULL, NULL, 6, 6, '2019-01-29 18:45:32', '2019-01-29 18:45:32'),
(1181, 'Gabriel', 'Giudicci', 'ULTRAFARMA', NULL, NULL, '011-153 032 5005 ó 011 - 155 596 0752', '011 - 4302 4666', 'ultrafarma@fibertel.com.ar', 6, 6, '2019-01-29 18:48:47', '2019-01-29 18:48:47'),
(1182, 'Facundo', 'Giudicci', 'ULTRAFARMA', NULL, NULL, '011 - 152 502 5001', '011 - 4302 4666', 'ultrafarma@fibertel.com.ar', 6, 6, '2019-01-29 18:53:08', '2019-01-29 18:53:08'),
(1183, 'Sergio', 'Canaletti', 'ULTRAFARMA', NULL, NULL, '011 - 152 502 5003', '011 - 4302 4666', NULL, 6, 6, '2019-01-29 18:59:11', '2019-01-29 18:59:11'),
(1184, 'Facultad de Bioingeniería', '', 'UNER', NULL, NULL, NULL, '4975100/01', NULL, 6, 6, '2019-01-29 19:02:58', '2019-01-29 19:02:58'),
(1187, 'Javier', 'Palacios', 'IBC', NULL, NULL, '011 - 1562976863', '011 - 52319900', NULL, 6, 6, '2019-01-30 17:24:18', '2019-01-30 17:24:18'),
(1188, 'Sebastian', 'Porta', 'ELEA', NULL, 1630, '011 - 154 049 2048', '011-43794300', NULL, 6, 6, '2019-01-30 17:28:40', '2019-09-24 18:18:35'),
(1190, 'Cristian', 'Pinello', 'UNIFARMA', NULL, NULL, '011 - 1569689738', NULL, NULL, 6, 6, '2019-02-01 20:04:14', '2019-02-01 20:04:14'),
(1192, 'José', 'Moulliaá', 'Secretaria de Producción Municipal', NULL, NULL, '154050546', '4310029 (Particular)', NULL, 6, 6, '2019-02-13 18:05:34', '2019-02-13 18:05:34'),
(1194, 'Analia', 'Hill', 'Escribana', NULL, NULL, '154 169 469', '4327928', NULL, 6, 6, '2019-02-20 17:12:58', '2019-09-17 18:16:59'),
(1195, 'German', 'Toyé', 'Escribano', 'Córdoba 575', NULL, '0343 - 154 733 445', NULL, 'germantoye@gmail.com', 6, 6, '2019-02-21 17:21:18', '2019-02-21 17:27:02'),
(1196, 'Dr. Mario', 'Crocko', 'Fundación Dr. Ramón Carrillo', 'French 3036', NULL, NULL, '(011) 4826-5715', 'info@fundacion-dr-ramon-carrillo.org', 6, 6, '2019-03-11 21:53:33', '2019-03-11 21:53:33'),
(1202, 'Aeropuerto Parana', NULL, NULL, NULL, NULL, NULL, '4261672', NULL, 6, 6, '2019-03-25 19:02:43', '2019-03-25 19:02:43'),
(1203, 'Gustavo', 'Oleinizack', 'Mueblero', 'Avda. Zanni 3155', NULL, '154650755', '4260976', NULL, 6, 6, '2019-03-25 19:03:42', '2019-03-25 19:03:42'),
(1204, 'Gabriel', 'Giudicci', 'ULTRAFARMA', NULL, NULL, '011 - 153 032 5005 / 011 - 155 596 0752', '011 - 43024666', 'ultrafarma@fibertel.com.ar', 6, 6, '2019-05-22 19:25:13', '2019-05-22 19:25:13'),
(1205, 'Facundo', 'Giudicci', 'ULTRAFARMA', NULL, NULL, '011 - 152 502 5001', '011 - 4302 4666', NULL, 6, 6, '2019-05-22 19:28:01', '2019-05-22 19:28:01'),
(1206, 'Sergio', 'Canaletti', 'ULTRAFARMA', NULL, NULL, '011 - 152 502 5003', '011 - 4302 4666', NULL, 6, 6, '2019-05-22 19:30:54', '2019-05-22 19:30:54'),
(1207, 'Facultad', 'de Bioingeniería', 'UNER', 'Oro Verde', NULL, NULL, '4975100 / 01', NULL, 6, 6, '2019-05-22 19:32:51', '2019-05-22 19:32:51'),
(1208, 'Transformadora', 'Americana', 'TAPI', NULL, NULL, NULL, '011 - 4739 0333', NULL, 6, 6, '2019-05-27 16:11:05', '2019-05-27 16:11:05'),
(1209, 'Transformadora', 'Americana', 'TAPI', NULL, NULL, NULL, '011 - 4739 0333', NULL, 6, 6, '2019-05-27 16:11:42', '2019-05-27 16:11:42'),
(1210, 'Transporte', 'TUS', 'TUS', NULL, NULL, NULL, '4219699', NULL, 6, 6, '2019-05-27 16:12:34', '2019-05-27 16:12:34');
INSERT INTO `mi_agenda` (`id`, `nombre`, `apellido`, `empresa`, `direccion`, `interno`, `celular`, `telefono`, `correo`, `creador`, `modificador`, `created_at`, `updated_at`) VALUES
(1211, 'Transporte de pasajeros', 'Andesmar', NULL, NULL, NULL, NULL, NULL, NULL, 6, 6, '2019-05-27 16:13:35', '2019-05-27 16:13:35'),
(1212, 'Transporte de Pasajeros', 'Andesmar', 'TRAMAT', NULL, NULL, NULL, '4231209', NULL, 6, 6, '2019-05-27 16:15:01', '2019-05-27 16:15:01'),
(1213, 'Sr.', 'Trenevic', 'Trenevic', NULL, NULL, '154 592 119', '4353628', NULL, 6, 6, '2019-05-27 16:20:41', '2019-05-27 16:20:41'),
(1214, 'TecnoPack', NULL, 'TECNOPACK', NULL, NULL, NULL, '011 - 4115 7182 /3', NULL, 6, 6, '2019-05-27 16:22:46', '2019-05-27 16:22:46'),
(1215, 'Victor', 'Tabonazca', 'Laboratorios Richet', NULL, NULL, NULL, '011 - 5129 5539 / 55', NULL, 6, 6, '2019-05-27 16:24:02', '2019-05-27 16:24:02'),
(1216, 'Adriana', 'Tista', 'Abogada', NULL, NULL, '154 252 819', NULL, NULL, 6, 6, '2019-05-27 16:37:36', '2019-05-27 16:37:36'),
(1217, 'Osvaldo', 'Taverna', 'SANOFI AVENTIS', NULL, NULL, '011 - 153175 1443 / 011 - 155022 0009', '011 - 4732 5817 / 47325037', 'osvaldo.taverna@sanofi-aventis.com', 6, 6, '2019-05-27 16:39:42', '2019-09-05 17:49:19'),
(1218, 'Gustavo', 'Vila', 'TRANSPORTE VILA', NULL, NULL, '011 - 153 730 3932', '011 - 4699 9241 / 5', NULL, 6, 6, '2019-05-27 16:44:05', '2019-05-27 16:44:05'),
(1219, 'Marcelo', 'Navarro', 'TRANSPORTE VILA', NULL, NULL, '011 - 156 096 3240', '011 - 4699 9241 / 5', NULL, 6, 6, '2019-05-27 16:45:18', '2019-05-27 16:45:18'),
(1220, 'Telma', 'Ciandrino', 'TRB PHARMA', NULL, NULL, NULL, '011 - 4555 3600', NULL, 6, 6, '2019-05-27 16:51:09', '2019-05-27 16:51:09'),
(1221, 'Alberto', 'Tomasetti', 'PLASTICOS BDS', NULL, NULL, NULL, '011 - 152 175 2996', NULL, 6, 6, '2019-05-27 16:57:49', '2019-06-03 19:55:10'),
(1222, 'Gerardo', 'Naveiras', 'TEMA', NULL, NULL, NULL, '011 - 4709 0698 / 5828', NULL, 6, 6, '2019-05-27 16:58:57', '2019-05-27 16:58:57'),
(1223, 'Srta.', 'Cecilia', 'TURICENTRO', NULL, 226, NULL, '011 4815 5900', NULL, 6, 6, '2019-05-27 17:00:04', '2019-05-27 17:00:04'),
(1224, 'Leonardo', 'Trapani', 'Trapani', NULL, NULL, '011 - 155 247 7192', '011 - 4371 9118', NULL, 6, 6, '2019-05-27 17:01:36', '2019-05-27 17:01:36'),
(1225, 'Sres.', 'Tecnotap', 'TECNOTAP', NULL, NULL, NULL, '0237 - 4639151 / 4665384', NULL, 6, 6, '2019-05-27 17:05:13', '2019-05-27 17:05:13'),
(1226, 'Mariano', 'Colombo', 'TECNOMATERIALES', NULL, NULL, '0342 - 155 041 113', '0342 - 4538550 / 1080', NULL, 6, 6, '2019-05-27 17:19:19', '2019-05-27 17:19:19'),
(1227, 'Carlos', 'Manente', 'Tecnomateriales / Lafedar', NULL, 128, '0342 - 154 868 025', NULL, NULL, 6, 6, '2019-05-27 17:20:31', '2019-05-27 17:20:31'),
(1228, 'Mario', 'Ubert', 'TECNOMATERIALES', NULL, NULL, '0342 - 155 462 141', '0342 - 4538550 / 1080', NULL, 6, 6, '2019-05-27 17:23:08', '2019-05-27 17:23:08'),
(1229, 'Rocio', 'Ubert', 'TECNOMATERIALES', NULL, NULL, '0342 - 154 238 459', '0342 - 4538550 / 1080', NULL, 6, 6, '2019-05-27 17:26:04', '2019-05-27 17:26:04'),
(1230, 'Jorge', 'Allochis', 'INDUELECTRIS', NULL, NULL, '0342 - 155 492 896', '0342 - 4001057', NULL, 6, 6, '2019-05-27 17:45:53', '2019-05-27 17:45:53'),
(1231, 'Taller', 'Galicia', 'TALLER GALICIA', 'Avda. Galicia 2336 (Santa Fe)', NULL, NULL, '0342 - 4609296 / 4557070', NULL, 6, 6, '2019-05-27 18:33:51', '2019-05-27 18:34:50'),
(1232, 'Best Pharma', 'Chile', 'BPH CHILE', NULL, NULL, NULL, '00 56 2 23870700', NULL, 6, 6, '2019-05-27 18:37:06', '2019-05-27 18:37:06'),
(1233, 'Laboratorios', 'Takeda', 'TAKEDA', NULL, NULL, NULL, '011 - 45464700', NULL, 6, 6, '2019-05-27 18:41:11', '2019-05-27 18:41:11'),
(1234, 'Fabián', 'Spizzo', 'BANCO DE ENTRE RIOS', NULL, 1574, NULL, '4201200 / 4201331', NULL, 6, 6, '2019-05-27 19:28:45', '2019-05-27 19:28:45'),
(1235, 'Secretaria de', 'la Producción', 'Gobierno de la Provincia de Entre Ríos', NULL, NULL, NULL, '4208433', NULL, 6, 6, '2019-05-27 21:29:49', '2019-05-28 19:09:21'),
(1236, 'Subsecretaria de Promocion Economica', 'Alejandro Wait', 'MUNICIPALIDAD DE PARANA', NULL, NULL, '154 678668', '4202309', NULL, 6, 6, '2019-05-27 21:32:21', '2019-05-27 21:32:21'),
(1237, 'Licenciado', 'Cancelli', 'Secretaria de Comercio Interior', NULL, NULL, NULL, '011 - 43494421', NULL, 6, 6, '2019-05-28 17:08:50', '2019-05-28 17:08:50'),
(1238, 'Sergio', 'Seoane', NULL, NULL, NULL, '011 - 156 851 3632', '011 - 41162501 / 8', NULL, 6, 6, '2019-05-28 17:11:38', '2019-05-28 17:11:38'),
(1239, 'Juan', 'Sileone', 'TRAVERSO', NULL, NULL, '03576 - 15462546', NULL, NULL, 6, 6, '2019-05-28 17:26:30', '2019-05-28 17:26:30'),
(1240, 'Ing. Federico', 'Svirtz', 'FAVOP / SAVANT PHARM', NULL, 127, '03576 - 15416035', '03576-491346 / 491260', NULL, 6, 6, '2019-05-28 17:28:06', '2019-09-18 18:19:34'),
(1241, 'Gustavo', 'Sastre', NULL, NULL, NULL, '154766070', NULL, NULL, 6, 6, '2019-05-28 17:29:01', '2019-05-28 17:29:01'),
(1242, 'Luis', 'Sotera', 'Radio 10 Victoria', NULL, NULL, NULL, '4219819', NULL, 6, 6, '2019-05-28 17:47:21', '2019-05-28 17:47:21'),
(1243, 'SIMTRA', 'Medicina Laboral', 'SIMTRA', NULL, NULL, NULL, '4234747', NULL, 6, 6, '2019-05-28 17:48:58', '2019-05-28 17:48:58'),
(1244, 'Daniel', 'Sancibieri', 'EX FADA PHARMA AHORA LIA', NULL, NULL, '011 - 1540420543', NULL, NULL, 6, 6, '2019-05-28 17:51:29', '2019-09-18 17:54:46'),
(1245, 'Miriam', 'Cabral', 'SEDRONAR', NULL, NULL, NULL, '011 - 43618437', NULL, 6, 6, '2019-05-28 17:52:09', '2019-05-28 17:52:09'),
(1246, 'SEÑALES', NULL, NULL, 'SEÑALES', NULL, NULL, '4245533', NULL, 6, 6, '2019-05-28 18:17:57', '2019-05-28 18:17:57'),
(1247, 'Mabel', 'Soria', 'Masajista Norma', NULL, NULL, NULL, '4320177', NULL, 6, 6, '2019-05-28 18:21:00', '2019-05-28 18:21:00'),
(1248, 'Cristina', 'Sosa', 'Concejal', NULL, 240, '156119348', '4211872', NULL, 6, 6, '2019-05-28 18:26:43', '2019-05-28 18:26:43'),
(1249, 'Andres', 'Ferreyra', 'HORMIFER', NULL, NULL, NULL, '4858742', NULL, 6, 6, '2019-05-28 19:02:55', '2019-05-28 19:02:55'),
(1250, 'Obra de Don Bosco', 'De rodeo del Medio', 'Bodega', NULL, NULL, NULL, '0261 - 4951120', NULL, 6, 6, '2019-07-16 17:15:59', '2019-07-16 17:15:59'),
(1251, 'leonardo', 'olivera Gimenez', NULL, NULL, NULL, '011 - 15550644798', NULL, NULL, 6, 6, '2019-08-05 22:21:07', '2019-08-05 22:21:07'),
(1252, 'Mario', 'Sufotinsky', 'Arquitecto', NULL, NULL, '156221446', NULL, NULL, 6, 6, '2019-09-05 16:18:28', '2019-09-05 16:18:28'),
(1253, 'Cr. Carlos', 'Ortiz', 'SANDOZ', NULL, 432, '011-1540244597', '011-47042400/1/32', NULL, 6, 6, '2019-09-05 16:19:59', '2019-09-18 20:02:19'),
(1254, 'Fabio', 'Sino', 'Contador de Paraguay', NULL, NULL, NULL, '005950981676982', NULL, 6, 6, '2019-09-05 16:23:36', '2019-09-05 16:23:36'),
(1255, 'Fabiana', 'Sorasio', 'Traverso', NULL, NULL, NULL, '03564-423103/431175/435739', NULL, 6, 6, '2019-09-05 16:36:19', '2019-09-05 16:36:19'),
(1256, 'Leonardo', 'Bellotti', 'SANOFI AVENTIS', NULL, 6604, NULL, '011 40036400', NULL, 6, 6, '2019-09-05 17:50:47', '2019-09-05 17:50:47'),
(1257, 'Thomas', 'King', 'SANOFI AVENTIS', NULL, NULL, NULL, '011-40036561', NULL, 6, 6, '2019-09-05 17:51:28', '2019-09-05 17:51:28'),
(1258, 'Luis', 'Richiardulli', 'SANOFI AVENTIS', NULL, NULL, '011-1535600596', '011 - 47325011', NULL, 6, 6, '2019-09-05 17:53:02', '2019-09-05 17:53:02'),
(1259, 'Mariana', 'Keller', 'SANOFI AVENTIS', NULL, 5940, NULL, '011-47325939/40', NULL, 6, 6, '2019-09-05 17:54:21', '2019-09-05 17:54:21'),
(1260, 'Concepción', 'Cantón', 'SANOFI AVENTIS', NULL, NULL, NULL, '011-47325199', NULL, 6, 6, '2019-09-05 17:55:03', '2019-09-05 17:55:03'),
(1261, 'Bety', 'Barila', 'SANOFI AVENTIS', NULL, NULL, NULL, '011-47325234', NULL, 6, 6, '2019-09-05 17:55:43', '2019-09-05 17:55:43'),
(1262, 'Leo', 'Kim', 'SIMBIOSIS', NULL, NULL, '011-1531742608', NULL, NULL, 6, 6, '2019-09-05 17:56:42', '2019-09-05 17:56:42'),
(1263, 'David', 'Lee', 'SIMBIOSIS', NULL, NULL, '011-1531742605 ó 95', '011-50313078', NULL, 6, 6, '2019-09-05 18:01:05', '2019-09-24 17:37:11'),
(1264, 'alberto', 'Svetliza', NULL, NULL, NULL, '155440995', NULL, NULL, 6, 6, '2019-09-05 22:17:31', '2019-09-05 22:17:31'),
(1265, 'Sindicato', 'APM', 'Paraná', NULL, NULL, NULL, '4225534', NULL, 6, 6, '2019-09-05 22:18:03', '2019-09-05 22:18:03'),
(1266, 'Veronica', 'Rotela', 'Secret Medio Ambiente', NULL, NULL, '154723991', '4208879', NULL, 6, 6, '2019-09-05 22:18:53', '2019-09-05 22:18:53'),
(1267, 'Sindicato', 'APM', 'Santa Fe', NULL, NULL, NULL, '0342 - 4598053', NULL, 6, 6, '2019-09-05 22:19:36', '2019-09-05 22:19:36'),
(1268, 'Juan Carlos', 'Scarpino', NULL, NULL, NULL, '011-1553880272', NULL, NULL, 6, 6, '2019-09-05 22:21:00', '2019-09-05 22:21:00'),
(1269, 'Diego', 'Serrano', 'Sumerian Trade', NULL, NULL, '011-1566264546', '011 - 53530369/4', NULL, 6, 6, '2019-09-05 22:22:18', '2019-09-05 22:22:18'),
(1270, 'SOTIC', NULL, 'SOTIC', NULL, NULL, NULL, '0342-4996301', NULL, 6, 6, '2019-09-05 22:22:58', '2019-09-05 22:22:58'),
(1271, 'Pablo', 'Tristani', 'SAVANT PHARM', NULL, 125, '0351-153288366', '03576-491346', NULL, 6, 6, '2019-09-05 22:25:15', '2019-09-05 22:25:15'),
(1272, 'Daniel', 'Sanchez', 'MUDANZAS SANCHEZ', 'Colon 375', NULL, '154288567', '4310893', NULL, 6, 6, '2019-09-05 22:26:37', '2019-09-05 22:26:37'),
(1273, 'Rolando', 'Sreck', 'MATEXPLA', NULL, NULL, '011-1545785050', '011-47030303', NULL, 6, 6, '2019-09-05 22:27:15', '2019-10-16 18:34:38'),
(1274, 'Agustina', 'Hasquiry Paiva', 'Synthon Argentina', 'Panamá 1248 - Martinez', NULL, '011-1569589393', '011-54331717', NULL, 6, 6, '2019-09-05 22:30:47', '2019-09-05 22:31:26'),
(1275, 'Nicolas', 'Santolíquido', 'SANTOLÍQUIDO', NULL, NULL, '011-1558021357', '011-46386487', NULL, 6, 6, '2019-09-05 22:42:41', '2019-09-05 22:42:41'),
(1276, 'Marita', 'Gonzalez', 'Secret de Energía', NULL, NULL, NULL, '4208171 / 4231305', NULL, 6, 6, '2019-09-05 22:43:32', '2019-09-05 22:43:32'),
(1277, 'Esteban', 'Santi', 'MEGATONE', NULL, NULL, '03492-15640683', NULL, NULL, 6, 6, '2019-09-05 22:44:06', '2019-09-05 22:44:06'),
(1278, 'Enrique', 'Sinachi', 'FRIOAR', NULL, NULL, '011-1553083716', NULL, NULL, 6, 6, '2019-09-05 22:58:29', '2019-09-05 22:58:29'),
(1279, 'Resmacom', NULL, 'RESMACOM', NULL, NULL, NULL, '011 - 41261750', NULL, 6, 6, '2019-09-06 17:16:17', '2019-09-06 17:16:17'),
(1280, 'Requena', NULL, 'YERUBÁ', NULL, NULL, NULL, '03496-423500', NULL, 6, 6, '2019-09-06 17:17:17', '2019-09-06 17:17:17'),
(1281, 'Ricardo', 'José', NULL, NULL, NULL, '154041648 - 155035442', '4243684', NULL, 6, 6, '2019-09-06 17:18:06', '2019-09-06 17:18:06'),
(1282, 'Ingeniero', 'Rotela Irigoitía', NULL, NULL, NULL, '154723991', NULL, NULL, 6, 6, '2019-09-06 17:18:46', '2019-09-06 17:18:46'),
(1283, 'Lic. Alejandro', 'Ruiz', NULL, NULL, NULL, '011-1565363290', NULL, NULL, 6, 6, '2019-09-06 17:19:26', '2019-09-06 17:19:26'),
(1284, 'Jorge', 'Richiardi', NULL, NULL, NULL, '011-1550232322', NULL, NULL, 6, 6, '2019-09-06 17:20:09', '2019-09-06 17:20:09'),
(1285, 'Jorge', 'Richiardi', NULL, NULL, NULL, '011-1550232322', NULL, NULL, 6, 6, '2019-09-06 19:34:54', '2019-09-06 19:34:54'),
(1286, 'Rosen', 'Garden', 'Laboratorios Apotex', NULL, NULL, '011-1558093850', NULL, NULL, 6, 6, '2019-09-06 19:36:55', '2019-09-06 19:36:55'),
(1287, 'Laboratorios', 'ROEMMERS', 'Paraná', NULL, NULL, NULL, '4230205 - 4235560', NULL, 6, 6, '2019-09-09 17:51:35', '2019-09-09 17:51:35'),
(1288, 'Belomo', NULL, 'Laboratorios ROEMMERS', NULL, NULL, NULL, '011-43482821', NULL, 6, 6, '2019-09-09 17:52:22', '2019-09-09 17:52:22'),
(1289, 'Martin', 'Realy', NULL, NULL, NULL, '011-1556333864', NULL, NULL, 6, 6, '2019-09-09 17:52:59', '2019-09-09 17:52:59'),
(1290, 'Omar', 'Fernandez', 'RIOMAT', NULL, NULL, '155432271', '4318400', NULL, 6, 6, '2019-09-09 17:53:40', '2019-09-09 17:53:40'),
(1291, 'Viajes', 'RIBERA', 'RIBERA', 'Santa Fe 475', NULL, NULL, '4218513', NULL, 6, 6, '2019-09-09 18:07:03', '2019-09-09 18:09:44'),
(1292, 'Roberto', 'Rodriguez', NULL, NULL, NULL, '0342-154386610', NULL, NULL, 6, 6, '2019-09-09 18:10:27', '2019-09-09 18:10:27'),
(1293, 'RESISTAK', NULL, NULL, NULL, NULL, NULL, '011-42464443', NULL, 6, 6, '2019-09-09 18:13:55', '2019-09-09 18:13:55'),
(1294, 'REMEDIAR', NULL, NULL, NULL, NULL, NULL, '011-43820206/553', NULL, 6, 6, '2019-09-09 18:14:24', '2019-09-09 18:14:24'),
(1295, 'Guillermo', 'Ríos', NULL, 'Belgrano 432', NULL, '154585555', NULL, 'guillermorios@gmail.com', 6, 6, '2019-09-09 18:15:39', '2019-09-09 18:15:39'),
(1296, 'Valentina', 'Ríos', NULL, 'Carbó 869', NULL, '155032365', NULL, NULL, 6, 6, '2019-09-09 18:16:24', '2019-09-09 18:16:24'),
(1297, 'Norberto Federico', 'Rafael', 'SINDICO', 'San Martin 793 - 1ro A - Cap. Federal', NULL, NULL, '011-43112244', NULL, 6, 6, '2019-09-09 18:18:20', '2019-09-09 18:18:20'),
(1298, 'Restaurante', 'Club Nautico', NULL, NULL, NULL, '154708767', '4331994', NULL, 6, 6, '2019-09-09 18:22:06', '2019-09-09 18:22:06'),
(1299, 'Restaurante', 'El Portal', NULL, NULL, NULL, NULL, '4260650', NULL, 6, 6, '2019-09-09 18:22:56', '2019-09-09 18:22:56'),
(1300, 'Restaurante', 'El Costerito', NULL, NULL, NULL, '156203986', NULL, NULL, 6, 6, '2019-09-09 18:23:35', '2019-09-09 18:23:35'),
(1301, 'Restaurante', 'Don Charras', NULL, NULL, NULL, '4225972 (San Martin)', '4331760 (Uranga: Roberto ó Ariel)', NULL, 6, 6, '2019-09-09 18:24:58', '2019-09-09 18:24:58'),
(1302, 'Verónica ó Martin', NULL, 'RESIDUOS PELIGROSOS', NULL, 15, NULL, '4208879', NULL, 6, 6, '2019-09-09 18:25:55', '2019-09-09 18:25:55'),
(1303, 'Industrias', 'Metalurgicas', 'REBAUDO', NULL, NULL, '011-1565155109 (Marcela)', '011-42032071 / 011-42035667', NULL, 6, 6, '2019-09-09 18:28:22', '2019-09-09 18:28:22'),
(1304, 'Edgardo', 'Ramirez', 'Costos LIF', NULL, 19, NULL, '0342-4579231/3', NULL, 6, 6, '2019-09-09 18:29:24', '2019-09-09 18:29:24'),
(1305, 'Enriqueta', 'Resua', NULL, NULL, NULL, '011-1541628614', '011-45742760', NULL, 6, 6, '2019-09-09 18:30:18', '2019-09-09 18:30:18'),
(1306, 'Fabian', 'Rogel', NULL, NULL, NULL, '154065968', NULL, NULL, 6, 6, '2019-09-09 18:30:55', '2019-09-09 18:30:55'),
(1307, 'Paola', 'Riera', 'PREVENCION ART', NULL, NULL, '154652275', '4890392', NULL, 6, 6, '2019-09-09 18:32:34', '2019-09-09 18:32:34'),
(1308, 'Thara María', 'Romero', NULL, NULL, 111, NULL, '0050522502674 ó 75', NULL, 6, 6, '2019-09-09 18:33:46', '2019-09-09 18:33:46'),
(1309, 'RIGOLEAU', NULL, 'RIGOLLEAU', NULL, NULL, NULL, '011-42562010', NULL, 6, 6, '2019-09-09 18:34:47', '2019-09-09 18:34:47'),
(1310, 'Monica', 'Risso', NULL, NULL, NULL, '011-1554833221', NULL, NULL, 6, 6, '2019-09-09 18:35:10', '2019-09-09 18:35:10'),
(1311, 'Dr. Humberto', 'Rodriguez Saa', NULL, NULL, NULL, '011-1558082052', NULL, NULL, 6, 6, '2019-09-09 18:36:39', '2019-09-09 18:36:39'),
(1312, 'Patricia', 'Riobo', NULL, NULL, NULL, '154619459', NULL, NULL, 6, 6, '2019-09-09 18:38:29', '2019-09-09 18:38:29'),
(1313, 'Dr. Hugo', 'Valerio', 'ROMIKIN', NULL, NULL, NULL, '011-48721283 / 48721200', NULL, 6, 6, '2019-09-09 18:40:11', '2019-09-09 18:40:11'),
(1314, 'Restaurante', NULL, 'MÜNICH', NULL, NULL, NULL, '4853015', NULL, 6, 6, '2019-09-09 18:41:05', '2019-09-09 18:41:05'),
(1315, 'Andres', 'Rosembrok', NULL, NULL, NULL, '154687987', NULL, NULL, 6, 6, '2019-09-09 18:42:31', '2019-09-09 18:42:31'),
(1316, 'Lucas', 'Gonzalez', 'DROMEX', NULL, NULL, NULL, '011-46703482 directo ó 46703474', NULL, 6, 6, '2019-09-09 18:54:49', '2019-09-09 18:54:49'),
(1317, 'Victor', 'De Matia', NULL, NULL, NULL, '155053347', '4236044 / 4316210', NULL, 6, 6, '2019-09-09 18:55:56', '2019-09-09 18:55:56'),
(1318, 'Luis', 'Guendulan', 'Drogueria SOLMED', NULL, NULL, NULL, '0351-4577351', NULL, 6, 6, '2019-09-09 18:56:56', '2019-09-09 18:56:56'),
(1319, 'Juan', NULL, 'DIMAQ', NULL, 101, NULL, '011-42542558', NULL, 6, 6, '2019-09-09 18:57:29', '2019-09-09 18:57:29'),
(1320, 'Roberto', 'Serviño', 'DELANTA', NULL, NULL, '011-1569343120', '011-47270333 / 0206', NULL, 6, 6, '2019-09-09 18:58:33', '2019-09-09 18:58:33'),
(1321, 'Marcos', 'Mernes', 'Drogueria MERALD', NULL, NULL, NULL, '4244987', NULL, 6, 6, '2019-09-09 18:59:15', '2019-09-09 18:59:15'),
(1322, 'Patricia', NULL, 'Distribuidora S Y M', NULL, NULL, NULL, '011-43014797', NULL, 6, 6, '2019-09-09 19:00:12', '2019-09-09 19:00:12'),
(1323, 'Cristina', 'Sosa', 'Concejal', NULL, NULL, NULL, '4211872', NULL, 6, 6, '2019-09-09 19:01:35', '2019-09-09 19:01:35'),
(1324, 'Direccion de Relaciones', 'Internacionales', NULL, NULL, NULL, NULL, '4208899 / 160', NULL, 6, 6, '2019-09-09 19:02:19', '2019-09-09 19:02:19'),
(1325, 'Balla', NULL, 'Direccion de Trabajo', NULL, NULL, NULL, '4207984 / 4233025 / 4207984 / 4207987', NULL, 6, 6, '2019-09-09 19:03:33', '2019-09-09 19:03:33'),
(1326, 'Drogueria', NULL, 'NOVO PHARMA', NULL, NULL, NULL, '0358-4653919', NULL, 6, 6, '2019-09-09 19:04:27', '2019-09-09 19:04:27'),
(1327, 'Drogueria', 'Belgrano', NULL, NULL, NULL, NULL, '011-45516688', NULL, 6, 6, '2019-09-09 19:05:06', '2019-09-09 19:05:06'),
(1328, 'Lidia', 'Dilorenzo', 'MONOGRAFIAS', NULL, NULL, '011-1537042225', '011-49252775', NULL, 6, 6, '2019-09-09 19:06:01', '2019-09-09 19:06:01'),
(1329, 'Drogueria', 'Ferrer', NULL, NULL, NULL, NULL, '0351-4511649', NULL, 6, 6, '2019-09-09 19:06:44', '2019-09-09 19:06:44'),
(1330, 'Adriana', 'Deyusto', 'Colegio de Bioquimicos', NULL, NULL, NULL, '4002025', NULL, 6, 6, '2019-09-09 19:07:24', '2019-09-09 19:07:24'),
(1331, 'DRO SALUD', 'DNM', NULL, NULL, NULL, NULL, '011-46728039', NULL, 6, 6, '2019-09-09 19:07:53', '2019-09-09 19:07:53'),
(1332, 'Direccion de Industrias', NULL, NULL, NULL, NULL, NULL, '4208160', NULL, 6, 6, '2019-09-09 19:08:50', '2019-09-09 19:08:50'),
(1333, 'Oscar', 'Delacua', NULL, NULL, NULL, NULL, '4313468', NULL, 6, 6, '2019-09-09 19:10:07', '2019-09-09 19:10:07'),
(1334, 'DEM', NULL, 'Drogueria', 'Colon 541', NULL, NULL, '4313773', NULL, 6, 6, '2019-09-09 19:10:45', '2019-09-09 19:10:45'),
(1335, 'Claudio ó Alfredo', NULL, 'DHL', 'Echagüe 622', NULL, '156453896', '4222791', NULL, 6, 6, '2019-09-09 19:13:09', '2019-09-09 19:13:09'),
(1336, 'DANO', NULL, 'DANO DAFU', NULL, NULL, NULL, '01147964664', NULL, 6, 6, '2019-09-09 19:14:07', '2019-09-09 19:14:07'),
(1337, 'Dario', 'Di Camilo', 'SANTOS & ASOCIADOS', NULL, NULL, '011-1557212857', '011- 52367042', NULL, 6, 6, '2019-09-09 19:19:50', '2019-09-09 19:19:50'),
(1338, 'Paula', 'Delgado', 'FORBERTON', NULL, NULL, NULL, '011-46823098', NULL, 6, 6, '2019-09-09 19:21:37', '2019-09-09 19:21:37'),
(1339, 'Diario', 'Clarin', NULL, NULL, NULL, NULL, '0343-4234970 ó 011-43487777', NULL, 6, 6, '2019-09-09 19:22:35', '2019-09-09 19:22:35'),
(1340, 'Juan Blas', 'De Angelis', 'Gobbi Novag', NULL, 133, '011-1550071055', '011-42077332', NULL, 6, 6, '2019-09-09 19:23:28', '2019-09-09 19:25:28'),
(1341, 'Ayelen', 'Irvini', 'AUDI ARGENTINA', NULL, NULL, NULL, '011 - 43179078 ó 43179000', NULL, 6, NULL, '2019-09-10 17:36:21', '2019-09-10 17:36:21'),
(1342, 'Diario', 'UNO', NULL, NULL, NULL, NULL, '4233355', NULL, 6, NULL, '2019-09-10 19:01:33', '2019-09-10 19:01:33'),
(1343, 'Adrian', 'Dandrea', NULL, NULL, NULL, '154487751', NULL, NULL, 6, NULL, '2019-09-10 20:14:10', '2019-09-10 20:14:10'),
(1344, 'Departamento de', 'Medicamentos', 'Ministerio de Salud de Entre Rios', NULL, NULL, NULL, '4315145', NULL, 6, NULL, '2019-09-10 20:15:10', '2019-09-10 20:15:10'),
(1345, 'Jose', 'Deveze', NULL, NULL, NULL, '155442375', '4234475', NULL, 6, NULL, '2019-09-12 22:29:03', '2019-09-12 22:29:03'),
(1346, 'Drogueria', 'Central', 'Ministerios de Salud de Santa Fé', NULL, NULL, NULL, '0342-4579243', NULL, 6, NULL, '2019-09-12 22:29:58', '2019-09-12 22:29:58'),
(1347, 'Luz', 'Don', 'Nutricionista', NULL, NULL, NULL, '4232102 / 4235021', NULL, 6, NULL, '2019-09-12 22:30:25', '2019-09-12 22:30:25'),
(1348, 'DER', 'Iluminación', NULL, NULL, NULL, NULL, '0342-4556438 / 6837', NULL, 6, NULL, '2019-09-12 22:31:14', '2019-09-12 22:31:14'),
(1349, 'Jorge', 'Eliscovich', 'DIFFUCAP', NULL, NULL, '011-1540425881', '011-42083886', NULL, 6, NULL, '2019-09-12 22:33:58', '2019-09-12 22:33:58'),
(1350, 'Ezequiel', 'Sosa', 'DISPROFARMA', NULL, 265, NULL, '011-60914300', NULL, 6, NULL, '2019-09-12 22:35:58', '2019-09-12 22:35:58'),
(1351, 'Melisa', 'Varela', NULL, 'DISPROFARMA', 226, NULL, '011 - 60914300', NULL, 6, NULL, '2019-09-12 22:36:35', '2019-09-12 22:36:35'),
(1352, 'Hugo', 'Rosatto', 'DISPROFARMA', NULL, 262, NULL, '011-60914366', NULL, 6, NULL, '2019-09-12 22:37:31', '2019-09-12 22:37:31'),
(1353, 'Daniel', 'Salas', 'DISTIFAR S.A. Mendoza', NULL, NULL, '0261 - 155584558', '0261 - 4232323', NULL, 6, NULL, '2019-09-12 22:42:20', '2019-09-12 22:42:20'),
(1354, 'Gaston', NULL, 'DRIBURG (Synthon)', 'Warnes 3112', NULL, NULL, '011-47996210', NULL, 6, NULL, '2019-09-12 22:43:39', '2019-09-12 22:43:39'),
(1355, 'Guillermo (Willy)', 'Valiente', 'Drogueria COMASA', NULL, NULL, NULL, '0341 - 4370353', NULL, 6, NULL, '2019-09-12 22:45:44', '2019-09-12 22:45:44'),
(1356, 'Santiago', 'Gavazza', 'Drogueria Gavazza', NULL, NULL, '0291-156429898', '0291-4565800/10', NULL, 6, NULL, '2019-09-12 22:48:14', '2019-09-12 22:48:14'),
(1357, 'Diego', 'Martinez', 'DNM', NULL, NULL, '011-1564512522', '011-46109151', NULL, 6, NULL, '2019-09-12 22:49:17', '2019-09-12 22:49:17'),
(1358, 'Dromex', NULL, 'DROMEX', NULL, 462, '011-1555772617', '011-46703450', NULL, 6, NULL, '2019-09-12 22:50:24', '2019-09-12 22:50:24'),
(1359, 'Carina', 'Barbieri', 'Drogueria Scienza', NULL, NULL, NULL, '011-55547890', NULL, 6, NULL, '2019-09-12 22:51:07', '2019-09-12 22:51:07'),
(1360, 'Jorge', NULL, 'DNM PLASTICOS', NULL, NULL, NULL, '011-47351961', NULL, 6, NULL, '2019-09-12 22:51:40', '2019-09-12 22:51:40'),
(1361, 'Luis', 'Urreta Bizcalla', 'DROGUERIA SAN LUIS', NULL, NULL, '02954 - 15590224', '02954-425356 / 434019', NULL, 6, NULL, '2019-09-12 22:52:54', '2019-09-12 22:52:54'),
(1362, 'El Diario', 'de Paraná', 'EL DIARIO', NULL, NULL, NULL, '4001000', NULL, 6, NULL, '2019-09-16 17:47:13', '2019-09-16 17:47:13'),
(1363, 'Jorgelina', 'Jorgelina', 'SECURITAS', NULL, NULL, '154043062', '4390000', NULL, 6, 6, '2019-09-16 17:48:27', '2019-09-16 17:49:19'),
(1364, 'Embajada', 'de Canadá', NULL, NULL, NULL, NULL, '011-48081000', NULL, 6, NULL, '2019-09-16 18:21:49', '2019-09-16 18:21:49'),
(1365, 'Economet', NULL, 'ECONOMET', NULL, NULL, NULL, '0351-4346263', NULL, 6, NULL, '2019-09-16 18:23:52', '2019-09-16 18:23:52'),
(1366, 'Escobar Paraná', NULL, 'ESCOBAR', NULL, NULL, NULL, '4240799 / 4240002', NULL, 6, NULL, '2019-09-16 18:25:55', '2019-09-16 18:25:55'),
(1367, 'Escobar Santa Fe', NULL, 'ESCOBAR', NULL, NULL, NULL, '0342-44559248 / 4560089', NULL, 6, NULL, '2019-09-16 18:26:24', '2019-09-16 18:26:24'),
(1368, 'Fernanda', 'Metini', 'EL BALANCERO', NULL, NULL, NULL, '011-42043357 / 42035245', NULL, 6, NULL, '2019-09-16 18:28:10', '2019-09-16 18:28:10'),
(1369, 'Estudio Federick', NULL, NULL, NULL, NULL, NULL, '4320680 / 4224945', NULL, 6, NULL, '2019-09-16 18:29:47', '2019-09-16 18:29:47'),
(1371, 'Expresso Imperial Buenos Aires', NULL, 'EXPRESSO IMPERIAL', NULL, NULL, NULL, '011 - 49423666 / 49429323', NULL, 6, NULL, '2019-09-16 18:32:44', '2019-09-16 18:32:44'),
(1372, 'Expresso Imperial Rosario', NULL, 'EXPRESSO IMPERIAL', NULL, NULL, NULL, '0341 - 4316594', NULL, 6, NULL, '2019-09-16 18:33:25', '2019-09-16 18:33:25'),
(1373, 'Expresso Imperial La Paz', NULL, 'EXPRESSO IMPERIAL', NULL, NULL, NULL, '03437 - 422780', NULL, 6, NULL, '2019-09-16 18:34:28', '2019-09-16 18:34:28'),
(1374, 'Dra. María Rosa', 'Pascual', 'EMBAJADA DE CUBA', NULL, NULL, '011-1544178028', '011 - 47829049 / 47803555', NULL, 6, 6, '2019-09-16 18:36:49', '2019-09-16 18:38:04'),
(1375, 'Embajada', 'de Venezuela', 'EMBAJADA DE VENEZUELA', NULL, NULL, NULL, '011 - 47884944', NULL, 6, NULL, '2019-09-16 18:39:03', '2019-09-16 18:39:03'),
(1376, 'Matias', 'Santamarina', 'EL TRANSPORTADOR', NULL, NULL, '156453366', '4347016', NULL, 6, NULL, '2019-09-16 18:40:35', '2019-09-16 18:40:35'),
(1377, 'Joaquin', 'Arias', 'ESTUDIO ARIAS', 'San Martin 271', NULL, '154640099', '4232010 / 4314403', NULL, 6, NULL, '2019-09-16 18:45:16', '2019-09-16 18:45:16'),
(1378, 'Adriana', 'Tista', 'ESTUDIO ARIAS', NULL, NULL, '154252819', NULL, NULL, 6, NULL, '2019-09-16 18:47:53', '2019-09-16 18:47:53'),
(1379, 'Escribania', 'Nanni', NULL, NULL, NULL, NULL, '4313955', NULL, 6, NULL, '2019-09-16 18:58:20', '2019-09-16 18:58:20'),
(1380, 'Eduardo', 'Carames', 'EXO', NULL, 1164, NULL, '011-40215400 / 40215430', NULL, 6, NULL, '2019-09-16 19:00:04', '2019-09-16 19:00:04'),
(1381, 'Gustavo', 'Baya', 'ENVAFLEX S.A.', NULL, NULL, NULL, '011-47499566', NULL, 6, NULL, '2019-09-16 19:02:00', '2019-09-16 19:02:00'),
(1382, 'Pierre Medrock', 'Marcos Hurtado', 'ESKE GROUP PERÚ', NULL, 229, NULL, '0051 206 66 30', NULL, 6, NULL, '2019-09-16 19:08:00', '2019-09-16 19:08:00'),
(1383, 'Esteban', 'Piaggio', 'Arquitecto', NULL, NULL, '3435035722', NULL, NULL, 6, 6, '2019-09-16 19:27:22', '2019-09-30 22:59:10'),
(1384, 'ELEUTERI', 'REVESTIMIENTOS', NULL, NULL, NULL, NULL, '4342738', NULL, 6, NULL, '2019-09-16 19:28:53', '2019-09-16 19:28:53'),
(1385, 'Paulo', 'Etcheverry', NULL, NULL, 3239, '001 829 713 5555', '001 809 338 1616', NULL, 6, NULL, '2019-09-17 18:12:04', '2019-09-17 18:12:04'),
(1386, 'Linea', NULL, 'ESTUDIO GRAFICO', 'San Lorenzo 81', NULL, NULL, '4231117', NULL, 6, NULL, '2019-09-17 18:13:00', '2019-09-17 18:13:00'),
(1387, 'El Fortinero', NULL, NULL, NULL, NULL, NULL, '011 - 46443355', NULL, 6, NULL, '2019-09-17 18:14:52', '2019-09-17 18:14:52'),
(1388, 'Escribania MORO', NULL, NULL, NULL, NULL, NULL, '4226676', NULL, 6, NULL, '2019-09-17 18:17:16', '2019-09-17 18:17:16'),
(1389, 'José', 'Zambade', 'ELECTRO VOLT', NULL, NULL, '0342 - 154290862', NULL, NULL, 6, NULL, '2019-09-17 18:18:20', '2019-09-17 18:18:20'),
(1390, 'EL GAUCHITO', NULL, NULL, '3 de Febrero 2251', NULL, NULL, '4317480', NULL, 6, NULL, '2019-09-17 18:19:30', '2019-09-17 18:19:30'),
(1391, 'ENVASER', NULL, NULL, NULL, NULL, NULL, '4390115', NULL, 6, NULL, '2019-09-17 18:20:22', '2019-09-17 18:20:22'),
(1392, 'Dr. Luis', 'Sonnaillon', 'ESTUDIO SONNAILLON', NULL, NULL, NULL, '4225222', NULL, 6, NULL, '2019-09-17 18:21:01', '2019-09-17 18:21:01'),
(1393, 'Dr. Edgardo', 'Brodesen', 'ESTUDIO BRODESEN', NULL, NULL, NULL, '011 - 5032 3616', NULL, 6, NULL, '2019-09-17 18:22:40', '2019-09-17 18:22:40'),
(1394, 'Luis', 'Ruocco', 'EUROLAB', NULL, NULL, NULL, '011-49261649 / 72', NULL, 6, NULL, '2019-09-17 18:23:45', '2019-09-17 18:23:45'),
(1395, 'Herminio', 'Escorcio', 'Embajada de Angola', NULL, NULL, NULL, '011-45548383 / 8877 /8998', NULL, 6, NULL, '2019-09-17 18:39:38', '2019-09-17 18:39:38'),
(1396, 'Cr. Guillermo', 'Yañez', 'LABORATORIOS FINADIET', NULL, NULL, NULL, '011-49815544', NULL, 6, NULL, '2019-09-17 18:45:58', '2019-09-17 18:45:58'),
(1397, 'Daniel', 'Furlan', NULL, NULL, NULL, '155105407', NULL, NULL, 6, NULL, '2019-09-17 18:46:40', '2019-09-17 18:46:40'),
(1398, 'Mariela', 'Ponce', 'FATSA', NULL, NULL, NULL, '4230029 - 4231466', NULL, 6, NULL, '2019-09-17 18:49:07', '2019-09-17 18:49:07'),
(1399, 'Maria Laura', 'Franco', 'LABORATORIO GALDERMA', NULL, NULL, '011-1564618346', '011-41240184', NULL, 6, NULL, '2019-09-17 18:51:38', '2019-09-17 18:51:38'),
(1400, 'Raul', 'Bustamante', 'FABRIQUIMICA S.A.', NULL, NULL, NULL, '011-49180009', NULL, 6, NULL, '2019-09-17 18:53:56', '2019-09-17 18:53:56'),
(1401, 'Ricardo', 'Ferreira', NULL, NULL, NULL, '155103899', NULL, NULL, 6, NULL, '2019-09-17 18:57:25', '2019-09-17 18:57:25'),
(1402, 'Ing. Luis', 'Sosa Mendoza', 'FONTAR', NULL, 6518, NULL, '011-48918700', NULL, 6, NULL, '2019-09-17 18:59:03', '2019-09-17 18:59:03'),
(1403, 'Ing. Carlos', 'Leon', 'FONTAR', 'Avda. Córdoba 831 - 5to piso', NULL, NULL, '011-43123142 / 6122', NULL, 6, NULL, '2019-09-17 19:00:27', '2019-09-17 19:00:27'),
(1404, 'Fravega', NULL, NULL, NULL, NULL, NULL, '4231926 - 4232889', NULL, 6, NULL, '2019-09-17 19:31:10', '2019-09-17 19:31:10'),
(1405, 'Guillermo', 'Fernandez', 'FIRMENICH', NULL, NULL, '011-1563746242', '0237 - 4636888', NULL, 6, NULL, '2019-09-17 19:32:09', '2019-09-17 19:32:09'),
(1406, 'Luis', 'Fontana', 'Cobrador WÜRTH', NULL, NULL, '156237677', NULL, NULL, 6, NULL, '2019-09-17 19:32:57', '2019-09-17 19:32:57'),
(1407, 'Eduardo', 'Fernandez', NULL, 'Bahia Blanca', NULL, '0291 - 155023850', NULL, NULL, 6, NULL, '2019-09-17 19:35:01', '2019-09-17 19:35:01'),
(1408, 'FUNDACION', 'ECOURBANO', NULL, NULL, NULL, NULL, '4226042', NULL, 6, NULL, '2019-09-17 19:35:44', '2019-09-17 19:35:44'),
(1409, 'Farmacia', 'Roliria', NULL, NULL, NULL, NULL, '4230210', NULL, 6, NULL, '2019-09-17 19:37:08', '2019-09-17 19:37:08'),
(1410, 'Farmacias', 'Dr. Ahorro', NULL, NULL, NULL, NULL, '011-47965969', NULL, 6, NULL, '2019-09-17 19:38:12', '2019-09-17 19:38:12'),
(1411, 'Rodolfo', 'Ferro', NULL, NULL, NULL, NULL, '4315647', NULL, 6, NULL, '2019-09-17 19:38:58', '2019-09-17 19:38:58'),
(1412, 'Patricia', NULL, 'FARMATRADE', NULL, NULL, '011-1550048796', NULL, NULL, 6, NULL, '2019-09-17 19:39:24', '2019-09-17 19:39:24'),
(1413, 'FARMED', NULL, NULL, NULL, NULL, NULL, '011- 47096736 / 3723', NULL, 6, NULL, '2019-09-17 19:40:39', '2019-09-17 19:40:39'),
(1414, 'FARMED', NULL, NULL, NULL, NULL, NULL, '011-47096736 / 3723', NULL, 6, NULL, '2019-09-17 22:13:43', '2019-09-17 22:13:43'),
(1415, 'Eric', NULL, 'FERROMED', NULL, 104, NULL, '011-47353000', NULL, 6, NULL, '2019-09-17 22:15:14', '2019-09-17 22:15:14'),
(1416, 'Farmacia', 'Brambilla', NULL, NULL, NULL, NULL, '0342-4000623', NULL, 6, NULL, '2019-09-17 22:17:01', '2019-09-17 22:17:01'),
(1417, 'Dr. Furlan', NULL, NULL, NULL, NULL, '155121562', NULL, NULL, 6, NULL, '2019-09-17 22:17:23', '2019-09-17 22:17:23'),
(1418, 'Lic. Diego', 'Fernandez', 'ECZANE PHARMA', NULL, NULL, '011-1553412343', '011-42223494', NULL, 6, NULL, '2019-09-17 22:18:34', '2019-09-17 22:18:34'),
(1419, 'Liliana', 'Fabra', 'FABRA', NULL, NULL, NULL, '011-45121540 / 41', NULL, 6, NULL, '2019-09-17 22:20:54', '2019-09-17 22:20:54'),
(1420, 'Dr. Fabra', NULL, 'FABRA', NULL, NULL, '011-1556388759', NULL, NULL, 6, NULL, '2019-09-17 22:22:02', '2019-09-17 22:22:02'),
(1421, 'Dr. Ruben', 'Faria', 'Cirujano', 'España 224', NULL, '154383188', '4316505 - 4233399', NULL, 6, NULL, '2019-09-17 22:23:28', '2019-09-17 22:23:28'),
(1422, 'Osvaldo Bustos', 'Pedro Villanueva', 'FAPROMED', NULL, NULL, NULL, '011-45827775', NULL, 6, NULL, '2019-09-17 22:24:45', '2019-09-17 22:24:45'),
(1423, 'Fernando', 'Mayser', NULL, NULL, NULL, '00 591 7500 2628', '00 591 3334 1201', NULL, 6, NULL, '2019-09-18 17:04:56', '2019-09-18 17:04:56'),
(1424, 'Claudio', 'Reanzuli', 'LABORATORIOS LIA', NULL, 154, NULL, '011-49181625 / 49188492', NULL, 6, NULL, '2019-09-18 18:02:35', '2019-09-18 18:02:35'),
(1425, 'Gustavo', 'Del Cueto', 'LIA POMPEYA', NULL, NULL, NULL, '011-49181625 - 49188492', NULL, 6, NULL, '2019-09-18 18:05:26', '2019-09-18 18:05:26'),
(1426, 'Laboratorios', NULL, 'LIA QUILMES', NULL, NULL, NULL, '011-42005389 - 52173200 - 42501013/4', NULL, 6, NULL, '2019-09-18 18:07:04', '2019-09-18 18:07:04'),
(1427, 'Laboratorios', NULL, 'LIA LINIERS', NULL, NULL, NULL, '011-51694300 - 40164200', NULL, 6, NULL, '2019-09-18 18:12:04', '2019-09-18 18:12:04'),
(1428, 'Laboratorios', NULL, 'LIA MUNRO', NULL, NULL, NULL, '011 - 60903100', NULL, 6, NULL, '2019-09-18 18:12:46', '2019-09-18 18:12:46'),
(1429, 'Nicola', 'Riva', 'FAISER', NULL, NULL, NULL, '011-47887000', NULL, 6, NULL, '2019-09-18 18:13:36', '2019-09-18 18:13:36'),
(1430, 'Maria Alejandra', 'Sanchez', 'FAVOP - SAVANT PHARM', NULL, NULL, NULL, '03576-491263', NULL, 6, NULL, '2019-09-18 18:22:59', '2019-09-18 18:22:59'),
(1431, 'Enzo', 'Genovece', 'LABORATORIOS FRASCA', NULL, NULL, '011-1556610559', '011-45813421 - 45824989', NULL, 6, 6, '2019-09-18 18:25:10', '2019-09-23 21:29:42'),
(1432, 'Martin', 'Quiptquey', 'FRASOA', NULL, NULL, NULL, '011-45813421 - 45824989', NULL, 6, NULL, '2019-09-18 18:26:43', '2019-09-18 18:26:43'),
(1433, 'Felisa', 'Quijano de Goncebat', NULL, NULL, NULL, NULL, '4230786', NULL, 6, NULL, '2019-09-18 18:33:15', '2019-09-18 18:33:15'),
(1434, 'QUIMAX', NULL, NULL, NULL, NULL, NULL, '011-46531106 / 7843', NULL, 6, NULL, '2019-09-18 18:33:44', '2019-09-18 18:33:44'),
(1435, 'Valeria', 'Quizca', 'MERCK', NULL, NULL, NULL, '011 - 53530738', NULL, 6, NULL, '2019-09-18 18:34:39', '2019-09-18 18:34:39'),
(1436, 'Qualia S.A', NULL, NULL, NULL, NULL, NULL, '011-48073433 / 2933', NULL, 6, NULL, '2019-09-18 18:36:51', '2019-09-18 18:36:51'),
(1437, 'Quality Pharma', NULL, NULL, NULL, NULL, NULL, '011-44848270 / 1', NULL, 6, NULL, '2019-09-18 18:37:35', '2019-09-18 18:37:35'),
(1438, 'Jesy', 'Alvarez', NULL, NULL, NULL, '154068928', '4314280 - 4202909 - 1201813', NULL, 6, NULL, '2019-09-18 18:57:19', '2019-09-18 18:57:19'),
(1439, 'Patricia', 'Juarez', 'EPSILON', NULL, NULL, '011-1553775633', '011-46215451 - 46217061 -46211873', NULL, 6, 6, '2019-09-18 19:00:26', '2019-09-24 19:43:18'),
(1440, 'Jorgelina', NULL, 'Kinesióloga Norma', NULL, NULL, '154382110', NULL, NULL, 6, NULL, '2019-09-18 19:01:19', '2019-09-18 19:01:19'),
(1441, 'Martin', 'Oleinizak', 'PROMETEO / X-MAS', NULL, NULL, '154065053', '4316732', NULL, 6, NULL, '2019-09-18 19:37:34', '2019-09-18 19:37:34'),
(1442, 'Juan Carlos', 'Borras', 'OSECAC', NULL, NULL, '154632295', '4317676 - 4230034 - 4230032', NULL, 6, NULL, '2019-09-18 19:38:45', '2019-09-18 19:38:45'),
(1443, 'Daniel', 'Gomez del Río', 'OCA', NULL, NULL, '155107386', '4390435 - 155101324 - 4343794', NULL, 6, NULL, '2019-09-18 19:41:38', '2019-09-18 19:41:38'),
(1444, 'Liliana', NULL, 'Obra Social Luis Pasteur', NULL, NULL, NULL, '0341 - 4486592 / 4487339', NULL, 6, NULL, '2019-09-18 19:56:04', '2019-09-18 19:56:04'),
(1445, 'Alejandra', 'Goberna', 'Obra Social Luis Pasteur', NULL, NULL, '011-1559535431', NULL, NULL, 6, NULL, '2019-09-18 20:00:46', '2019-09-18 20:00:46'),
(1446, 'Obra Social Luis Pasteur', NULL, NULL, NULL, NULL, NULL, '011-43701000 / 0888', NULL, 6, NULL, '2019-09-18 20:01:17', '2019-09-18 20:01:17'),
(1447, 'Dr.', 'Pujol', 'KILAB Y KINET', NULL, NULL, '011-1559572153', '011-49181111 / 9331', NULL, 6, NULL, '2019-09-18 22:21:02', '2019-09-18 22:21:02'),
(1448, 'Dr.', 'Pujol', 'KILAB Y KINET', NULL, NULL, '011- 1559572153', '011-49181111 / 9331', NULL, 6, NULL, '2019-09-19 22:01:42', '2019-09-19 22:01:42'),
(1449, 'Gonzalo', 'Kinan', NULL, 'Avda. Maipú 1425 - 1º piso', NULL, NULL, '011 - 47953088', NULL, 6, NULL, '2019-09-19 22:04:35', '2019-09-19 22:04:35'),
(1450, 'Natalio', 'Klotiar', NULL, NULL, NULL, '011-1564550933', NULL, NULL, 6, NULL, '2019-09-19 22:05:48', '2019-09-19 22:05:48'),
(1451, 'Pablo', 'Kearney', NULL, NULL, NULL, '011-1540242632', '011-49414822', NULL, 6, NULL, '2019-09-19 22:07:24', '2019-09-19 22:07:24'),
(1452, 'Alejandro', 'Kelpo', NULL, NULL, NULL, '011-1552477193', NULL, NULL, 6, NULL, '2019-09-19 22:22:45', '2019-09-19 22:22:45'),
(1453, 'Mariela', 'Kinderknecht', NULL, NULL, NULL, '156230800 - 156211752', NULL, NULL, 6, NULL, '2019-09-20 17:01:13', '2019-09-20 17:01:13'),
(1454, 'Eduardo', 'Keudel', NULL, NULL, NULL, '011-1550611475', NULL, NULL, 6, NULL, '2019-09-20 17:02:33', '2019-09-20 17:02:33'),
(1455, 'Valeria', 'Kyska', 'MERCK SHARP & DOHNE', NULL, NULL, '011-1535899813', '011-47968200', NULL, 6, NULL, '2019-09-20 17:04:32', '2019-09-20 17:04:32'),
(1456, 'Salvador', 'Ariel', 'KROMBIT SISTEMAS', 'Etchevere 279', NULL, NULL, '4221500', NULL, 6, NULL, '2019-09-20 17:08:13', '2019-09-20 17:08:13'),
(1457, 'Rodrigo', 'Hermoso', NULL, NULL, NULL, '156220507', NULL, NULL, 6, NULL, '2019-09-20 17:09:10', '2019-09-20 17:09:10'),
(1458, 'Paola o Mario', NULL, 'HONDA PARANÁ', NULL, 106, NULL, '4313122 - 4224100', NULL, 6, NULL, '2019-09-20 17:12:12', '2019-09-20 17:12:12'),
(1459, 'Cra.', 'Navarro', 'HOSPITAL SAN ROQUE', NULL, 231, NULL, '4230460', NULL, 6, NULL, '2019-09-20 17:15:15', '2019-09-20 17:15:15'),
(1460, 'Mabel', 'Haberkom', 'MTH', NULL, NULL, NULL, '4951490', NULL, 6, NULL, '2019-09-20 17:15:54', '2019-09-20 17:15:54'),
(1461, 'Luis', 'Heredia / Muré', 'HOTEL ARGENTINO', NULL, NULL, NULL, '011-43344001 - 08003331171', NULL, 6, NULL, '2019-09-20 17:17:08', '2019-09-20 17:17:08'),
(1462, 'Justo', 'Hernandez', NULL, NULL, NULL, '011-1541980750', NULL, NULL, 6, NULL, '2019-09-20 17:20:38', '2019-09-20 17:20:38'),
(1463, 'HAIMOVICH PARANÁ', NULL, NULL, NULL, 130, NULL, '4203600', NULL, 6, NULL, '2019-09-20 17:22:21', '2019-09-20 17:22:21'),
(1464, 'Farm. Gabriel', 'Aime', 'HLB', NULL, NULL, NULL, '011-47328300', NULL, 6, NULL, '2019-09-20 17:23:29', '2019-09-20 17:23:29'),
(1465, 'Marcelo', 'Norh', 'PALL', NULL, NULL, '011-1544970971', NULL, NULL, 6, NULL, '2019-09-20 17:26:04', '2019-09-20 17:26:04'),
(1466, 'Laura', 'Nuñez', 'LABORATORIOS GEZZY', NULL, 143, NULL, '011-45553366', NULL, 6, NULL, '2019-09-20 17:27:01', '2019-09-20 17:27:01'),
(1467, 'Dr. Massachessi', NULL, 'NATUPHARMA', NULL, NULL, '011- 156103558', '03496 - 420065 / 421335 / 423963', NULL, 6, NULL, '2019-09-20 17:33:04', '2019-09-20 17:33:04'),
(1468, 'Dr. Raúl', 'Coraglia', 'Natupharma', NULL, NULL, '03496 - 15652872', '03496 - 423963 - 421335 - 420065', NULL, 6, NULL, '2019-09-20 17:36:48', '2019-09-20 17:36:48'),
(1469, 'Lucio', 'Narvaja', 'PETREL NAUTICA (Maria Esther Secre)', NULL, NULL, '154294907', '4235073', NULL, 6, NULL, '2019-09-20 17:39:27', '2019-09-20 17:39:27'),
(1470, 'Guillermo', 'Novellis', NULL, NULL, 241, NULL, '0341-4370353', NULL, 6, NULL, '2019-09-20 17:44:41', '2019-09-20 17:44:41'),
(1471, 'Trinidad', 'Neif', NULL, NULL, NULL, NULL, '011-45689799', NULL, 6, NULL, '2019-09-20 17:48:36', '2019-09-20 17:48:36'),
(1472, 'Diego ó Lucas', NULL, 'NEOSTAR - KIA', NULL, NULL, '0342 - 154497798', '0342-4530069', NULL, 6, NULL, '2019-09-20 17:49:34', '2019-09-20 17:49:34'),
(1473, 'NOVOCAP', NULL, NULL, NULL, NULL, NULL, '011-42082975', NULL, 6, NULL, '2019-09-20 17:49:54', '2019-09-20 17:49:54'),
(1474, 'Dr. Raul', 'Causá', 'NYCOMED', NULL, NULL, NULL, '01145464788', NULL, 6, NULL, '2019-09-20 18:33:49', '2019-09-20 18:33:49'),
(1475, 'Ariel', 'Neif', NULL, NULL, NULL, NULL, '4352639', NULL, 6, NULL, '2019-09-20 18:34:09', '2019-09-20 18:34:09'),
(1476, 'NATUPHARM', NULL, NULL, NULL, NULL, NULL, '011-3220 0000', NULL, 6, NULL, '2019-09-20 18:34:39', '2019-09-20 18:34:39'),
(1477, 'Susana', 'Carabajal', 'NECXUS', NULL, NULL, NULL, '011-52176351', NULL, 6, NULL, '2019-09-20 18:36:30', '2019-09-20 18:36:30'),
(1478, 'NORGREEN', NULL, NULL, NULL, NULL, NULL, '0223-4642010', NULL, 6, NULL, '2019-09-20 18:36:59', '2019-09-20 18:36:59'),
(1479, 'Osvaldo', 'Novoa', 'MARKEM IMAJE', NULL, NULL, '011-1561672404', '011-52803600', NULL, 6, NULL, '2019-09-20 18:38:19', '2019-09-20 18:38:19'),
(1480, 'Gustavo', 'Casennave', 'LABORATORIOS NOVA ARGENTIA', NULL, NULL, '011-1566834047', NULL, NULL, 6, NULL, '2019-09-20 18:40:11', '2019-09-20 18:40:11'),
(1481, 'Mariana', 'Perreti', 'ANMAT', NULL, 2542, NULL, '011 - 4340 0800', NULL, 6, NULL, '2019-09-20 18:43:25', '2019-09-20 18:43:25'),
(1482, 'IMPRESSA', NULL, NULL, NULL, NULL, NULL, '4311559', NULL, 6, NULL, '2019-09-20 18:44:48', '2019-09-20 18:44:48'),
(1483, 'Imprenta', 'Paraná', NULL, NULL, NULL, NULL, '4316671', NULL, 6, NULL, '2019-09-20 18:46:24', '2019-09-20 18:46:24'),
(1484, 'Guido', 'Gonzalez Duarte', 'LABORATORIOS IBC', NULL, NULL, '011-1536978150', '011-46740312', NULL, 6, NULL, '2019-09-20 18:51:24', '2019-09-20 18:51:24'),
(1485, 'Rodrigo', 'Izaguirre', 'Abogado', NULL, NULL, '155123876', NULL, NULL, 6, NULL, '2019-09-20 19:17:15', '2019-09-20 19:17:15'),
(1486, 'Instrumental', 'Pasteur', NULL, NULL, NULL, NULL, '011-49523838', NULL, 6, NULL, '2019-09-20 19:57:54', '2019-09-20 19:57:54'),
(1487, 'INTERCHEMISTRY', NULL, NULL, NULL, NULL, NULL, '011-47172477', NULL, 6, NULL, '2019-09-23 17:04:11', '2019-09-23 17:04:11'),
(1488, 'Graciela', 'Benitez', 'INFIERNO', NULL, NULL, '154384057', '4350645', NULL, 6, NULL, '2019-09-23 17:12:07', '2019-09-23 17:12:07'),
(1489, 'Pablo', 'Sciortino', 'INMOBILIARIA', NULL, NULL, NULL, '4317757', NULL, 6, NULL, '2019-09-23 17:15:48', '2019-09-23 17:15:48'),
(1490, 'Pablo', 'Mena', 'Integral Softward', NULL, NULL, '154283783', '4343462 - 4244590', NULL, 6, NULL, '2019-09-23 17:18:30', '2019-09-23 17:18:30'),
(1491, 'Maria Eugenia', 'Loaysa', 'IME (Insumos Medicos Escenciales) Bolivia', NULL, NULL, NULL, '00591 224 20582/4', NULL, 6, NULL, '2019-09-23 17:22:41', '2019-09-23 17:22:41'),
(1492, 'Maria', 'Florencia', 'LABORATORIOS IVAX', NULL, 488, NULL, '011-47218100 - 47522151 - 47557172', NULL, 6, NULL, '2019-09-23 17:24:12', '2019-09-23 17:24:12'),
(1493, 'Raul', 'Vignola', 'LABORATORIOS IVAX', NULL, 210, NULL, '011-47557172', NULL, 6, NULL, '2019-09-23 17:25:23', '2019-09-23 17:25:23'),
(1494, 'Ariel', 'Correa', 'LABORATORIOS ISA', NULL, NULL, NULL, '011-46838888', NULL, 6, NULL, '2019-09-23 17:26:55', '2019-09-23 17:26:55'),
(1495, 'Alicia', 'Ibarra', 'OSDE', NULL, NULL, '156111941', NULL, NULL, 6, NULL, '2019-09-23 18:26:17', '2019-09-23 18:26:17'),
(1496, 'Dr. Pablo', 'Irribarren', 'IMPLANTEC', NULL, NULL, '011-1533599983', '011-43027111', 'info@implantecinsumos.com', 6, NULL, '2019-09-23 18:27:35', '2019-09-23 18:27:35'),
(1497, 'Nelly', 'Girardi', NULL, NULL, NULL, NULL, '4318948', NULL, 6, NULL, '2019-09-23 18:28:15', '2019-09-23 18:28:15'),
(1498, 'Cralos', 'Eraldo', 'GEMINIS FARMACEUTICA', NULL, NULL, '011-1544354214', '011-44583907 - 46235046', NULL, 6, NULL, '2019-09-23 18:29:24', '2019-09-23 18:29:24'),
(1499, 'Pablo', 'Galeazo', NULL, NULL, NULL, '154507758', NULL, NULL, 6, NULL, '2019-09-23 18:30:19', '2019-09-23 18:30:19'),
(1500, 'Guillermo', 'Galeazo', 'Ex Constructora', NULL, NULL, '154706505', '4301533 - 4397180', NULL, 6, NULL, '2019-09-23 18:31:29', '2019-09-23 18:31:29'),
(1501, 'Leo', 'Andreoli', 'Ex Constructora', NULL, NULL, '154603072', NULL, NULL, 6, NULL, '2019-09-23 18:32:04', '2019-09-23 18:32:04'),
(1502, 'LABORATORIOS', 'KLONAL', NULL, NULL, NULL, NULL, '01142515955', NULL, 6, NULL, '2019-09-23 18:45:09', '2019-09-23 18:45:09'),
(1503, 'Hernan', 'Pagnoni', 'GEOSIMENTA', NULL, NULL, '154156562', '0343-4073578', NULL, 6, NULL, '2019-09-23 18:48:24', '2019-09-23 18:48:24'),
(1504, 'Gustavo', 'Pagnoni', 'GEOSIMENTA', NULL, NULL, '154288994', '0343-4073578', NULL, 6, NULL, '2019-09-23 18:56:14', '2019-09-23 18:56:14'),
(1505, 'José María', 'Garrigó', 'Abogado', NULL, NULL, '154461857 / 154041611', NULL, NULL, 6, NULL, '2019-09-23 21:26:06', '2019-09-23 21:26:06'),
(1506, 'Grandi y Asociados', NULL, NULL, NULL, NULL, NULL, '4315594', NULL, 6, NULL, '2019-09-23 21:26:38', '2019-09-23 21:26:38'),
(1507, 'Gervasoni (Misiones)', NULL, NULL, NULL, NULL, '03752-15212834', '03752-422025', NULL, 6, NULL, '2019-09-23 21:27:40', '2019-09-23 21:27:40'),
(1508, 'Elena', 'Gonzalez', 'IBC', NULL, NULL, NULL, '011-46703474', NULL, 6, NULL, '2019-09-23 21:28:42', '2019-09-23 21:28:42'),
(1509, 'Gadea', NULL, NULL, NULL, NULL, '154620593', '4340052', NULL, 6, NULL, '2019-09-23 21:30:08', '2019-09-23 21:30:08'),
(1510, 'Hernán', 'Gonzalez', NULL, NULL, NULL, '011-1562817755', NULL, NULL, 6, NULL, '2019-09-23 21:30:37', '2019-09-23 21:30:37'),
(1511, 'Gracia', '(Escribano)', NULL, NULL, NULL, NULL, '4310030', NULL, 6, NULL, '2019-09-23 21:31:48', '2019-09-23 21:31:48'),
(1512, 'Damian', 'Schuler', 'GUERRESHEIMER', NULL, 112, NULL, '011-46390771 - 46391041', NULL, 6, NULL, '2019-09-23 21:34:08', '2019-09-23 21:34:08'),
(1513, 'Sr. Suarez', NULL, 'GADOR', NULL, NULL, NULL, '011-48589000', NULL, 6, NULL, '2019-09-23 21:34:54', '2019-09-23 21:34:54'),
(1514, 'Monica', 'Molina', 'LABORATORIOS GEZZY', NULL, NULL, '011-1558439455', '011-45553366 / 5030', NULL, 6, NULL, '2019-09-23 21:40:41', '2019-09-23 21:40:41'),
(1515, 'Matias', 'Gezzy', 'LABORATORIOS GEZZY', NULL, NULL, '011-1558439458', NULL, NULL, 6, NULL, '2019-09-23 21:41:29', '2019-09-23 21:41:29'),
(1516, 'Walter', 'Dugan', 'LABORATORIOS GEZZY', NULL, NULL, '011-1558440807', NULL, NULL, 6, NULL, '2019-09-23 21:42:09', '2019-09-23 21:42:09'),
(1517, 'Carlos', 'Hernandez', 'LABORATORIOS GEZZY', NULL, NULL, NULL, '011-45510755', NULL, 6, NULL, '2019-09-23 21:42:49', '2019-09-23 21:42:49'),
(1518, 'Grimault', NULL, NULL, NULL, NULL, '154571201', NULL, NULL, 6, NULL, '2019-09-23 21:43:12', '2019-09-23 21:43:12'),
(1519, 'GP PHARM (Ex Magel)', NULL, NULL, NULL, NULL, NULL, '011-45024872', NULL, 6, NULL, '2019-09-23 22:05:45', '2019-09-23 22:05:45'),
(1520, 'Rodrigo', 'Garcia Girard', 'Abogado', NULL, NULL, '011-1558458272', NULL, NULL, 6, NULL, '2019-09-23 22:06:41', '2019-09-23 22:06:41'),
(1521, 'GRUPO MOTTA', NULL, NULL, NULL, NULL, NULL, '4876065', NULL, 6, NULL, '2019-09-23 22:08:33', '2019-09-23 22:08:33'),
(1522, 'Gustavo', 'Gonzalez', NULL, NULL, NULL, '154503782', NULL, NULL, 6, NULL, '2019-09-23 22:08:57', '2019-09-23 22:08:57'),
(1523, 'Gerard', 'Quirion', NULL, NULL, NULL, '011-1556141300', NULL, NULL, 6, NULL, '2019-09-23 22:09:51', '2019-09-23 22:09:51'),
(1524, 'Betiana', 'Gomez', 'Gerencia de Empleo', NULL, NULL, NULL, '4219690 / 4231999', NULL, 6, NULL, '2019-09-23 22:11:21', '2019-09-23 22:11:21'),
(1525, 'Sandra', NULL, 'Gerencia de Empleo', NULL, NULL, NULL, '4211886', NULL, 6, NULL, '2019-09-23 22:11:48', '2019-09-23 22:11:48'),
(1526, 'GOROSITO', NULL, NULL, NULL, NULL, '0342154660057 ó 0342-155059092', '0342-4228085', NULL, 6, NULL, '2019-09-23 22:12:57', '2019-09-23 22:12:57'),
(1527, 'Sr. Getic', NULL, NULL, NULL, NULL, NULL, '4953551', NULL, 6, NULL, '2019-09-23 22:13:29', '2019-09-23 22:13:29'),
(1528, 'Carlos', 'Gaberione', 'PET FILM', NULL, NULL, '156233928', NULL, NULL, 6, NULL, '2019-09-23 22:14:06', '2019-09-23 22:14:06'),
(1529, 'Dr. Augusto', 'Galanti', 'Médico', 'Mejico 582', NULL, '154558395', NULL, NULL, 6, NULL, '2019-09-23 22:15:03', '2019-09-23 22:15:03'),
(1530, 'Norberto', 'Ledy', 'Baterias Quanta', NULL, NULL, '156220538', '4223085 / 4261037', NULL, 6, NULL, '2019-09-23 22:21:16', '2019-09-23 22:21:16'),
(1531, 'Florencia', 'Oficina de Compras', 'Gobierno de San Luis', NULL, 3149, NULL, '0266-4452000', NULL, 6, NULL, '2019-09-24 16:32:01', '2019-09-24 16:32:01'),
(1532, 'Laboratorios de', 'Control de Calidad', 'Facultad de Bioquimica', NULL, NULL, NULL, '0342-4575205', NULL, 6, NULL, '2019-09-24 17:16:31', '2019-09-24 17:16:31'),
(1533, 'Pablo', 'Pratt', 'LABORATORIOS EDYAFE', NULL, NULL, NULL, '011-49820329', NULL, 6, NULL, '2019-09-24 17:17:51', '2019-09-24 17:17:51'),
(1534, 'LUMEDIC', NULL, NULL, NULL, NULL, NULL, '011-45735005', NULL, 6, NULL, '2019-09-24 17:18:23', '2019-09-24 17:18:23'),
(1535, 'Esteban', 'Luna', NULL, NULL, NULL, '156213870', NULL, NULL, 6, NULL, '2019-09-24 17:18:48', '2019-09-24 17:18:48'),
(1536, 'Ing. Lozada', NULL, NULL, NULL, NULL, '011-1545383201', NULL, NULL, 6, NULL, '2019-09-24 17:19:33', '2019-09-24 17:19:33'),
(1537, 'José', 'Loretan', NULL, NULL, NULL, NULL, '0342-4563877', NULL, 6, NULL, '2019-09-24 17:20:13', '2019-09-24 17:20:13'),
(1538, 'Lic. Juan Carlos', 'Lopez', 'COOPERALA', NULL, NULL, '011-1540299743', '011-43848882', NULL, 6, NULL, '2019-09-24 17:22:24', '2019-09-24 17:22:24'),
(1539, 'Dra. Marne', 'Livigni', 'LABORATORIOS FRASCA', NULL, NULL, NULL, '011-45816100', NULL, 6, NULL, '2019-09-24 17:33:19', '2019-09-24 17:33:19'),
(1540, 'Julieta', 'Ledesma', NULL, NULL, 1498, NULL, '011-43781555', NULL, 6, NULL, '2019-09-24 17:35:44', '2019-09-24 17:35:44'),
(1541, 'Andres', NULL, 'LAMPEX', NULL, NULL, NULL, '011-43624821', NULL, 6, NULL, '2019-09-24 17:36:14', '2019-09-24 17:36:14'),
(1542, 'Ing.', 'Ganin', 'LIF', NULL, NULL, '0342-156317293', '0342-4886396 / 4881260', NULL, 6, NULL, '2019-09-24 17:44:35', '2019-09-24 17:44:35'),
(1543, 'Cra. Flavia', 'Micheloni', 'LIF', NULL, NULL, NULL, '0342-4886396 / 4881260', NULL, 6, NULL, '2019-09-24 17:47:12', '2019-09-24 17:47:12'),
(1544, 'Diego', 'Espinosa', 'NYCOMED', NULL, NULL, '011-1544178763', '011-45464700', NULL, 6, NULL, '2019-09-24 17:48:53', '2019-09-24 17:48:53'),
(1545, 'Dr.', 'Fiorito', 'LEMAX', NULL, NULL, NULL, '011-46536965', NULL, 6, NULL, '2019-09-24 17:49:39', '2019-09-24 17:49:39'),
(1546, 'Dr. Hector', 'Miale', 'LABORATORIOS CEBALLOS', NULL, NULL, '011-1564542506', '011-53539881 ó 45433335', NULL, 6, NULL, '2019-09-24 17:51:24', '2019-09-24 17:51:24'),
(1547, 'Eugenio', 'Seoane', 'LABORATORIOS CEBALLOS', NULL, NULL, '011-1541404101', '011-53539881 ó 45433335', NULL, 6, NULL, '2019-09-24 17:58:25', '2019-09-24 17:58:25'),
(1548, 'Esteban', 'Tilozaneck', 'LABORATORIOS CEBALLOS', NULL, NULL, NULL, '011-45449703', NULL, 6, NULL, '2019-09-24 18:12:01', '2019-09-24 18:12:01'),
(1549, 'Lucas', 'Miale', 'LABORATORIOS CEBALLOS', NULL, NULL, '011-1558011534', '011-53539881', NULL, 6, NULL, '2019-09-24 18:16:15', '2019-09-24 18:16:15'),
(1550, 'Irene', 'Cambell', 'LABORATORIOS LKM', NULL, NULL, NULL, '011-48966100', NULL, 6, NULL, '2019-09-24 18:17:08', '2019-09-24 18:17:08'),
(1551, 'Ezequiel', 'Crespo', 'LABORATORIOS ELEA', NULL, 1676, NULL, '011-43794300', NULL, 6, NULL, '2019-09-24 18:19:32', '2019-09-24 18:19:32'),
(1552, 'Gabriela o Ale', NULL, 'LABORATORIOS ELEA', NULL, 1566, NULL, '011 - 43794300', NULL, 6, NULL, '2019-09-24 18:23:35', '2019-09-24 18:23:35'),
(1553, 'Laureana', NULL, 'LABORATORIOS ELEA', NULL, 1621, NULL, '011-43794300', NULL, 6, NULL, '2019-09-24 18:24:27', '2019-09-24 18:24:27'),
(1554, 'Dr. Norberto', 'Lomoro', 'LABORATORIOS ELEA', NULL, NULL, NULL, '011-43794300', NULL, 6, NULL, '2019-09-24 18:25:21', '2019-09-24 18:25:21'),
(1555, 'Nora', 'de ELEA', 'LABORATORIOS ELEA', NULL, 1647, NULL, '011-43794300', NULL, 6, 6, '2019-09-24 18:25:50', '2019-09-24 18:27:49'),
(1556, 'Monica', 'Vera', 'LABORATORIOS ELEA', NULL, 1642, NULL, '011-43794300', NULL, 6, NULL, '2019-09-24 18:26:36', '2019-09-24 18:26:36'),
(1557, 'Federico', 'Boglione', 'LA SIBILA', NULL, NULL, '0341 - 155151802', '0341-4367500/4263822 al 27', NULL, 6, 6, '2019-09-24 18:30:02', '2019-09-30 23:54:50'),
(1558, 'LABORATORIOS TRIQUIN', NULL, NULL, NULL, NULL, NULL, '011-47626405', NULL, 6, NULL, '2019-09-24 19:25:01', '2019-09-24 19:25:01'),
(1559, 'LABORATORIOS DOSA', NULL, NULL, NULL, NULL, NULL, '011-45514965 - 45547256 - 45541720', NULL, 6, NULL, '2019-09-24 19:39:43', '2019-09-24 19:39:43'),
(1560, 'Laboratorios', 'Dominguez Paraná', NULL, NULL, NULL, NULL, '4313027', NULL, 6, NULL, '2019-09-27 18:21:33', '2019-09-27 18:21:33'),
(1561, 'LABORATORIOS', 'DR. GRAY', NULL, NULL, NULL, NULL, '011-48554153 ó 6721  / 48546577', NULL, 6, NULL, '2019-09-30 23:28:47', '2019-09-30 23:28:47'),
(1562, 'Benjamin', 'Mozner (Patricia : Secre)', 'LABORATORIOS VANNIER', NULL, NULL, '011-1550961486 ó 81', '011-43034114/4365/4366', NULL, 6, 6, '2019-09-30 23:32:47', '2019-09-30 23:34:23');
INSERT INTO `mi_agenda` (`id`, `nombre`, `apellido`, `empresa`, `direccion`, `interno`, `celular`, `telefono`, `correo`, `creador`, `modificador`, `created_at`, `updated_at`) VALUES
(1563, 'LABORATORIOS', 'VANNIER (Administracion)', NULL, NULL, NULL, NULL, '011-49523500/9200', NULL, 6, NULL, '2019-09-30 23:33:53', '2019-09-30 23:33:53'),
(1564, 'Jorge', 'Libano', 'LABORATORIOS ECZANE PHARMA', NULL, 114, '011-1539009614', '011-42012587 / 42224527', NULL, 6, NULL, '2019-09-30 23:36:09', '2019-09-30 23:36:09'),
(1565, 'Raul', 'Diloretto', 'LABORATORIOS MENARINI', NULL, NULL, '011-1532623912', '011-45517110', NULL, 6, 6, '2019-09-30 23:37:37', '2019-10-02 17:54:40'),
(1566, 'LABORATORIOS', 'ION (San Luis)', NULL, NULL, NULL, NULL, '02652 - 427468', NULL, 6, NULL, '2019-09-30 23:40:35', '2019-09-30 23:40:35'),
(1567, 'LABORATORIOS', 'ION (San Luis)', NULL, NULL, NULL, NULL, '02652-427468', NULL, 6, NULL, '2019-09-30 23:44:59', '2019-09-30 23:44:59'),
(1568, 'Cr. Daniel', 'Cerafino', 'LABORATORIOS POEN', NULL, NULL, NULL, '011-46700100', NULL, 6, NULL, '2019-09-30 23:49:51', '2019-09-30 23:49:51'),
(1569, 'Dr. Daniel', 'Colombari', 'LABORATORIOS POEN', NULL, NULL, '011-1559937279', '011-46700100', 'dcolombari@poen.net.ar', 6, NULL, '2019-09-30 23:51:10', '2019-09-30 23:51:10'),
(1570, 'Matias', 'Japas', 'LABORATORIOS POEN', NULL, NULL, '011-1559626204', '011-46700100', NULL, 6, NULL, '2019-09-30 23:51:52', '2019-09-30 23:51:52'),
(1571, 'Miriam', 'Martinez', 'LABORATORIOS DUNCAN', NULL, NULL, NULL, '011-45146821 al 27', NULL, 6, NULL, '2019-09-30 23:52:57', '2019-09-30 23:52:57'),
(1572, 'Sr.', 'Estevez', 'LA SIBILA NOGOYA', NULL, NULL, NULL, '03435-4234000', NULL, 6, NULL, '2019-09-30 23:55:40', '2019-09-30 23:55:40'),
(1573, 'Pablo', 'Lambarri', 'LAMBARRI MATAFUEGOS', NULL, NULL, '155185071', NULL, NULL, 6, NULL, '2019-09-30 23:56:33', '2019-09-30 23:56:33'),
(1574, 'Leopoldo', 'Lambruskini', NULL, NULL, NULL, NULL, '4219122', NULL, 6, NULL, '2019-09-30 23:57:08', '2019-09-30 23:57:08'),
(1575, 'Horacio', 'Pastore', 'LABORATORIOS RIVERO PARANA', NULL, NULL, NULL, '011-46328710 / 0343-4235523', NULL, 6, NULL, '2019-09-30 23:58:22', '2019-09-30 23:58:22'),
(1576, 'Guillermo', 'Lopez', 'FLAIR', NULL, NULL, '011-1563746242', '0237-4636888', NULL, 6, NULL, '2019-10-01 18:05:49', '2019-10-01 18:05:49'),
(1577, 'Diego', 'Martinez Uría', 'LABORATORIOS MAR', NULL, NULL, '011-1568260993', '011-45825090', NULL, 6, 6, '2019-10-01 18:10:22', '2019-10-02 18:42:25'),
(1578, 'LABORATORIOS', 'NORTIA', NULL, NULL, NULL, NULL, '011-40164200', NULL, 6, NULL, '2019-10-01 18:11:36', '2019-10-01 18:11:36'),
(1579, 'Salvador', 'Llenza', 'PRINT Imprenta', 'Santa Fe 39', NULL, '155119680', '4227830', 'info@printargentina.com.ar', 6, NULL, '2019-10-01 18:27:31', '2019-10-01 18:27:31'),
(1580, 'Javier', 'Llenza', 'PRINT Imprenta', 'Patagonia 96', NULL, '155121717', '5280937', NULL, 6, NULL, '2019-10-01 18:44:02', '2019-10-01 18:44:02'),
(1581, 'Natalia', 'Lujan', 'CANAL 6', NULL, NULL, '154470242', NULL, NULL, 6, NULL, '2019-10-01 18:47:48', '2019-10-01 18:47:48'),
(1582, 'Silvio', 'Levandowsky', 'LABORATORIOS OPHAR (Biosintex Ophar)', NULL, NULL, '011-1551835300', '011-43018687', NULL, 6, NULL, '2019-10-01 18:51:22', '2019-10-01 18:51:22'),
(1583, 'Dr. Jorge', 'Prieto', 'LABORATORIOS OMEDIR', NULL, NULL, '011-1545319509', '011-46352507 / 2488 / 2564', NULL, 6, NULL, '2019-10-01 19:15:55', '2019-10-01 19:15:55'),
(1585, 'Daniel Alberto', 'Lujan', NULL, NULL, NULL, '154514806', NULL, NULL, 6, NULL, '2019-10-01 20:00:33', '2019-10-01 20:00:33'),
(1586, 'Lo', 'Jack', NULL, 'Blas Parera 5132 - Santa Fe', NULL, NULL, '0810 122 5652 ó 0342-4884677', NULL, 6, NULL, '2019-10-01 20:02:14', '2019-10-01 20:02:14'),
(1587, 'Edmundo', 'Abud', 'LABORATORIOS PGN', NULL, NULL, NULL, '4030004 / 4030077', NULL, 6, NULL, '2019-10-02 17:34:33', '2019-10-02 17:34:33'),
(1588, 'Ruben', 'Abete', 'LABORATORIOS DALLAS', NULL, NULL, '011-1556659531', '011-47732792 / 2813 ó 47746616', 'rubenabete@labdallas.com.ar', 6, NULL, '2019-10-02 17:45:19', '2019-10-02 17:45:19'),
(1589, 'Fabian', 'López', 'EX LINEAL AMOBLAMIENTOS', NULL, NULL, '154467587', '4228083', NULL, 6, NULL, '2019-10-02 17:46:43', '2019-10-02 17:46:43'),
(1590, 'Jorge', 'Duhalde', 'LABORATORIOS FRANKLIN MILLET', NULL, NULL, NULL, '011-47627600/48372901/2/9', NULL, 6, NULL, '2019-10-02 17:52:36', '2019-10-02 17:52:36'),
(1591, 'Gerardo', 'Serra', 'LABORATORIOS FRANKLIN MILLET', NULL, NULL, NULL, '011-47627600 ó 48372901/2/9', NULL, 6, NULL, '2019-10-02 17:54:07', '2019-10-02 17:54:07'),
(1592, 'LABORATORIOS', 'VALUGE', NULL, NULL, NULL, NULL, '011-48360914', NULL, 6, NULL, '2019-10-02 17:55:35', '2019-10-02 17:55:35'),
(1593, 'Javier', 'Levy', 'Baterías Quanta', NULL, NULL, '154722321', NULL, NULL, 6, NULL, '2019-10-02 17:59:06', '2019-10-02 17:59:06'),
(1594, 'Administración', 'Caba', 'LABORATORIOS AEROPHARMA', 'Avda. San Isidro 4425', NULL, NULL, '011-47026633 ó 47049217', NULL, 6, NULL, '2019-10-02 18:07:10', '2019-10-02 18:07:10'),
(1595, 'Planta', 'Industrial', 'LABORATORIOS AEROPHARMA', 'Ruta Nacional Nº 3 KM 44720 - Virrey del Pino', NULL, NULL, '02202-495217', NULL, 6, NULL, '2019-10-02 18:12:56', '2019-10-02 18:12:56'),
(1596, 'Sr.', 'Laurito', NULL, NULL, NULL, '154060897', NULL, NULL, 6, NULL, '2019-10-02 18:18:40', '2019-10-02 18:18:40'),
(1597, 'LABORATORIOS', 'PRODUMEDIX INTERNACIONAL', NULL, 'Estomba 1058', NULL, NULL, '011-45537744 ó 45547749', NULL, 6, NULL, '2019-10-02 18:20:12', '2019-10-02 18:20:12'),
(1598, 'Marcelo', 'Lencina', 'Doctor', NULL, NULL, '011-1556998288', NULL, NULL, 6, NULL, '2019-10-02 18:21:28', '2019-10-02 18:21:28'),
(1599, 'Rodrigo', 'Martinez Uría', 'LABORATORIOS MAR', NULL, NULL, NULL, '011-45825090', NULL, 6, NULL, '2019-10-02 18:42:58', '2019-10-02 18:42:58'),
(1600, 'Dr. Luis', 'Larrategui', NULL, NULL, NULL, '156216365', NULL, NULL, 6, NULL, '2019-10-02 18:46:28', '2019-10-02 18:46:28'),
(1601, 'Laura', 'Brustein', 'LABORATORIOS VEINFAR', NULL, NULL, '011-1540298670 ó 1523420779', '011-46016910/1172/4298', 'laurab@veinfar.com.ar', 6, NULL, '2019-10-02 18:50:14', '2019-10-02 18:50:14'),
(1602, 'Dra.', 'Bello', 'LABORATORIOS DRAWER', NULL, NULL, NULL, '011-42576148', NULL, 6, NULL, '2019-10-02 18:51:49', '2019-10-02 18:51:49'),
(1603, 'Daniel', 'Prieto', NULL, NULL, NULL, '011-1544382434', NULL, NULL, 6, NULL, '2019-10-02 19:06:43', '2019-10-02 19:06:43'),
(1604, 'PROMO', 'MARKET', NULL, NULL, NULL, NULL, '011-52588257', NULL, 6, NULL, '2019-10-02 19:07:29', '2019-10-02 19:07:29'),
(1605, 'Programa de', 'Recuperación Productiva', 'REPRO', NULL, NULL, NULL, '011-43106456/6229', NULL, 6, NULL, '2019-10-02 19:12:51', '2019-10-02 19:12:51'),
(1606, 'Pablo', 'Ale', NULL, NULL, NULL, '011-1555920895', NULL, NULL, 6, NULL, '2019-10-02 19:13:59', '2019-10-02 19:13:59'),
(1607, 'Juan Ignacio', 'Pereyra', 'Fotografo', NULL, NULL, '156239580', NULL, NULL, 6, 6, '2019-10-02 19:15:38', '2019-10-02 19:16:20'),
(1608, 'Humberto', 'Pereyra', NULL, NULL, NULL, '154256614', NULL, NULL, 6, NULL, '2019-10-02 19:16:47', '2019-10-02 19:16:47'),
(1609, 'PERCOM', NULL, NULL, NULL, NULL, NULL, '0342-4593486', NULL, 6, 44, '2019-10-02 19:21:57', '2019-11-22 19:35:17'),
(1610, 'Guillermo', 'Polarizados', NULL, NULL, NULL, '155125193', NULL, NULL, 6, NULL, '2019-10-02 19:22:40', '2019-10-02 19:22:40'),
(1611, 'Hector', 'Furlan', 'PAPELERA FURLAN', 'Rondeau 1401', NULL, NULL, '4242786', NULL, 6, NULL, '2019-10-02 19:23:34', '2019-10-02 19:23:34'),
(1612, 'Lab.', 'PKG', NULL, NULL, NULL, NULL, '011-47200434', NULL, 6, NULL, '2019-10-02 19:25:09', '2019-10-02 19:25:09'),
(1613, 'Sergio', 'Petruchelli', NULL, NULL, NULL, '011-1566378020', NULL, NULL, 6, NULL, '2019-10-02 19:38:58', '2019-10-02 19:38:58'),
(1614, 'PHARMOS', NULL, NULL, NULL, NULL, NULL, '011-40164100', NULL, 6, NULL, '2019-10-02 19:40:17', '2019-10-02 19:40:17'),
(1616, 'Parana', 'Guantes', NULL, NULL, NULL, NULL, '4340897', NULL, 6, NULL, '2019-10-02 22:04:11', '2019-10-02 22:04:11'),
(1617, 'Fredy', 'Pintos', NULL, NULL, NULL, '154064031', NULL, NULL, 6, NULL, '2019-10-02 22:04:37', '2019-10-02 22:04:37'),
(1618, 'PROMEDIC', NULL, 'PROMEDIC', NULL, NULL, NULL, '0291-4547797', NULL, 6, NULL, '2019-10-02 22:05:24', '2019-10-02 22:05:24'),
(1619, 'Juan', 'Morelli', 'PHARMA PROYECT', NULL, NULL, '011-1561718239', '011-49533400', NULL, 6, NULL, '2019-10-02 22:32:23', '2019-10-02 22:32:23'),
(1620, 'Augusto', 'Pich Otero', NULL, NULL, NULL, '011-1532363615', NULL, NULL, 6, NULL, '2019-10-02 22:34:59', '2019-10-02 22:34:59'),
(1621, 'Carlos', 'Poropat', NULL, NULL, NULL, '011-1554512759', NULL, NULL, 6, NULL, '2019-10-02 22:35:39', '2019-10-02 22:35:39'),
(1622, 'Arquitecta', 'Karina', 'PRETIS ARQUITECTURA', NULL, NULL, NULL, '4225392', NULL, 6, NULL, '2019-10-02 22:37:26', '2019-10-02 22:37:26'),
(1623, 'Carlos Alberto', 'Paganini', NULL, NULL, NULL, NULL, '011-47712313', NULL, 6, NULL, '2019-10-02 22:38:08', '2019-10-02 22:38:08'),
(1624, 'Hugo', 'Pereyra', 'Chapista', NULL, NULL, NULL, '4247909', NULL, 6, 6, '2019-10-02 22:39:05', '2019-10-07 19:38:42'),
(1625, 'Emiliano', 'Patat', NULL, NULL, NULL, '155102219 ó 154154523', NULL, NULL, 6, NULL, '2019-10-02 22:40:56', '2019-10-02 22:40:56'),
(1626, 'Pierre Carlo', 'Lavaggi', NULL, NULL, NULL, NULL, '00511 99413 1501', NULL, 6, NULL, '2019-10-02 22:42:34', '2019-10-02 22:42:34'),
(1627, 'Plasticos', 'Landi', NULL, NULL, NULL, NULL, '011-46330679/20272', NULL, 6, NULL, '2019-10-02 22:43:47', '2019-10-02 22:43:47'),
(1628, 'Monica', 'Gil', 'PENTATRANSACTIONS', NULL, NULL, NULL, '005982 9016336', NULL, 6, NULL, '2019-10-02 22:44:28', '2019-10-02 22:44:28'),
(1629, 'Javier', 'Sanguinetti', 'LABORATORIOS PHAISER', NULL, NULL, NULL, '011-47887000', NULL, 6, NULL, '2019-10-02 23:01:01', '2019-10-02 23:01:01'),
(1630, 'Maria Silvina', 'Morelli', 'Escribania Morelli', NULL, NULL, NULL, '4314174', 'escribaniamorelli@hotmail.com.ar', 6, NULL, '2019-10-02 23:04:59', '2019-10-02 23:04:59'),
(1631, 'Daniel', 'Perreta', 'PERRETA Y ASOCIADOS', NULL, NULL, '011-1544981405', '011-43347070', NULL, 6, NULL, '2019-10-07 19:15:10', '2019-10-07 19:15:10'),
(1632, 'José María', 'Pendaz', NULL, NULL, NULL, '011-1523085955', NULL, NULL, 6, NULL, '2019-10-07 19:16:13', '2019-10-07 19:16:13'),
(1633, 'Tamara', 'Cresto Taleb', 'PARANA TOUR', NULL, NULL, NULL, '0342-4830040', NULL, 6, NULL, '2019-10-07 19:23:01', '2019-10-07 19:23:01'),
(1634, 'Jorge', 'Alarco', 'PHARMADORF', NULL, NULL, '011-1560235198', '011-47790775 / 45546885 / 52182508', NULL, 6, NULL, '2019-10-07 19:25:03', '2019-10-07 19:25:03'),
(1635, 'Sr.', 'Panagioti', NULL, NULL, NULL, NULL, '011-1565491928', NULL, 6, NULL, '2019-10-07 19:30:33', '2019-10-07 19:30:33'),
(1636, 'Lic. Sebastian', 'Pesatti', 'PESATTI VIAJES', NULL, NULL, NULL, '011-43931800', NULL, 6, NULL, '2019-10-07 19:32:24', '2019-10-07 19:32:24'),
(1637, 'Diego', 'Rolon', 'PLASMARE', NULL, NULL, NULL, '011-49188919', NULL, 6, NULL, '2019-10-07 19:36:16', '2019-10-07 19:36:16'),
(1638, 'POLICIA', 'FEDERAL ARGENTINA', NULL, NULL, NULL, NULL, '4312430-4312451', NULL, 6, NULL, '2019-10-07 19:37:45', '2019-10-07 19:37:45'),
(1639, 'Manuel', 'Poncio', NULL, NULL, NULL, '0342-155289177', NULL, NULL, 6, NULL, '2019-10-07 19:46:38', '2019-10-07 19:46:38'),
(1640, 'Silvana', 'Marzó', 'INMOBAL NUTRER', NULL, NULL, '011-1556386659', NULL, NULL, 6, NULL, '2019-10-09 18:09:11', '2019-10-09 18:09:11'),
(1641, 'Eduardo', 'Masachessi', NULL, NULL, NULL, '0342-156103558', NULL, NULL, 6, NULL, '2019-10-09 19:16:27', '2019-10-09 19:16:27'),
(1642, 'Ministerio', 'de la Producción de Santa Fe', NULL, NULL, NULL, NULL, '0342 - 4505397/9', NULL, 6, NULL, '2019-10-09 19:17:59', '2019-10-09 19:17:59'),
(1643, 'German', 'Denaro', 'MAZDEN', NULL, NULL, NULL, '011-47684422', NULL, 6, NULL, '2019-10-14 19:45:41', '2019-10-14 19:45:41'),
(1644, 'Carlos', 'Heredia', 'MEGATONE', NULL, NULL, NULL, '03492-15606936', NULL, 6, NULL, '2019-10-14 19:46:17', '2019-10-14 19:46:17'),
(1645, 'Eugenio', 'Molkuc', NULL, NULL, NULL, '011-1551084317', NULL, NULL, 6, NULL, '2019-10-14 19:47:14', '2019-10-14 19:47:14'),
(1646, 'Ing.', 'Matews', 'ROEMMERS', NULL, NULL, NULL, '011-43469737', NULL, 6, NULL, '2019-10-14 19:49:24', '2019-10-14 19:49:24'),
(1647, 'Marcelo', 'Pallas', 'MEDINA MAQUINARIAS', NULL, NULL, '011-1558281183', '011-46743045', 'medinamaquinarias@hotmail.com', 6, NULL, '2019-10-14 19:52:02', '2019-10-14 19:52:02'),
(1648, 'Dr. Mauricio', 'Magurno', 'Clinica Santa Lucia', NULL, NULL, '154069861', '4233496', NULL, 6, NULL, '2019-10-14 20:09:08', '2019-10-14 20:09:08'),
(1649, 'Maneiro', 'Guillermo (Hijo)', 'AGRIMENSOR', NULL, NULL, '154462920 HIJO', '4316025', NULL, 6, NULL, '2019-10-14 20:10:48', '2019-10-14 20:10:48'),
(1650, 'Nicolas', NULL, 'MERCK ARGENTINA', NULL, NULL, '0348-154521946', NULL, NULL, 6, NULL, '2019-10-14 20:11:40', '2019-10-14 20:11:40'),
(1651, 'Mary', 'Camioneta', 'CORREO ARGENTINO', NULL, NULL, '154593330', NULL, NULL, 6, NULL, '2019-10-14 20:12:23', '2019-10-14 20:12:23'),
(1652, 'Debora', NULL, 'MARPEL PHARMA', NULL, NULL, NULL, '011-52312584 ó 41509002', NULL, 6, NULL, '2019-10-15 17:57:00', '2019-10-15 17:57:00'),
(1653, 'Miguel', 'Fiorito', 'MERCK (Brasil)', NULL, NULL, '0055 19 18529738', '0055 1937582001/3', NULL, 6, NULL, '2019-10-15 17:59:44', '2019-10-15 17:59:44'),
(1654, 'Fernando', 'DT', 'MONACAL', NULL, NULL, '03468-15412430', '03436-423171', NULL, 6, NULL, '2019-10-15 18:11:33', '2019-10-15 18:11:33'),
(1655, 'Sr.', 'Luciano', 'MONACAL', NULL, NULL, '03436-15619516', '03436-423171', NULL, 6, NULL, '2019-10-15 18:12:56', '2019-10-15 18:12:56'),
(1656, 'Hermano', 'Luis', 'MONACAL', NULL, NULL, '03436-15610758', '03436-423171', NULL, 6, NULL, '2019-10-15 18:13:54', '2019-10-15 18:13:54'),
(1657, 'Eugenio', 'Leone', 'MONACAL', NULL, NULL, '011-1530539613', '03436-423171', NULL, 6, NULL, '2019-10-15 18:15:16', '2019-10-15 18:15:16'),
(1658, 'Elias', 'Mocarbel', 'FABRICA DE JABONES SAUL MOCARBEL', NULL, NULL, '156200334', '4853085', NULL, 6, NULL, '2019-10-15 18:30:39', '2019-10-15 18:30:39'),
(1659, 'MEDIGLOVE', NULL, NULL, NULL, NULL, NULL, '011-44527777', NULL, 6, NULL, '2019-10-15 18:32:54', '2019-10-15 18:32:54'),
(1660, 'Mesa de Ayuda', 'del Banco Credicoop', NULL, NULL, NULL, NULL, '011-48588584', NULL, 6, NULL, '2019-10-15 18:34:19', '2019-10-15 18:34:19'),
(1661, 'Carlos', 'Mollebich', NULL, NULL, NULL, '155027375', '4840897', NULL, 6, NULL, '2019-10-15 18:46:02', '2019-10-15 18:46:02'),
(1662, 'Marta', NULL, 'BANCO NACION', NULL, NULL, '156227637', NULL, NULL, 6, NULL, '2019-10-15 18:47:21', '2019-10-15 18:47:21'),
(1663, 'MEGA', 'DISTRIBUCIONES', NULL, NULL, NULL, NULL, '0345-4310013', NULL, 6, NULL, '2019-10-15 18:55:16', '2019-10-15 18:55:16'),
(1664, 'Nicolas', 'Meyer', NULL, NULL, NULL, '154596457', NULL, NULL, 6, NULL, '2019-10-15 19:10:03', '2019-10-15 19:10:03'),
(1665, 'MEDICATEC', NULL, NULL, NULL, NULL, NULL, '011-45544600', NULL, 6, NULL, '2019-10-15 19:20:50', '2019-10-15 19:20:50'),
(1666, 'Martin', 'Murgía', 'CLARO CORPORATIVO', NULL, NULL, '0342-155205566', NULL, NULL, 6, NULL, '2019-10-15 19:22:28', '2019-10-15 19:22:28'),
(1667, 'Alberto', 'Marquez', NULL, NULL, NULL, NULL, '011-41396400 / 6129', NULL, 6, NULL, '2019-10-16 17:43:11', '2019-10-16 17:43:11'),
(1668, 'Carlos', 'Magariño', 'Limpiador de Alfombras', NULL, NULL, '154658584', '4227253', NULL, 6, NULL, '2019-10-16 17:44:54', '2019-10-16 17:44:54'),
(1669, 'Metalúrgica', 'San Benito', NULL, NULL, NULL, NULL, '4973066', NULL, 6, NULL, '2019-10-16 17:46:05', '2019-10-16 17:46:05'),
(1670, 'LABORATORIOS', 'MR PHARMA', NULL, NULL, NULL, NULL, '03327-445858 / 445880', NULL, 6, NULL, '2019-10-16 17:47:21', '2019-10-16 17:47:21'),
(1671, 'Federico', 'Morante', 'Camara de Comercio Arg-Nigeriana', NULL, NULL, '011-1531266121', NULL, NULL, 6, NULL, '2019-10-16 17:48:26', '2019-10-16 17:48:26'),
(1672, 'Patricio', 'Cormik', 'MTH', NULL, NULL, '156118652', NULL, 'patricio@mthsrl.com.ar', 6, NULL, '2019-10-16 17:50:11', '2019-10-16 17:50:11'),
(1673, 'Cr.', 'Moani', 'PETROPACK', NULL, 33, NULL, '4362502', NULL, 6, NULL, '2019-10-16 17:52:24', '2019-10-16 17:52:24'),
(1674, 'Carlos', 'Menú Marque', 'ARQUITECTO', NULL, NULL, '154156285', '4220803', NULL, 6, NULL, '2019-10-16 18:05:43', '2019-10-16 18:05:43'),
(1675, 'Andres', 'Mora', 'ESTUDIODEMO', NULL, NULL, '156224837', NULL, NULL, 6, NULL, '2019-10-16 18:08:35', '2019-10-16 18:08:35'),
(1676, 'Pablo', 'Mussio', 'ABOGADO', NULL, NULL, '154520244 / 156228496', '4313284', NULL, 6, NULL, '2019-10-16 18:09:31', '2019-10-16 18:09:31'),
(1677, 'Fernando', 'Mayser', 'BOLIVIA', NULL, NULL, '00591 7500 2628', '00591 333 41199 / 1012 / 201', NULL, 6, NULL, '2019-10-16 18:22:08', '2019-10-16 18:22:08'),
(1678, 'Rodolfo', 'Moggio', 'HEALTH CARE', NULL, NULL, '011-1541932098', '011-49640044', NULL, 6, NULL, '2019-10-16 18:27:09', '2019-10-16 18:27:09'),
(1679, 'Juan Carlos', 'Mascrachio', 'CARPINTERO', NULL, NULL, NULL, '4362911', NULL, 6, NULL, '2019-10-16 18:35:44', '2019-10-16 18:35:44'),
(1680, 'Martin', 'Eduardo', NULL, NULL, NULL, '011-1554225089', '011-42318884', NULL, 6, NULL, '2019-10-16 18:36:31', '2019-10-16 18:36:31'),
(1681, 'Mariano', 'Mannis', 'PROGEN', NULL, NULL, NULL, '011-43786602', NULL, 6, NULL, '2019-10-16 18:37:24', '2019-10-16 18:37:24'),
(1682, 'Daniel', 'Lopez', 'MARPEL PHARMA', NULL, NULL, '011-1564620671', '011-35352179', NULL, 6, NULL, '2019-10-16 18:38:37', '2019-10-16 18:38:37'),
(1683, 'Eugenio', 'Monti', 'CHUTRAU', NULL, NULL, '011-1568440186', '011 – 49519021/25', NULL, 6, NULL, '2019-10-16 18:41:00', '2019-10-16 18:41:00'),
(1684, 'Cr.', 'Masias', NULL, NULL, NULL, NULL, '03752-448683', NULL, 6, NULL, '2019-10-16 18:42:26', '2019-10-16 18:42:26'),
(1685, 'Nicolas', 'Milaner', NULL, NULL, NULL, '011-1521668081', NULL, NULL, 6, NULL, '2019-10-16 18:45:33', '2019-10-16 18:45:33'),
(1686, 'MEDIPHARMA', 'LA RIOJA', NULL, NULL, NULL, NULL, '03822-436675 / 426242', NULL, 6, NULL, '2019-10-16 18:49:16', '2019-10-16 18:49:16'),
(1687, 'Pablo', 'Pressa', NULL, NULL, NULL, '154643126', '4208892 / 4208433', NULL, 6, NULL, '2019-10-16 18:51:29', '2019-10-16 18:51:29'),
(1688, 'Miguel', 'Casallas', 'NORDEN AUDI', NULL, 9718, NULL, '011-47981237', NULL, 6, NULL, '2019-11-05 22:14:41', '2019-11-05 22:14:41'),
(1689, 'Alejandro', 'Collado', NULL, NULL, NULL, NULL, '011 - 45842754', NULL, 6, NULL, '2019-11-13 17:40:51', '2019-11-13 17:40:51'),
(1690, 'Andres', 'Albarracin', NULL, NULL, NULL, '0263 - 154224565', NULL, NULL, 6, NULL, '2019-11-13 17:42:05', '2019-11-13 17:42:05'),
(1691, 'Consultorios', 'Salta', 'Dr. Weiman / Dr. Vaschalde / Dr. Pierola', 'Salta 419', NULL, NULL, '4227444', NULL, 6, NULL, '2019-11-13 17:47:18', '2019-11-13 17:47:18'),
(1692, 'Mariano', NULL, 'AEROLINEAS ARGENTINAS', NULL, NULL, '0343 - 154150027', '4262394', NULL, 6, NULL, '2019-11-13 17:48:26', '2019-11-13 17:48:26'),
(1693, 'Metalúrgica', 'FIORITO', NULL, NULL, NULL, NULL, '4353559', NULL, 6, NULL, '2019-11-13 17:52:05', '2019-11-13 17:52:05'),
(1694, 'Dr. Nicolás', 'Cali', NULL, 'Villaguay 887', NULL, NULL, '4219081', NULL, 6, NULL, '2019-11-13 18:00:45', '2019-11-13 18:00:45'),
(1695, 'Prueba', 'prueba', NULL, NULL, NULL, NULL, NULL, NULL, 39, NULL, '2019-11-26 18:55:12', '2019-11-26 18:55:12'),
(1696, 'Fernando', 'Ruiz', 'LABORATORIOS FENIX', NULL, NULL, '011-154 935 0523', NULL, NULL, 6, NULL, '2019-11-28 15:32:57', '2019-11-28 15:32:57'),
(1697, 'Adrian', NULL, NULL, NULL, NULL, NULL, NULL, NULL, 39, NULL, '2019-12-26 14:49:24', '2019-12-26 14:49:24'),
(1698, 'Adrian', NULL, 'Aromas Cafe 5 Hispanos', NULL, NULL, '156210380', NULL, NULL, 39, NULL, '2019-12-26 14:53:05', '2019-12-26 14:53:05'),
(1699, 'Dalla va', NULL, 'Premolda', NULL, NULL, NULL, '4365781', NULL, 39, NULL, '2019-12-27 16:56:08', '2019-12-27 16:56:08'),
(1700, 'Victoria', 'Carniel', NULL, NULL, NULL, '154471085', NULL, NULL, 39, NULL, '2020-01-20 14:45:53', '2020-01-20 14:45:53'),
(1701, 'Gonzalo', 'Urizar (Gerente)', 'Nuevobersa', NULL, NULL, NULL, '4201298', NULL, 39, 39, '2020-01-21 16:01:55', '2020-01-21 16:04:57'),
(1702, 'SALDAÑA', NULL, 'CFI', NULL, NULL, NULL, '4316653', NULL, 39, NULL, '2020-01-24 13:59:59', '2020-01-24 13:59:59'),
(1703, 'Gabriela', 'Facturación y Cobranzas', 'Obra Social Luis Pateur', 'Yanina Man - Int. 1285 (Jefa)', 224, NULL, '011 43701000', NULL, 6, 6, '2020-05-04 12:07:19', '2020-05-04 12:07:58');

-- --------------------------------------------------------

--
-- Estructura de tabla para la tabla `novedades`
--

CREATE TABLE `novedades` (
  `id` int(11) NOT NULL,
  `descripcion` varchar(80) NOT NULL,
  `fecha_desde` date NOT NULL,
  `fecha_hasta` date NOT NULL,
  `created_at` timestamp NULL DEFAULT NULL,
  `updated_at` timestamp NULL DEFAULT NULL
) ENGINE=InnoDB DEFAULT CHARSET=latin1;

--
-- Volcado de datos para la tabla `novedades`
--

INSERT INTO `novedades` (`id`, `descripcion`, `fecha_desde`, `fecha_hasta`, `created_at`, `updated_at`) VALUES
(1, 'Recuerden que los permisos de salida deben ser cargados por la Intranet', '2019-09-02', '2019-09-30', '2019-09-02 18:06:39', '2019-09-02 18:06:39'),
(2, 'Se agregó nuevo número de teléfono para Sol Toso y Juna Ignacio Carrere (217)', '2019-10-09', '2019-10-09', '2019-10-09 15:12:27', '2019-10-09 15:12:27'),
(3, '¡Nueva actualización! Ahora pueden generar permisos con rango de fechas', '2019-12-20', '2019-12-20', '2019-12-20 11:48:52', '2019-12-20 11:48:52'),
(7, 'A partir del 27/03 se pueden cancelar permisos', '2020-03-27', '2020-03-27', '2020-03-27 12:02:44', '2020-03-27 12:02:44');

-- --------------------------------------------------------

--
-- Estructura de tabla para la tabla `password_resets`
--

CREATE TABLE `password_resets` (
  `email` varchar(191) COLLATE utf8mb4_unicode_ci NOT NULL,
  `token` varchar(191) COLLATE utf8mb4_unicode_ci NOT NULL,
  `created_at` timestamp NULL DEFAULT NULL
) ENGINE=InnoDB DEFAULT CHARSET=utf8mb4 COLLATE=utf8mb4_unicode_ci;

--
-- Volcado de datos para la tabla `password_resets`
--

INSERT INTO `password_resets` (`email`, `token`, `created_at`) VALUES
('juan@hotmail.com', '$2y$10$c3pOoDt80EwpP636Za/sYulbY8CRgQ/abRQvDiUBSZJiSvTbfCXr.', '2019-01-10 17:53:38'),
('juan.mantovani@lafedar.com', '$2y$10$AeL0c3oSPemqmAnGqgJUDOXVLZSPVzba66nA5x1mKeXnfU.xykgT.', '2019-08-29 15:00:50'),
('recepcion@lafedar.com', '$2y$10$iehAlVOMMH4M6oMhRvZGrun1pIw5QO2el50QpAbqQSuRWCGXK728u', '2019-11-26 17:52:14');

-- --------------------------------------------------------

--
-- Estructura de tabla para la tabla `permisos`
--

CREATE TABLE `permisos` (
  `id` int(11) NOT NULL,
  `autorizado` int(11) NOT NULL,
  `autorizante` int(11) NOT NULL,
  `motivo` int(11) NOT NULL,
  `descripcion` text,
  `fecha_desde` date DEFAULT NULL,
  `fecha_hasta` date DEFAULT NULL,
  `hora_desde` int(2) DEFAULT NULL,
  `hora_hasta` int(2) DEFAULT NULL,
  `created_at` timestamp NULL DEFAULT NULL,
  `updated_at` timestamp NULL DEFAULT NULL
) ENGINE=InnoDB DEFAULT CHARSET=latin1;

--
-- Volcado de datos para la tabla `permisos`
--

INSERT INTO `permisos` (`id`, `autorizado`, `autorizante`, `motivo`, `descripcion`, `fecha_desde`, `fecha_hasta`, `hora_desde`, `hora_hasta`, `created_at`, `updated_at`) VALUES
(1, 19, 26, 1, 'Compensa las 4 hs del día 30/08 con las 2 hs adicionales del día 17/08 mas las 2hs adicionales del día Martes 27. El motivo responde a Estudios Médicos', '2019-08-30', NULL, 8, 12, '2019-08-29 17:58:35', '2019-08-29 17:58:35'),
(2, 1252, 1139, 1, 'Solicitado por el analista', '2019-08-30', NULL, 11, 20, '2019-08-29 21:42:17', '2019-08-29 21:42:17'),
(3, 1235, 70, 1, 'Se retira 14:15 hs., dentro del horario de almuerzo.', '2019-08-30', NULL, 14, 15, '2019-08-30 15:19:36', '2019-08-30 15:19:36'),
(4, 1232, 70, 7, 'Día de cumpleaños.', '2019-09-02', NULL, 6, 15, '2019-08-30 15:21:27', '2019-08-30 15:21:27'),
(5, 93, 57, 3, 'PERMISO POR DIA DE VACACIONES', '2019-09-05', NULL, 8, 17, '2019-08-30 15:58:31', '2019-08-30 15:58:31'),
(6, 1215, 1151, 4, 'Cambio de turno con Juan Manuel Mayoraz', '2019-09-03', NULL, 6, 15, '2019-08-30 22:35:34', '2019-08-30 22:35:34'),
(7, 87, 86, 7, 'Licencia por cumpleaños', '2019-09-02', NULL, 0, 23, '2019-08-30 23:03:46', '2019-08-30 23:03:46'),
(8, 1329, 96, 1, 'Hijo en tratamiento', '2019-09-02', NULL, 14, 15, '2019-09-02 19:33:18', '2019-09-02 19:33:18'),
(9, 1273, 91, 8, 'Autorizo a que se retire sin comer a las 22:15hs.', '2019-09-02', NULL, 22, 22, '2019-09-02 21:01:50', '2019-09-02 21:01:50'),
(10, 1313, 61, 3, 'Del 21/10 al 25/10 vacaciones', '2019-10-21', NULL, 13, 23, '2019-09-02 22:57:11', '2019-09-02 22:57:11'),
(12, 1284, 1263, 4, 'Elaboración en el turno de la mañana.', '2019-09-03', NULL, 6, 15, '2019-09-03 00:25:42', '2019-09-03 00:25:42'),
(13, 1212, 36, 1, 'Trámite Anses - Sin turno.', '2019-09-04', NULL, 8, 12, '2019-09-03 13:51:13', '2019-09-03 13:51:13'),
(14, 1334, 70, 1, 'Se retira 2 hs. aproximadamente para donar sangre.', '2019-09-03', NULL, 9, 11, '2019-09-03 15:16:56', '2019-09-03 15:16:56'),
(15, 76, 77, 1, 'Ingresa una hora más tarde debido a tramites bancarios.\r\n*Hora a favor del 06/08/2019.', '2019-09-04', NULL, 9, 17, '2019-09-03 18:00:57', '2019-09-03 18:00:57'),
(16, 1315, 69, 4, 'Capacitación GMP', '2019-09-04', NULL, 6, 15, '2019-09-03 19:32:08', '2019-09-03 19:32:08'),
(17, 1315, 69, 4, 'N/A', '2019-09-05', NULL, 6, 15, '2019-09-03 19:34:35', '2019-09-03 19:34:35'),
(18, 1315, 69, 4, 'N/A', '2019-09-06', NULL, 6, 15, '2019-09-03 19:35:12', '2019-09-03 19:35:12'),
(19, 59, 58, 3, 'Vacaciones período 2018 \r\nFecha: 04/09/19 al 18/09/19 inclusive.', '2019-09-04', NULL, 0, 0, '2019-09-03 21:19:14', '2019-09-03 21:19:14'),
(20, 1251, 1139, 7, 'El analista no asistirá al laboratorio haciendo uso del día libre correspondiente a su cumpleaños.', '2019-09-04', NULL, 7, 16, '2019-09-03 21:54:53', '2019-09-03 21:54:53'),
(21, 1322, 96, 4, 'Turno en el médico', '2019-09-06', NULL, 0, 0, '2019-09-03 22:01:51', '2019-09-03 22:01:51'),
(22, 39, 36, 3, 'Solicita 1 día de vacaciones ( periodo 2018), para poder asistir al matrimonio de su hermano.', '2019-11-22', NULL, 0, 0, '2019-09-04 15:11:27', '2019-09-04 15:11:27'),
(23, 1328, 96, 1, 'Verificación vehícular', '2019-09-05', NULL, 8, 10, '2019-09-04 15:28:08', '2019-09-04 15:28:08'),
(24, 1334, 70, 4, 'Cambia turno por motivos personales.', '2019-09-04', NULL, 0, 0, '2019-09-04 16:48:04', '2019-09-04 16:48:04'),
(25, 87, 86, 4, 'Cambia turno con Nuñez Eduardo', '2019-09-06', NULL, 13, 22, '2019-09-04 18:09:48', '2019-09-04 18:09:48'),
(26, 1234, 70, 1, 'Se retira 2 hs. aprox. a reunión en el colegio de su hijo.', '2019-09-05', NULL, 7, 9, '2019-09-05 12:56:10', '2019-09-05 12:56:10'),
(27, 1277, 67, 4, 'Trabajos en otro sector (Sólidos)', '2019-09-06', NULL, 6, 15, '2019-09-05 20:57:53', '2019-09-05 20:57:53'),
(28, 1284, 67, 4, 'Trabajos en otro sector (Sólidos)', '2019-09-06', NULL, 6, 15, '2019-09-05 20:58:28', '2019-09-05 20:58:28'),
(29, 1282, 67, 1, 'Cumpleaños de la señora.', '2019-09-06', NULL, 6, 15, '2019-09-05 20:59:18', '2019-09-05 20:59:18'),
(30, 1263, 67, 7, 'Cumpleaños', '2019-09-10', NULL, 13, 22, '2019-09-05 21:00:40', '2019-09-05 21:00:40'),
(31, 1248, 61, 1, 'Cambio de Turno con Cuevas Gabriel', '2019-09-06', NULL, 6, 15, '2019-09-05 22:23:19', '2019-09-05 22:23:19'),
(32, 1245, 61, 1, 'Cambio de turno con Lucio Getto', '2019-09-06', NULL, 12, 21, '2019-09-05 22:31:31', '2019-09-05 22:31:31'),
(33, 1242, 1139, 3, 'DÍA DE VACACIONES PENDIENTE DEL PERIODO 2018', '2019-09-06', NULL, 7, 16, '2019-09-06 13:03:55', '2019-09-06 13:03:55'),
(34, 1325, 96, 3, '2 días pendientes de vacaciones, se los toma el 12 y 13/09', '2019-09-12', NULL, 0, 0, '2019-09-06 14:05:06', '2019-09-06 14:05:06'),
(35, 78, 61, 1, 'Llega mas tarde por trámites. Recupera las horas.', '2019-09-06', NULL, 8, 11, '2019-09-06 14:42:38', '2019-09-06 14:42:38'),
(36, 1254, 86, 3, '5 días de vacaciones pendientes de 2018', '2019-09-09', NULL, 0, 0, '2019-09-06 19:39:10', '2019-09-06 19:39:10'),
(37, 87, 86, 1, 'Entra después de las 8 hs por renovación de carnet', '2019-09-09', NULL, 0, 0, '2019-09-06 19:40:29', '2019-09-06 19:40:29'),
(38, 38, 36, 3, 'Autorizado un día de vacaciones pendiente año 2018.', '2019-09-09', NULL, 8, 17, '2019-09-06 21:02:36', '2019-09-06 21:02:36'),
(39, 1255, 86, 4, 'Hace turno mañana de 8 a 17 hs desde el 09/09 al 13/09', '2019-09-09', NULL, 0, 0, '2019-09-06 22:19:00', '2019-09-06 22:19:00'),
(40, 1266, 91, 8, 'Ulises se retirará mañana a las 12hs para realizar tramite bancario. Recupera una hora hoy, sin salir a comer y mañana ingresa a las 5 hs.', '2019-09-09', NULL, 12, 12, '2019-09-09 18:11:26', '2019-09-09 18:11:26'),
(41, 1265, 91, 1, 'Mañana tiene que ir al seguro porque tuvo un siniestro  vehicular el viernes.', '2019-09-10', NULL, 7, 10, '2019-09-09 18:12:44', '2019-09-09 18:12:44'),
(42, 1271, 91, 4, 'Debe realizar un tramite personal por la tarde. Cambia el turno con Cristian Quiroz.', '2019-09-13', NULL, 6, 15, '2019-09-09 18:15:08', '2019-09-09 18:15:08'),
(43, 1269, 91, 4, 'Cambia de turno con Mariano Bonffantino.', '2019-09-13', NULL, 14, 23, '2019-09-09 18:15:40', '2019-09-09 18:15:40'),
(44, 1334, 70, 8, 'Tramites personales.', '2019-09-09', NULL, 14, 15, '2019-09-09 18:32:24', '2019-09-09 18:32:24'),
(45, 1311, 78, 7, 'Día de Cumpleaños', '2019-09-20', NULL, 0, 0, '2019-09-09 19:20:12', '2019-09-09 19:20:12'),
(46, 1261, 76, 1, 'Turno médico a las 17,00 hs.', '2019-09-10', NULL, 7, 16, '2019-09-09 19:37:57', '2019-09-09 19:37:57'),
(47, 1261, 76, 7, 'Cumpleaños día viernes 13/09', '2019-09-13', NULL, 8, 17, '2019-09-09 19:39:26', '2019-09-09 19:39:26'),
(48, 87, 86, 1, 'Turno Anses', '2019-09-10', NULL, 0, 0, '2019-09-10 13:48:10', '2019-09-10 13:48:10'),
(49, 1328, 96, 1, 'Turno Registro Automotor', '2019-09-12', NULL, 8, 9, '2019-09-10 19:12:21', '2019-09-10 19:12:21'),
(50, 1311, 78, 7, 'Fecha de cumpleaños:  14/09 (este año cae día sábado)', '2019-09-13', NULL, 8, 17, '2019-09-10 21:40:12', '2019-09-10 21:40:12'),
(51, 1312, 78, 3, 'Se tomará un día de vacaciones.', '2019-09-20', NULL, 14, 23, '2019-09-10 22:45:45', '2019-09-10 22:45:45'),
(52, 87, 86, 1, 'RETIRA CARNET DE CONDUCIR', '2019-09-11', NULL, 0, 0, '2019-09-10 22:57:12', '2019-09-10 22:57:12'),
(53, 80, 68, 7, 'Licencia de Cumpleaños', '2019-09-11', NULL, 8, 17, '2019-09-10 23:16:12', '2019-09-10 23:16:12'),
(54, 1307, 81, 1, 'Lleva la nena al medico', '2019-09-12', NULL, 8, 17, '2019-09-11 17:20:03', '2019-09-11 17:20:03'),
(55, 1308, 81, 6, 'compensatorio guardia pasiva', '2019-09-11', NULL, 8, 17, '2019-09-11 17:22:49', '2019-09-11 17:22:49'),
(56, 1258, 85, 1, 'Solicita permiso por citación en sede policiales caso robo en vivienda.', '2019-09-12', NULL, 7, 10, '2019-09-11 20:38:04', '2019-09-11 20:38:04'),
(57, 1318, 96, 7, 'Cumpleaños', '2019-09-12', NULL, 0, 0, '2019-09-11 20:40:20', '2019-09-11 20:40:20'),
(58, 1318, 96, 3, 'Día pendiente', '2019-09-13', NULL, 0, 0, '2019-09-11 20:41:22', '2019-09-11 20:41:22'),
(59, 1294, 75, 1, 'Debe retirarse debido a estudios médicos.Recupera las horas los días 11, 12 y 13/09 ingresando a las 6hs.', '2019-09-13', NULL, 13, 16, '2019-09-11 21:40:47', '2019-09-11 21:40:47'),
(60, 1235, 70, 8, 'Se retira 14:15 por trámites personales.', '2019-09-12', NULL, 14, 15, '2019-09-12 12:20:28', '2019-09-12 12:20:28'),
(61, 1235, 70, 4, 'Cambia de turno con Beltramino Ricardo.', '2019-09-13', NULL, 14, 23, '2019-09-12 12:21:18', '2019-09-12 12:21:18'),
(62, 1315, 69, 4, 'N/A', '2019-09-13', NULL, 6, 15, '2019-09-12 19:53:47', '2019-09-12 19:53:47'),
(63, 1292, 75, 8, 'Trabajará el día viernes de 6hs a 10hs y completará la jornada el día sábado 14/09', '2019-09-13', NULL, 6, 10, '2019-09-12 20:12:52', '2019-09-12 20:12:52'),
(64, 76, 77, 1, 'Tramite bancario - a cuenta de horas a favor del 15/08/19', '2019-09-13', NULL, 8, 10, '2019-09-13 16:15:58', '2019-09-13 16:15:58'),
(65, 76, 77, 3, 'Días de vacaciones 26 y 27/09 y desde 30/09 hasta 13/10/19', '2019-09-26', NULL, 8, 17, '2019-09-13 16:17:36', '2019-09-13 16:17:36'),
(66, 1207, 77, 3, 'días 27/09 y 30/09 - vacaciones pendientes', '2019-09-13', NULL, 8, 17, '2019-09-13 16:19:00', '2019-09-13 16:19:00'),
(67, 1330, 96, 1, 'Tramite personal', '2019-09-13', NULL, 14, 0, '2019-09-13 18:04:30', '2019-09-13 18:04:30'),
(68, 1275, 1262, 8, 'Compensa con la hora extra realizada el martes 10/09/19 desde las 23:00 a 00:00 hs', '2019-09-13', NULL, 22, 0, '2019-09-13 21:09:51', '2019-09-13 21:09:51'),
(69, 1319, 96, 4, 'Tramite adopción', '2019-09-18', NULL, 0, 0, '2019-09-16 18:37:48', '2019-09-16 18:37:48'),
(70, 1328, 96, 4, 'Por pedido de compañero TT', '2019-09-18', NULL, 0, 0, '2019-09-16 18:40:02', '2019-09-16 18:40:02'),
(71, 36, 41, 6, 'se retira a las 16 hs por  exámenes medicos', '2019-09-16', NULL, 16, 23, '2019-09-16 18:43:41', '2019-09-16 18:43:41'),
(72, 1228, 70, 8, 'Se retira 14:15 hs. por tramites personales.', '2019-09-16', NULL, 14, 15, '2019-09-16 18:46:13', '2019-09-16 18:46:13'),
(73, 49, 36, 1, 'Se retira una hora antes para cumplir con un turno médico que no puede cambiar de horario.', '2019-09-16', NULL, 17, 18, '2019-09-16 20:47:00', '2019-09-16 20:47:00'),
(74, 1325, 96, 1, 'Turno médico', '2019-09-17', NULL, 14, 15, '2019-09-17 16:55:49', '2019-09-17 16:55:49'),
(75, 1191, 1139, 4, 'RAZONES PERSONALES', '2019-09-18', NULL, 7, 16, '2019-09-17 22:01:56', '2019-09-17 22:01:56'),
(76, 1191, 1139, 3, 'DÍAS DE VACACIONES PENDIENTES DEL PERIODO ANTERIOR( 26 Y 27/09)', '2019-09-26', NULL, 14, 23, '2019-09-17 22:05:54', '2019-09-17 22:05:54'),
(77, 1245, 1139, 3, 'DÍA DE VACACIONES PENDIENTE DEL PERIODO ANTERIOR', '2019-09-20', NULL, 7, 16, '2019-09-17 22:06:43', '2019-09-17 22:06:43'),
(78, 1150, 1139, 8, 'EL DÍA 18/09 SE AUSENTARÁ DEL LABORATORIO POR 2HS, QUE SERÁN COMPENSADAS ENTRE EL DÍA 17 Y EL DÍA 18/09.', '2019-09-18', NULL, 10, 12, '2019-09-17 22:08:01', '2019-09-17 22:08:01'),
(79, 1246, 1139, 4, 'RAZONES PERSONALES', '2019-09-19', NULL, 8, 17, '2019-09-17 22:08:31', '2019-09-17 22:08:31'),
(80, 1241, 1139, 3, 'DÍAS DE VACACIONES PENDIENTES DEL PERIODO ANTERIOR (ENTRE 16-09 Y 19-09, INCLUSIVE)', '2019-09-16', NULL, 7, 16, '2019-09-17 22:09:24', '2019-09-17 22:09:24'),
(81, 63, 1139, 4, 'RAZONES PERSONALES', '2019-09-19', NULL, 13, 22, '2019-09-17 22:09:58', '2019-09-17 22:09:58'),
(82, 1274, 1262, 1, 'Por mudanza, se toma los días 23 y 24/09/19', '2019-09-23', NULL, 14, 23, '2019-09-18 04:30:29', '2019-09-18 04:30:29'),
(83, 1267, 91, 1, 'Renovación de Licencia de conducir en San Benito. Compensa las horas.', '2019-09-19', NULL, 9, 11, '2019-09-18 13:54:26', '2019-09-18 13:54:26'),
(84, 92, 94, 1, 'Acompañar a su madre a realizarse estudios médicos.\r\na cuenta de las HHEE ya realizasas', '2019-09-18', NULL, 13, 16, '2019-09-18 14:36:17', '2019-09-18 14:36:17'),
(85, 87, 86, 1, 'Entra a las 7 hs y sale a las 16 hs', '2019-09-18', NULL, 7, 16, '2019-09-18 19:12:44', '2019-09-18 19:12:44'),
(86, 1243, 1139, 4, 'EL DIA 25/09 INGRESARÁ A LAS 9H, HABIENDO ADELANTADO LAS 2 HS LOS DIAS 23 Y 24/09.', '2019-09-25', NULL, 9, 16, '2019-09-18 22:20:14', '2019-09-18 22:20:14'),
(87, 1248, 1139, 4, 'NECESIDADES DEL SECTOR', '2019-09-20', NULL, 12, 21, '2019-09-18 22:20:40', '2019-09-18 22:20:40'),
(88, 1310, 78, 8, 'Acompañar a su hijo a un evento escolar.\r\n\r\nNota: 19/09 ingresó al sector a las 06:00 hs y mañana 20/09 ingresará también a las 06:00 hs. Se retira a las 13:00 hs sin almorzar.', '2019-09-20', NULL, 13, 16, '2019-09-19 15:24:25', '2019-09-19 15:24:25'),
(89, 1325, 96, 1, 'Turno Registro Civil', '2019-09-19', NULL, 10, 12, '2019-09-19 16:38:46', '2019-09-19 16:38:46'),
(90, 59, 58, 5, 'Capacitación en bromatología', '2019-09-20', NULL, 8, 13, '2019-09-19 23:04:04', '2019-09-19 23:04:04'),
(91, 1262, 91, 4, 'Por necesidad del sector se solicita que cambie el turno.', '2019-09-20', NULL, 13, 22, '2019-09-20 12:53:17', '2019-09-20 12:53:17'),
(92, 1269, 91, 7, 'Se tomará el día lunes 23/09/19 la licencia por cumpleaños a pedido del sector. Se lo requiere el día martes 24/09/19.', '2019-09-23', NULL, 6, 15, '2019-09-20 12:55:07', '2019-09-20 12:55:07'),
(93, 1292, 75, 1, 'Se retira 14:15hs  sin tomarse el descanso.', '2019-09-20', NULL, 14, 15, '2019-09-20 14:32:42', '2019-09-20 14:32:42'),
(94, 19, 26, 8, 'Compensa las 2 hs adicionales del día de ayer', '2019-09-20', NULL, 10, 12, '2019-09-20 15:27:50', '2019-09-20 15:27:50'),
(95, 1317, 89, 1, 'Cambia de turno con Ado Alderete', '2019-09-23', NULL, 13, 22, '2019-09-20 17:36:55', '2019-09-20 17:36:55'),
(96, 1305, 81, 6, 'CGP', '2019-09-23', NULL, 8, 17, '2019-09-20 17:47:04', '2019-09-20 17:47:04'),
(97, 1305, 81, 6, 'CGP', '2019-09-25', NULL, 8, 17, '2019-09-20 17:47:29', '2019-09-20 17:47:29'),
(98, 1268, 91, 4, 'A pedido del sector y para elaborar concurrirá a atrabajar en el horario de 03 hs a 12 hs. Se retirará sin almorzar a las 11:15hs para ir a realizar trámite bancario.', '2019-09-23', NULL, 3, 12, '2019-09-20 18:21:43', '2019-09-20 18:21:43'),
(99, 1274, 1262, 8, 'Se retira a las 22:10 sin salir al descanso.', '2019-09-20', NULL, 22, 23, '2019-09-21 02:58:59', '2019-09-21 02:58:59'),
(100, 87, 86, 1, 'Entra a las 10 hs', '2019-09-23', NULL, 0, 0, '2019-09-23 13:48:05', '2019-09-23 13:48:05'),
(101, 1307, 81, 1, 'tramites bancarios', '2019-09-24', NULL, 8, 12, '2019-09-23 18:49:15', '2019-09-23 18:49:15'),
(102, 1250, 1139, 7, 'AUSENCIA POR CUMPLEAÑOS', '2019-09-23', NULL, 7, 16, '2019-09-23 21:43:58', '2019-09-23 21:43:58'),
(103, 1207, 77, 1, 'Se retira 1 hora antes el jueves 26/09 por viaje, a cuenta de 1hora a favor del 22/08', '2019-09-26', NULL, 16, 17, '2019-09-24 15:22:59', '2019-09-24 15:22:59'),
(104, 76, 77, 4, 'Cambio de horario por viaje', '2019-09-25', NULL, 7, 16, '2019-09-24 21:15:11', '2019-09-24 21:15:11'),
(105, 58, 55, 3, '5 dias  del  7 al  11 incluido', '2019-10-07', NULL, 8, 17, '2019-09-25 16:24:57', '2019-09-25 16:24:57'),
(106, 58, 55, 3, '5 dias  del  7 al  11 incluido', '2019-10-07', NULL, 8, 17, '2019-09-25 16:25:01', '2019-09-25 16:25:01'),
(107, 1317, 89, 4, 'Julián Sione solicitó cambio de turno con Aldo Alderete. De todas maneras ingresará ese día a las 12hs hasta las 21hs.\r\nGracias-', '2019-09-27', NULL, 6, 13, '2019-09-25 17:03:26', '2019-09-25 17:03:26'),
(108, 1295, 75, 8, 'Se retira sin tomarse el descanso ( 14:15hs).', '2019-09-26', NULL, 14, 15, '2019-09-25 18:33:40', '2019-09-25 18:33:40'),
(109, 1300, 75, 4, 'ingresa de 6hs a 15 hs , cambiando el turno con Andrich Rodolfo (de 13hs a 22hs)', '2019-09-26', NULL, 0, 0, '2019-09-25 20:18:43', '2019-09-25 20:18:43'),
(110, 1333, 67, 4, 'Cambia por Maximiliano Quiros que viene de mañana.', '2019-09-26', NULL, 0, 0, '2019-09-26 12:46:12', '2019-09-26 12:46:12'),
(111, 19, 26, 5, 'Turno para hacer los Pre ocupacionales', '2019-09-25', NULL, 8, 12, '2019-09-26 19:31:31', '2019-09-26 19:31:31'),
(112, 1307, 81, 5, 'dia de vacaciones', '2019-10-04', NULL, 8, 17, '2019-09-26 22:19:29', '2019-09-26 22:19:29'),
(113, 1293, 75, 3, 'Adelanto de un dia de vacaciones (2019)', '2019-09-27', NULL, 0, 0, '2019-09-27 13:44:47', '2019-09-27 13:44:47'),
(114, 39, 36, 5, 'Asistirá al Banco Nación para cobro Proyecto. REPRO', '2019-09-27', NULL, 8, 10, '2019-09-27 14:14:08', '2019-09-27 14:14:08'),
(115, 44, 36, 5, 'Asistirá al Banco Nación para cobro Proyecto. REPRO', '2019-09-27', NULL, 8, 10, '2019-09-27 14:14:26', '2019-09-27 14:14:26'),
(116, 42, 36, 5, 'Asistirá al Banco Nación para cobro Proyecto. REPRO', '2019-09-27', NULL, 8, 10, '2019-09-27 14:16:33', '2019-09-27 14:16:33'),
(117, 38, 36, 5, 'Asistirá al Banco Nación para cobro Proyecto. REPRO', '2019-10-01', NULL, 8, 10, '2019-09-27 14:17:03', '2019-09-27 14:17:03'),
(118, 43, 36, 5, 'Asistirá al Banco Nación para cobro Proyecto. REPRO', '2019-09-30', NULL, 8, 10, '2019-09-27 14:17:31', '2019-09-27 14:17:31'),
(119, 1137, 36, 1, 'Turno médico para endoscopia.  Horas compensadas / adelantadas los días 27/09 (1 hora ), día 19/08 (2 horas ) y 23/09 ( 1 hora ).', '2019-10-04', NULL, 8, 12, '2019-09-27 18:54:09', '2019-09-27 18:54:09'),
(120, 1333, 67, 4, 'Cambia por Maximiliano Quiros', '2019-09-30', NULL, 13, 22, '2019-09-27 20:16:50', '2019-09-27 20:16:50'),
(121, 1324, 96, 7, 'Adelanto de día cumpleaños', '2019-10-04', NULL, 0, 0, '2019-09-27 20:24:44', '2019-09-27 20:24:44'),
(122, 1271, 91, 8, 'Se toma compensatorias 3 hs extras', '2019-09-27', NULL, 20, 23, '2019-09-27 20:48:44', '2019-09-27 20:48:44'),
(123, 1275, 91, 8, 'Se toma compensatorias 3 hs extras realizadas', '2019-09-27', NULL, 20, 23, '2019-09-27 20:49:16', '2019-09-27 20:49:16'),
(124, 1275, 91, 8, 'Se toma compensatorias 3 hs extras realizadas', '2019-09-27', NULL, 20, 23, '2019-09-27 20:49:18', '2019-09-27 20:49:18'),
(125, 1275, 91, 8, 'Se toma compensatorias 3 hs extras realizadas', '2019-09-27', NULL, 20, 23, '2019-09-27 20:49:21', '2019-09-27 20:49:21'),
(126, 1275, 91, 8, 'Se toma compensatorias 3 hs extras realizadas', '2019-09-27', NULL, 20, 23, '2019-09-27 20:49:23', '2019-09-27 20:49:23'),
(127, 1253, 86, 1, 'Se retira 15:15 hs', '2019-09-30', NULL, 0, 0, '2019-09-30 13:55:52', '2019-09-30 13:55:52'),
(128, 1296, 75, 8, 'Se retira( 14:10hs) sin tomarse el descanso .', '2019-09-30', NULL, 14, 15, '2019-09-30 14:57:58', '2019-09-30 14:57:58'),
(129, 1242, 1139, 4, 'RAZONES PERSONALES', '2019-10-01', NULL, 6, 15, '2019-09-30 22:09:10', '2019-09-30 22:09:10'),
(130, 63, 1139, 4, 'RAZONES PERSONALES', '2019-10-01', NULL, 6, 15, '2019-09-30 22:09:59', '2019-09-30 22:09:59'),
(131, 36, 41, 1, 'estudios medicos', '2019-10-01', NULL, 8, 17, '2019-10-01 16:29:24', '2019-10-01 16:29:24'),
(132, 1284, 67, 5, 'La producción lo requiere, hace falta hacer dos elaboraciones en el turno mañana.', '2019-10-02', NULL, 6, 15, '2019-10-01 20:32:14', '2019-10-01 20:32:14'),
(133, 1278, 1263, 8, 'Compensa una hora extra que realizó el día viernes 27/09/19 (Tratomax no se tomo el descanso). Y NO se toma el descanso en el dia de hoy 01/10/19 para retirarse a las 20:15 h', '2019-10-01', NULL, 20, 22, '2019-10-01 21:24:10', '2019-10-01 21:24:10'),
(134, 1303, 81, 6, 'CGP', '2019-10-04', NULL, 14, 23, '2019-10-01 22:44:33', '2019-10-01 22:44:33'),
(135, 85, 71, 1, 'Modifica horario por examen médico.\r\nHabitual: 8-17\r\nModificado: 7-16', '2019-09-30', NULL, 7, 16, '2019-10-01 22:47:20', '2019-10-01 22:47:20'),
(136, 1272, 1262, 8, 'Miguel Duré se retira 3 hs antes, compensando con 3 hs extras ya realizadas.', '2019-10-01', NULL, 20, 23, '2019-10-02 02:25:30', '2019-10-02 02:25:30'),
(137, 54, 94, 7, 'Licencia por Cumpleaños.', '2019-10-04', NULL, 8, 17, '2019-10-02 16:20:55', '2019-10-02 16:20:55'),
(138, 92, 94, 1, 'Ingresa mas tarde por asuntos personales, descuenta de las HHEE ya realizadas', '2019-10-03', NULL, 7, 9, '2019-10-02 16:22:11', '2019-10-02 16:22:11'),
(139, 1262, 91, 4, 'Cambio de turno a pedido del sector.', '2019-10-04', NULL, 13, 22, '2019-10-02 20:53:44', '2019-10-02 20:53:44'),
(140, 1289, 67, 1, 'Se retira para hacer trámites.  Sumadas 4 hs que ya debe, corresponde descontar un día de vacaciones.', '2019-10-04', NULL, 10, 14, '2019-10-03 17:38:28', '2019-10-03 17:38:28'),
(141, 60, 58, 5, 'El pedido es de 16:30 a 17:00 hs\r\nA recuperar mañana de 7:30 a 8:00 hs', '2019-10-03', NULL, 16, 17, '2019-10-03 20:06:55', '2019-10-03 20:06:55'),
(142, 1298, 75, 8, 'Se retira y completa la jornada el día sabado debido a tareas especiales a realizar para el sector.', '2019-10-04', NULL, 6, 10, '2019-10-03 20:28:48', '2019-10-03 20:28:48'),
(143, 1274, 1262, 8, 'Javier Ghibaudo se retira una hora antes, compensando con la hora extra realizada el 02/10/19.', '2019-10-04', NULL, 22, 23, '2019-10-04 06:30:06', '2019-10-04 06:30:06'),
(144, 1296, 75, 5, 'Realizará tareas especiales en pisos de microbiología.\r\nLas hora trabajadas se tomarán a favor para ir descontando.', '2019-10-05', NULL, 6, 10, '2019-10-04 14:27:27', '2019-10-04 14:27:27'),
(145, 72, 73, 1, 'No se hace descripción del trámite.', '2019-10-04', NULL, 8, 10, '2019-10-04 14:29:13', '2019-10-04 14:29:13'),
(146, 1268, 91, 8, 'Se retira sin almorzar.', '2019-10-04', NULL, 14, 15, '2019-10-04 20:30:52', '2019-10-04 20:30:52'),
(147, 49, 36, 1, 'Se autorizó el retiro a las 14.30 por emergencia familiar. Se recuperarán las horas el día 07/10, ingresando a las 8:00 horas y egresando a las 17.00 horas.', '2019-10-03', NULL, 14, 18, '2019-10-04 21:33:13', '2019-10-04 21:33:13'),
(148, 1280, 1263, 4, 'Motivos personales- capacitación extra laboral', '2019-10-07', NULL, 6, 15, '2019-10-05 02:31:23', '2019-10-05 02:31:23'),
(149, 1305, 81, 6, 'CGP', '2019-10-08', NULL, 8, 17, '2019-10-07 14:28:25', '2019-10-07 14:28:25'),
(150, 39, 36, 8, 'Autorizado a Retirarse 10 minutos antes de las 17 horas, por trámite personal.', '2019-10-08', NULL, 0, 0, '2019-10-07 17:51:33', '2019-10-07 17:51:33'),
(151, 1212, 36, 3, 'De manera concensuada se autoriza a tomarse 1 día de vacaciones del periodo 2018.', '2019-10-21', NULL, 0, 0, '2019-10-07 17:52:53', '2019-10-07 17:52:53'),
(152, 1266, 91, 4, 'Se retirará sin almorzar. El cambio de turno fue solicitado por el sector.', '2019-10-08', NULL, 5, 13, '2019-10-08 13:09:47', '2019-10-08 13:09:47'),
(153, 1152, 73, 1, 'Problemas con la activación de la tarjeta del credicoop. Va al Banco a ver este tema.-', '2019-10-08', NULL, 8, 9, '2019-10-08 15:07:08', '2019-10-08 15:07:08'),
(154, 1289, 67, 3, 'Se retira por problemas intestinales', '2019-10-08', NULL, 9, 15, '2019-10-08 15:10:36', '2019-10-08 15:10:36'),
(155, 68, 73, 3, 'Se toma días de vacaciones desde el 10 hasta el 14 de octubre inclusive.-', '2019-10-10', NULL, 0, 0, '2019-10-08 15:12:38', '2019-10-08 15:12:38'),
(156, 1290, 67, 1, 'Trámites en banco (Seguro automotor), denuncia de siniestro.  Horas a devolver en la semana.', '2019-10-08', NULL, 9, 11, '2019-10-08 15:15:52', '2019-10-08 15:15:52'),
(157, 1256, 85, 1, 'Solicitado por razones personales. Horario habitual 07:00 a 16:00  Cambio de 08:00 a 17:00', '2019-10-11', NULL, 8, 17, '2019-10-08 17:15:15', '2019-10-08 17:15:15'),
(158, 39, 36, 3, 'Se tomará un día de vacaciones del periodo 2018.', '2019-10-21', NULL, 0, 0, '2019-10-08 20:55:06', '2019-10-08 20:55:06'),
(159, 43, 36, 5, 'Asistencia charla sobre nuevas normativas del BCRA aplicables a la operatoria de Comercio Exterior, que se realizará en el Bco Credicoop. Inicio 8:45 horas.', '2019-10-09', NULL, 8, 12, '2019-10-08 20:56:28', '2019-10-08 20:56:28'),
(160, 1296, 75, 8, 'Se retira antes. Descuenta con las horas a favor que realizó el día 05/10.', '2019-10-09', NULL, 12, 15, '2019-10-09 14:07:15', '2019-10-09 14:07:15'),
(161, 42, 36, 5, 'Asistencia a Charla Bco. Credicoop - Tema Comercio Exterior. Acompaña a Georgina Attie.', '2019-10-09', NULL, 8, 12, '2019-10-09 14:20:19', '2019-10-09 14:20:19'),
(162, 1273, 91, 4, 'Solicita cambio de turno para realizar trámite personal.', '2019-10-10', NULL, 6, 15, '2019-10-09 16:18:46', '2019-10-09 16:18:46'),
(163, 1270, 91, 4, 'Intercambia el turno con Maximiliano Escobar, ingresa 13hs y se retira sin comer.', '2019-10-10', NULL, 13, 21, '2019-10-09 16:19:45', '2019-10-09 16:19:45'),
(164, 1317, 69, 3, 'Compensación de feriado con horas extras', '2019-10-14', NULL, 6, 15, '2019-10-09 16:56:01', '2019-10-09 16:56:01'),
(165, 1317, 69, 7, 'Viernes 11/10/19', '2019-10-11', NULL, 6, 15, '2019-10-09 16:57:04', '2019-10-09 16:57:04'),
(166, 1317, 69, 3, 'A cuenta un (1ds) vacaciones período 2019', '2019-10-15', NULL, 0, 0, '2019-10-09 16:58:27', '2019-10-09 16:58:27'),
(167, 1316, 69, 4, 'Cambio de turno con Alderete Aldo', '2019-10-10', NULL, 13, 22, '2019-10-09 17:01:27', '2019-10-09 17:01:27'),
(168, 1329, 96, 1, 'Ir a Obra Social', '2019-10-09', NULL, 14, 15, '2019-10-09 17:20:16', '2019-10-09 17:20:16'),
(169, 1330, 96, 1, 'Mudanza 14 y 15/10', '2019-10-14', NULL, 0, 0, '2019-10-09 17:22:01', '2019-10-09 17:22:01'),
(170, 1328, 96, 3, 'Un día (anticipada 2019)', '2019-10-14', NULL, 0, 0, '2019-10-09 19:29:07', '2019-10-09 19:29:07'),
(171, 1328, 96, 1, 'Viaje', '2019-10-11', NULL, 14, 15, '2019-10-09 19:30:34', '2019-10-09 19:30:34'),
(172, 1246, 1139, 4, 'CAMBIO DE TURNO POR RAZONES PERSONALES. \r\nNO FUNCIONABA EL SERVIDOR ESTA MAÑANA, POR ELLO SE INFORMA EN ESTE HORARIO.', '2019-10-09', NULL, 8, 17, '2019-10-09 21:03:21', '2019-10-09 21:03:21'),
(173, 1292, 75, 8, 'Se retira y completa jornada el día sabado 12/10 (tareas especiales para sector Maetranza).', '2019-10-11', NULL, 10, 15, '2019-10-10 13:48:24', '2019-10-10 13:48:24'),
(174, 1224, 70, 3, 'Día de vacaciones.', '2019-10-11', NULL, 6, 15, '2019-10-10 14:13:00', '2019-10-10 14:13:00'),
(175, 1224, 70, 3, 'Día de vacaciones', '2019-10-14', NULL, 0, 0, '2019-10-10 14:13:28', '2019-10-10 14:13:28'),
(176, 1234, 70, 3, 'Día pendiente de vacaciones', '2019-10-14', NULL, 6, 15, '2019-10-10 14:14:10', '2019-10-10 14:14:10'),
(177, 1234, 70, 3, 'Día pendiente de vacaciones', '2019-10-15', NULL, 6, 15, '2019-10-10 14:14:45', '2019-10-10 14:14:45'),
(178, 60, 55, 5, 'vacaciones', '2019-10-14', NULL, 8, 16, '2019-10-10 16:29:53', '2019-10-10 16:29:53'),
(179, 1289, 67, 3, 'Llamó pidiendo un día de vacaciones', '2019-10-09', NULL, 6, 15, '2019-10-10 21:03:35', '2019-10-10 21:03:35'),
(180, 1335, 1151, 1, 'Cambio de Turno', '2019-10-11', NULL, 6, 15, '2019-10-10 21:35:24', '2019-10-10 21:35:24'),
(181, 96, 71, 3, 'Toma 1 día de vacaciones de sus pendientes', '2019-10-14', NULL, 7, 16, '2019-10-10 21:37:17', '2019-10-10 21:37:17'),
(182, 1315, 69, 4, 'Cambio de turno', '2019-10-11', NULL, 6, 15, '2019-10-10 21:45:38', '2019-10-10 21:45:38'),
(183, 1261, 77, 4, 'Cambio de turno x medico', '2019-10-08', NULL, 7, 16, '2019-10-10 22:04:49', '2019-10-10 22:04:49'),
(184, 1261, 77, 3, '1 día de vacaciones', '2019-10-18', NULL, 8, 17, '2019-10-10 22:14:25', '2019-10-10 22:14:25'),
(185, 1287, 67, 3, 'Día adeudado por el 21/09/19', '2019-10-14', NULL, 6, 15, '2019-10-11 16:43:27', '2019-10-11 16:43:27'),
(186, 1255, 86, 1, 'entra 2 horas antes', '2019-10-11', NULL, 11, 20, '2019-10-11 16:53:45', '2019-10-11 16:53:45'),
(187, 92, 94, 1, 'se toma el dia por vacaciones para tramites personales', '2019-10-10', NULL, 7, 16, '2019-10-11 17:10:46', '2019-10-11 17:10:46'),
(188, 76, 77, 3, 'un dia de vacaciones', '2019-10-14', NULL, 8, 17, '2019-10-11 17:34:12', '2019-10-11 17:34:12'),
(189, 67, 89, 3, 'Juan Vigier se tomará una día de vacaciones', '2019-10-14', NULL, 6, 15, '2019-10-11 18:45:49', '2019-10-11 18:45:49'),
(190, 1273, 1262, 8, 'Compensa la hora con la hora extra realizada el 09/10/19', '2019-10-11', NULL, 22, 23, '2019-10-11 20:56:39', '2019-10-11 20:56:39'),
(191, 1315, 69, 4, 'Cambio de turno por no estar operario de la mañana', '2019-10-14', NULL, 6, 15, '2019-10-11 21:30:27', '2019-10-11 21:30:27'),
(192, 1284, 1263, 8, 'No se toma el descanso y se retira a las 21:15 para asistir a una acto escolar del hermano.', '2019-10-11', NULL, 21, 22, '2019-10-12 01:58:15', '2019-10-12 01:58:15'),
(193, 1220, 1151, 4, 'Cambio de turno con Fabian Schenfel', '2019-10-16', NULL, 6, 15, '2019-10-12 02:18:50', '2019-10-12 02:18:50'),
(194, 92, 94, 4, 'cambio del horario del turno de 7 a 16hs pasa a 6 a 15hs', '2019-10-16', NULL, 6, 15, '2019-10-14 15:14:12', '2019-10-14 15:14:12'),
(195, 1280, 1263, 8, 'No se toma el descanso para retirarse a las 21:15 para asistir al cumpleaños de la madre.', '2019-10-14', NULL, 21, 22, '2019-10-14 21:51:37', '2019-10-14 21:51:37'),
(196, 1270, 91, 4, 'Cambia de turno porque tiene extracción de sangre.', '2019-10-16', NULL, 8, 17, '2019-10-15 13:46:47', '2019-10-15 13:46:47'),
(197, 1262, 91, 4, 'A pedido del sector.', '2019-10-15', NULL, 8, 17, '2019-10-15 14:03:32', '2019-10-15 14:03:32'),
(198, 1262, 91, 4, 'A pedido del sector.', '2019-10-16', NULL, 8, 17, '2019-10-15 14:04:01', '2019-10-15 14:04:01'),
(199, 1262, 91, 4, 'A pedido del sector.', '2019-10-17', NULL, 0, 0, '2019-10-15 14:04:21', '2019-10-15 14:04:21'),
(200, 1262, 91, 4, 'A pedido del sector.', '2019-10-17', NULL, 0, 0, '2019-10-15 14:04:24', '2019-10-15 14:04:24'),
(201, 1262, 91, 4, 'A pedido del sector.', '2019-10-18', NULL, 8, 17, '2019-10-15 14:04:44', '2019-10-15 14:04:44'),
(202, 1228, 70, 1, 'Se retira en el horario del almuerzo. De 14:15 a 15:00 hs.', '2019-10-15', NULL, 14, 15, '2019-10-15 20:09:33', '2019-10-15 20:09:33'),
(203, 1274, 91, 4, 'Solicita cambio de turno por asuntos personales.', '2019-10-18', NULL, 6, 15, '2019-10-16 11:49:34', '2019-10-16 11:49:34'),
(204, 1285, 67, 1, 'Trámite automotor. Hs a devolver en la semana. Se retira a las 7:30 hasta las 9:30 aprox', '2019-10-17', NULL, 7, 9, '2019-10-17 12:39:59', '2019-10-17 12:39:59'),
(205, 1307, 81, 3, 'pedido de vacaciones', '2019-10-17', NULL, 8, 17, '2019-10-17 17:29:51', '2019-10-17 17:29:51'),
(206, 1298, 75, 7, 'Cumpleaños', '2019-10-18', NULL, 0, 0, '2019-10-17 20:21:14', '2019-10-17 20:21:14'),
(207, 1297, 75, 1, 'Un día de vacaciones adelantado por trámites personales.', '2019-10-21', NULL, 0, 0, '2019-10-17 20:25:05', '2019-10-17 20:25:05'),
(208, 1252, 1139, 3, 'DÍA DE VACACIONES PENDIENTE DEL PERIODO 2018.', '2019-10-18', NULL, 13, 22, '2019-10-17 21:08:25', '2019-10-17 21:08:25'),
(209, 1239, 1151, 1, 'Ingresar 1 hora antes y retirarse  a las 21:15 en los minutos del descanso', '2019-10-18', NULL, 13, 22, '2019-10-18 00:57:51', '2019-10-18 00:57:51'),
(210, 1287, 67, 1, 'Trámites bancarios', '2019-10-18', NULL, 8, 10, '2019-10-18 13:48:50', '2019-10-18 13:48:50'),
(211, 1233, 70, 8, 'Gustavo, Juan Manuel se retira a las 13 hs. por que realiza la caminata Hasenkamp - Paraná. Devuelve las hs. la semana que viene.', '2019-10-18', NULL, 13, 15, '2019-10-18 18:48:59', '2019-10-18 18:48:59'),
(212, 1276, 1263, 8, 'Compensa una hora extra que realizo el día 10/10/19. \r\nNo se toma el descanso para retirarse a las 20:15 hs', '2019-10-18', NULL, 20, 22, '2019-10-18 23:16:55', '2019-10-18 23:16:55'),
(213, 1293, 75, 1, 'Tramites personales a Banco.', '2019-10-22', NULL, 8, 10, '2019-10-21 18:26:16', '2019-10-21 18:26:16'),
(214, 1317, 69, 1, 'Trámites en Anses. Horas a devolver (3)', '2019-10-22', NULL, 11, 14, '2019-10-21 21:03:59', '2019-10-21 21:03:59'),
(215, 1284, 1263, 4, 'La producción lo requiere, hace falta hacer 2 elaboraciones en el turno de la mañana.', '2019-10-22', NULL, 6, 15, '2019-10-21 21:34:44', '2019-10-21 21:34:44'),
(216, 1260, 64, 3, 'Semana de vacaciones', '2019-10-28', NULL, 0, 0, '2019-10-21 22:45:43', '2019-10-21 22:45:43'),
(217, 1335, 1151, 7, 'Licencia de cumpleaños', '2019-10-22', NULL, 14, 23, '2019-10-22 00:02:13', '2019-10-22 00:02:13'),
(218, 1305, 81, 6, 'compensatorio', '2019-10-25', NULL, 8, 17, '2019-10-22 18:43:32', '2019-10-22 18:43:32'),
(219, 1306, 81, 3, 'adelanto vacaciones', '2019-10-24', NULL, 8, 17, '2019-10-22 19:01:53', '2019-10-22 19:01:53'),
(220, 1306, 81, 3, 'adelanto vaciones', '2019-10-25', NULL, 8, 17, '2019-10-22 19:02:25', '2019-10-22 19:02:25'),
(221, 1327, 96, 1, 'Turno médico', '2019-10-22', NULL, 14, 15, '2019-10-22 19:14:20', '2019-10-22 19:14:20'),
(222, 33, 45, 1, 'Llegar mas tarde El Jueves 24/10 por Tramite personal, de 8 a 9.', '2019-10-24', NULL, 8, 9, '2019-10-23 21:28:33', '2019-10-23 21:28:33'),
(223, 1269, 91, 1, 'Se retira a tramitar la renovación de la licencia de conducir en colonia Avellaneda.\r\nDevolverá las horas que le implique el trámite.', '2019-10-24', NULL, 7, 9, '2019-10-24 12:57:21', '2019-10-24 12:57:21'),
(224, 1296, 75, 8, 'Se retira utilizando las horas a favor que tiene, ya que realizó tareas especiales el día sábado 5/10.', '2019-10-24', NULL, 10, 15, '2019-10-24 13:09:30', '2019-10-24 13:09:30'),
(225, 1224, 70, 4, 'Gustavo, Dana cambia turno mañana con Ricardo Beltramino.', '2019-10-25', NULL, 14, 23, '2019-10-24 17:09:13', '2019-10-24 17:09:13'),
(226, 1232, 70, 8, 'Noeli se retira a las 14:15 hs. por tramites personales.', '2019-10-24', NULL, 14, 15, '2019-10-24 17:10:01', '2019-10-24 17:10:01'),
(227, 1302, 81, 1, 'ACOMPAÑA ESPOSA CURACIONES', '2019-10-25', NULL, 12, 17, '2019-10-24 18:37:29', '2019-10-24 18:37:29'),
(228, 64, 71, 3, 'Toma un día de vacaciones pendientes', '2019-10-25', NULL, 8, 17, '2019-10-24 22:50:10', '2019-10-24 22:50:10'),
(229, 1284, 1263, 7, 'se toma el día de licencia por ser su cumpleaños', '2019-10-25', NULL, 13, 22, '2019-10-24 22:52:32', '2019-10-24 22:52:32'),
(230, 1207, 77, 5, 'Debe terminar de elaborar un producto para que este listo a primera hora', '2019-10-25', NULL, 7, 16, '2019-10-24 23:00:56', '2019-10-24 23:00:56'),
(231, 1259, 77, 3, 'Vacaciones pendientes , días 19 y 20 de noviembre', '2019-11-19', NULL, 8, 17, '2019-10-24 23:02:00', '2019-10-24 23:02:00'),
(232, 1292, 75, 8, 'Horas a favor realizadas en depto Ricardo', '2019-10-25', NULL, 12, 15, '2019-10-25 13:10:45', '2019-10-25 13:10:45'),
(233, 1253, 86, 8, 'Trabaja horario de descanso para salir antes', '2019-10-25', NULL, 15, 16, '2019-10-25 14:21:10', '2019-10-25 14:21:10'),
(234, 1323, 96, 4, 'Entra una hora antes y se retira una hora antes', '2019-10-25', NULL, 0, 0, '2019-10-25 14:46:25', '2019-10-25 14:46:25'),
(235, 42, 36, 8, 'Se retira por encontrarse con malestar y fiebre. Se sugiere ir al médico.', '2019-10-25', NULL, 8, 0, '2019-10-25 16:50:05', '2019-10-25 16:50:05'),
(236, 59, 58, 1, 'Permiso para renovar el carnet de conducir, por lo que las horas solicitadas son aproximadas (Horas a devolver).', '2019-10-28', NULL, 8, 11, '2019-10-25 20:16:38', '2019-10-25 20:16:38'),
(237, 1317, 69, 4, 'tramites personales', '2019-10-28', NULL, 13, 22, '2019-10-25 21:07:24', '2019-10-25 21:07:24'),
(238, 1315, 69, 4, 'Cambia turno con J. Sione.', '2019-10-28', NULL, 6, 15, '2019-10-25 21:49:32', '2019-10-25 21:49:32'),
(239, 1316, 69, 4, 'tramitación automotor', '2019-10-28', NULL, 13, 22, '2019-10-28 14:30:53', '2019-10-28 14:30:53'),
(240, 43, 36, 3, 'Se autoriza a tomarse los días 07 y 08 de Noviembre.', '2019-11-07', NULL, 8, 17, '2019-10-28 16:35:16', '2019-10-28 16:35:16'),
(241, 1267, 91, 1, 'Se retira a pagar en la cooperativa de agua de San Benito el impuesto que es un trámite que se realiza por la mañana solamente.\r\nDevuelve hoy el tiempo que le lleve realizar el trámite.', '2019-10-28', NULL, 11, 12, '2019-10-28 17:01:12', '2019-10-28 17:01:12'),
(242, 1266, 91, 8, 'Se retira a las 13 hs, saliendo sin comer y compensa la hora extra realizada el 22/10/19 en la que se retiró sin comer.', '2019-10-28', NULL, 13, 15, '2019-10-28 17:02:54', '2019-10-28 17:02:54'),
(243, 1259, 77, 4, 'por tramites personales', '2019-11-01', NULL, 6, 15, '2019-10-28 21:35:00', '2019-10-28 21:35:00'),
(244, 76, 77, 4, 'por turno al medico', '2019-10-30', NULL, 6, 15, '2019-10-28 21:35:39', '2019-10-28 21:35:39'),
(245, 1307, 81, 3, '1 dia de vacaciones', '2019-10-29', NULL, 8, 17, '2019-10-28 21:42:58', '2019-10-28 21:42:58'),
(246, 1261, 77, 1, 'Por mudanza, se toma 2 días, miércoles 30/10 y jueves 31/10', '2019-10-30', NULL, 8, 17, '2019-10-28 21:48:55', '2019-10-28 21:48:55'),
(247, 1333, 67, 4, 'Tramites bancarios. Cambia por Maximiliano Quiros', '2019-10-29', NULL, 6, 15, '2019-10-28 22:06:05', '2019-10-28 22:06:05'),
(248, 36, 41, 4, 'dia de vacaciones', '2019-12-18', NULL, 0, 0, '2019-10-28 22:07:07', '2019-10-28 22:07:07'),
(249, 1292, 75, 4, 'Cambio de turno con Soñez Gonzalo debido a problemas personales.', '2019-10-29', NULL, 14, 23, '2019-10-29 12:59:30', '2019-10-29 12:59:30'),
(250, 60, 58, 1, 'Permiso por mudanza. Días 4 y 5 de noviembre de 2019', '2019-11-04', NULL, 8, 17, '2019-10-29 21:01:52', '2019-10-29 21:01:52'),
(251, 1308, 81, 3, 'Vacaciones 11/14 de noviembre\r\n15 noviembre compensatorio de guardia pasiva', '2019-11-11', NULL, 8, 17, '2019-10-29 21:48:55', '2019-10-29 21:48:55'),
(252, 77, 55, 3, 'vacaciones', '2019-11-19', NULL, 8, 16, '2019-10-30 17:57:11', '2019-10-30 17:57:11'),
(253, 81, 71, 1, 'Concurso por titularidad de cátedra en UTN', '2019-10-31', NULL, 8, 17, '2019-10-30 21:20:23', '2019-10-30 21:20:23'),
(254, 85, 71, 1, 'Trámite personal.\r\nRecupera la hora el viernes de 7 a 8.', '2019-10-31', NULL, 8, 9, '2019-10-30 22:11:32', '2019-10-30 22:11:32'),
(255, 1276, 67, 8, 'Corresponde a horas extra realizadas la semana pasada.', '2019-11-01', NULL, 18, 22, '2019-10-31 21:00:15', '2019-10-31 21:00:15'),
(256, 1242, 1139, 4, 'POR RAZONES MEDICAS. 1H DEVUELTA POR ADELANTADO(29-10), 1 H DEVUELTA HOY Y QUEDA 1H POR DEVOLVER LA SEMANA PROXIMA', '2019-10-31', NULL, 10, 17, '2019-10-31 21:20:01', '2019-10-31 21:20:01'),
(257, 1315, 69, 4, 'Arreglos de mantenimineto por la tarde en el sector.', '2019-11-01', NULL, 6, 15, '2019-10-31 21:21:31', '2019-10-31 21:21:31'),
(258, 1243, 1139, 4, 'POR NECESIDADES DEL SECTOR.\r\nSE RETIRARA SIN ALMUERZO (14:15HS)', '2019-11-01', NULL, 6, 15, '2019-10-31 21:27:04', '2019-10-31 21:27:04'),
(259, 1246, 1139, 3, 'DIA PENDIENTE DEL PERIODO ANTERIOR', '2019-11-08', NULL, 7, 16, '2019-10-31 21:29:14', '2019-10-31 21:29:14'),
(260, 1191, 1139, 4, 'POR NECESIDADES DEL SECTOR', '2019-11-01', NULL, 7, 16, '2019-10-31 21:30:07', '2019-10-31 21:30:07'),
(261, 1246, 1139, 4, 'NECESIDADES PERSONALES', '2019-11-01', NULL, 9, 18, '2019-10-31 21:31:59', '2019-10-31 21:31:59'),
(262, 1292, 75, 4, 'Cambio de turno con Soñez Gonzalo.Cuestiones personales.', '2019-11-01', NULL, 13, 22, '2019-10-31 21:54:48', '2019-10-31 21:54:48'),
(263, 1293, 75, 8, 'Recupera las horas el día sabado, realizando tareas especiales.', '2019-11-01', NULL, 6, 10, '2019-10-31 21:55:57', '2019-10-31 21:55:57'),
(264, 1288, 67, 1, 'Trámites bancarios. Hs a devolver', '2019-11-01', NULL, 8, 10, '2019-11-01 13:47:27', '2019-11-01 13:47:27'),
(265, 59, 58, 1, 'A devolver', '2019-11-01', NULL, 10, 12, '2019-11-01 14:39:02', '2019-11-01 14:39:02'),
(266, 1263, 67, 8, 'Hs extra realizadas la semana pasada.', '2019-11-01', NULL, 20, 22, '2019-11-01 20:12:01', '2019-11-01 20:12:01'),
(267, 1137, 36, 4, 'El día de hoy, se deberá quedar jornada de mañana y tarde para realizar trabajos de literaturas encomendados por Ricardo Guimarey para viaje.', '2019-11-04', NULL, 12, 5, '2019-11-04 13:58:34', '2019-11-04 13:58:34'),
(268, 1154, 73, 1, 'Estudios en Bs As a la Sra por problemas cardíacos congénitos al bebé (Sra embarazada de 7 meses)', '2019-11-04', NULL, 0, 0, '2019-11-04 15:00:04', '2019-11-04 15:00:04'),
(269, 1302, 81, 4, 'CAMBIO DE TURNO - TURNO TARDE', '2019-11-05', NULL, 14, 23, '2019-11-04 15:43:57', '2019-11-04 15:43:57'),
(270, 1137, 36, 4, 'Jessica trabajó horas que adicionales los siguientes días:\r\n23/10 - 08 a 13:21 - 1hs\r\n30/10 - 08 a 14:30 - 2hs\r\n04/11 - 08 a 17 hs - 4hs  \r\nSe autoriza a tomarse este viernes 08/11 en compensación al día 04/11.', '2019-11-08', NULL, 0, 0, '2019-11-05 16:23:59', '2019-11-05 16:23:59'),
(271, 1207, 77, 5, 'ingresa 1 hora antes x auditoria, a compensar con el permiso del jueves 07/11 que ingresa mas tarde', '2019-11-05', NULL, 7, 17, '2019-11-05 21:47:53', '2019-11-05 21:47:53'),
(272, 1207, 77, 1, 'Tramite en el banco.\r\nTiene 1 hora a favor del 05/11', '2019-11-07', NULL, 10, 18, '2019-11-05 21:49:36', '2019-11-05 21:49:36'),
(273, 1259, 77, 5, '1 hora extra x auditoria', '2019-11-05', NULL, 7, 17, '2019-11-05 21:51:04', '2019-11-05 21:51:04'),
(274, 76, 77, 5, '1 hora extra x auditoria', '2019-11-05', NULL, 7, 17, '2019-11-05 21:52:22', '2019-11-05 21:52:22'),
(275, 1234, 70, 8, 'Roxana se retira a las 14:15 por tramites personales', '2019-11-06', NULL, 14, 15, '2019-11-06 19:45:45', '2019-11-06 19:45:45'),
(276, 1307, 81, 3, '1 dia de vacaciones', '2019-11-08', NULL, 8, 17, '2019-11-06 21:29:26', '2019-11-06 21:29:26'),
(277, 1305, 81, 6, 'compensatorio guardia pasiva', '2019-11-08', NULL, 8, 17, '2019-11-06 21:55:13', '2019-11-06 21:55:13'),
(278, 1261, 77, 5, 'por actividades del sector', '2019-11-07', NULL, 7, 16, '2019-11-07 15:07:11', '2019-11-07 15:07:11'),
(279, 1289, 67, 3, 'Período 2019', '2019-11-08', NULL, 0, 0, '2019-11-07 16:35:43', '2019-11-07 16:35:43'),
(280, 1267, 91, 1, 'Se retira a realizar un tramite en la municipalidad de Colonia Avellanera. Devuelve el tiempo que le haya requerido.', '2019-11-07', NULL, 11, 12, '2019-11-07 17:51:35', '2019-11-07 17:51:35'),
(281, 1282, 67, 4, 'Reemplazo de Jorge Monzon que se toma el dia de vacaciones', '2019-11-08', NULL, 6, 15, '2019-11-07 21:04:52', '2019-11-07 21:04:52'),
(282, 1315, 69, 4, 'N/A', '2019-11-08', NULL, 6, 15, '2019-11-07 21:18:18', '2019-11-07 21:18:18'),
(283, 1300, 75, 5, 'Realizará horas extras de 6 a 8hs y luego continuará con su jornada normal', '2019-11-08', NULL, 6, 17, '2019-11-07 21:53:21', '2019-11-07 21:53:21'),
(284, 1331, 96, 7, 'Correspondiente al 5/11', '2019-11-08', NULL, 0, 0, '2019-11-07 22:07:31', '2019-11-07 22:07:31'),
(285, 1150, 1139, 4, 'CAMBIO DE HORARIO PARA REALIZAR TRAMITE PERSONAL', '2019-11-11', NULL, 9, 18, '2019-11-11 13:46:21', '2019-11-11 13:46:21'),
(286, 1191, 1139, 4, 'CAMBIO DE TURNO POR NECESIDADES DEL SECTOR', '2019-11-08', NULL, 7, 16, '2019-11-11 13:47:25', '2019-11-11 13:47:25'),
(287, 1253, 86, 1, 'Se descuenta dia de vacaciones', '2019-11-11', NULL, 7, 16, '2019-11-11 14:46:16', '2019-11-11 14:46:16'),
(288, 1134, 85, 1, 'Tramites personales en oficinas públicas', '2019-11-11', NULL, 9, 12, '2019-11-11 15:37:25', '2019-11-11 15:37:25'),
(289, 1327, 96, 1, 'Turno médico', '2019-11-11', NULL, 14, 0, '2019-11-11 18:21:45', '2019-11-11 18:21:45'),
(290, 44, 36, 3, 'Se autoriza a tomarse 2 días de vacaciones, 14 y 15 de noviembre (desconozco el periodo a aplicar) .', '2019-11-14', NULL, 8, 17, '2019-11-11 22:21:12', '2019-11-11 22:21:12'),
(291, 1261, 77, 3, '1 semana de vacaciones del 2019, desde el 25/11/2019. Regresa el 02/12/19', '2019-11-25', NULL, 8, 17, '2019-11-11 22:48:46', '2019-11-11 22:48:46'),
(292, 1271, 91, 7, 'A pedido del sector el día de su cumpleaños concurrirá a trabajar y se tomará el viernes 15/11/19.', '2019-11-15', NULL, 14, 23, '2019-11-12 13:56:24', '2019-11-12 13:56:24'),
(293, 1277, 1263, 4, 'Exposición anual de los talleres de la escuela donde asiste el hijo.', '2019-11-13', NULL, 6, 15, '2019-11-12 19:32:31', '2019-11-12 19:32:31'),
(294, 1229, 70, 7, 'Graciela se toma el día 19/11 el pendiente de cumpleaños.', '2019-11-19', NULL, 6, 15, '2019-11-13 16:34:42', '2019-11-13 16:34:42'),
(295, 1226, 70, 3, 'José Cabrera se toma del 19/11/2019 al 22/11/2019 días de vacaciones.', '2019-11-19', NULL, 6, 15, '2019-11-13 19:54:05', '2019-11-13 19:54:05'),
(296, 1263, 89, 1, 'Rogelio solicitó salir una hora antes y hay que descontarselás d elas horas extras.\r\nGracias.-', '2019-11-13', NULL, 21, 22, '2019-11-13 20:01:25', '2019-11-13 20:01:25'),
(297, 1223, 1151, 1, 'Cambio de turno, tramites personales.', '2019-11-14', NULL, 6, 15, '2019-11-13 20:17:19', '2019-11-13 20:17:19'),
(298, 1243, 1139, 1, 'SE RETIRA EN ESE HORARIO POR NECESIDADES PERSONALES. LAS HORAS SERAN RECUPERADAS EL DÍA SABADO 16/11', '2019-11-14', NULL, 10, 12, '2019-11-14 11:07:30', '2019-11-14 11:07:30'),
(299, 1271, 91, 8, 'Se retira compensando las 5hs extras que realizó los días  11/11/19 (3hs extras) y en el día 12/11/19 (2hs extras).', '2019-11-14', NULL, 18, 23, '2019-11-14 11:51:49', '2019-11-14 11:51:49'),
(300, 33, 45, 1, 'TURNO PARA SACAR CERTIFICADO DE BUENA CONDUCTA EN LA POLICIA DE ENTRE RIOS', '2019-11-15', NULL, 8, 10, '2019-11-14 14:35:13', '2019-11-14 14:35:13'),
(301, 32, 45, 3, 'LICENCIA POR DIAS DE VACACIONES PENDIENTES (DEL 18/11 AL 29/11) POR EL FERIADO Y EL DIA DE CUMPLEAÑOS (20/11) LE QUEDARIAN 2 DIAS.', '2019-11-18', NULL, 8, 17, '2019-11-14 14:38:21', '2019-11-14 14:38:21'),
(302, 1315, 69, 4, 'Tareas de mantenimiento.', '2019-11-15', NULL, 6, 15, '2019-11-14 18:55:36', '2019-11-14 18:55:36'),
(303, 64, 55, 1, '1 dia vacaciones', '2019-11-15', NULL, 8, 17, '2019-11-14 19:04:54', '2019-11-14 19:04:54'),
(304, 64, 55, 1, '1 dia vacaciones', '2019-11-15', NULL, 8, 17, '2019-11-14 19:04:59', '2019-11-14 19:04:59'),
(305, 1292, 75, 4, 'Tramites personales.Cambio de turno con Soñez Gonzalo.', '2019-11-15', NULL, 0, 0, '2019-11-15 10:04:55', '2019-11-15 10:04:55'),
(306, 1333, 67, 3, 'periodo 2019', '2019-11-18', NULL, 6, 15, '2019-11-15 17:30:29', '2019-11-15 17:30:29'),
(307, 49, 36, 1, 'Horario de egreso: 17.15 por turno médico.', '2019-11-21', NULL, 17, 0, '2019-11-15 18:34:58', '2019-11-15 18:34:58'),
(308, 49, 36, 4, 'Horario de ingreso: 08.00 a 12.00 horas.', '2019-11-22', NULL, 0, 0, '2019-11-15 18:35:35', '2019-11-15 18:35:35'),
(309, 78, 61, 1, 'Acto escolar de la Hija', '2019-11-15', NULL, 15, 17, '2019-11-15 19:20:39', '2019-11-15 19:20:39'),
(310, 1255, 86, 4, 'Entra y se retira 2 horas antes el martes 19/11', '2019-11-19', NULL, 11, 20, '2019-11-15 19:52:14', '2019-11-15 19:52:14'),
(311, 1303, 81, 6, 'Compensatorio guardia pasiva', '2019-11-29', NULL, 14, 23, '2019-11-15 20:04:42', '2019-11-15 20:04:42'),
(312, 42, 36, 5, 'Se ausentará el día 19 y 20 por asistencia seminario en BsAs. ( UNOPS) junto con Pablo Esnaola. Regresarán el día Jueves aproximadamente al medio día.', '2019-11-19', NULL, 0, 0, '2019-11-15 20:08:57', '2019-11-15 20:08:57'),
(313, 92, 94, 1, 'Trabaja el horario de corrido, se retira a las 14.15 sin almorzar.', '2019-11-20', NULL, 6, 14, '2019-11-20 11:12:18', '2019-11-20 11:12:18'),
(314, 1270, 91, 8, 'Se retirará sin salir a comer para asistir a consulta médica.', '2019-11-21', NULL, 6, 14, '2019-11-20 11:57:52', '2019-11-20 11:57:52'),
(315, 1258, 85, 1, 'Solicito el día por tramites personales. compensará las 8 horas trabajando 2 horas extras por día.  Miércoles 20, jueves 21, viernes 22 y lunes 25/11', '2019-11-19', NULL, 7, 16, '2019-11-20 12:06:24', '2019-11-20 12:06:24'),
(316, 39, 36, 3, 'Autorizado a tomarse 1 día de vacaciones.', '2019-11-21', NULL, 0, 0, '2019-11-20 16:56:37', '2019-11-20 16:56:37'),
(317, 1317, 69, 8, 'Tramites en Anses/Bco Nacion.', '2019-11-21', NULL, 11, 13, '2019-11-20 17:15:28', '2019-11-20 17:15:28'),
(318, 76, 77, 1, 'turno al medico', '2019-11-21', NULL, 7, 16, '2019-11-20 18:46:32', '2019-11-20 18:46:32'),
(319, 1154, 73, 1, 'Viaje a BS Aires por malformación cardíaca del su bb no nato.\r\nEl permiso es para los días 18 y 19 del corriente mes.', '2019-11-18', NULL, 0, 0, '2019-11-21 07:38:30', '2019-11-21 07:38:30'),
(320, 68, 73, 3, 'Toma día de vacaciones pendiente', '2019-11-20', NULL, 0, 0, '2019-11-21 07:39:36', '2019-11-21 07:39:36'),
(321, 68, 73, 3, 'Toma día de vacaciones pendiente', '2019-11-22', NULL, 0, 0, '2019-11-21 07:40:07', '2019-11-21 07:40:07'),
(322, 60, 58, 1, 'Asistencia al curso Gestión de Calidad de la Industria Farmacéutica.\r\nA recuperar de 7:00 a 15:15 sin gozar del horario del almuerzo.\r\nHorario de salida: 15:15 hs.', '2019-11-22', NULL, 16, 17, '2019-11-21 17:20:38', '2019-11-21 17:20:38'),
(323, 1259, 77, 1, 'tramites', '2019-11-22', NULL, 9, 18, '2019-11-21 18:07:18', '2019-11-21 18:07:18'),
(324, 1207, 77, 1, 'viaje', '2019-11-22', NULL, 7, 16, '2019-11-21 18:07:59', '2019-11-21 18:07:59'),
(325, 1286, 67, 3, 'Corresponde al dia 21/09/19', '2019-11-22', NULL, 6, 15, '2019-11-21 18:09:33', '2019-11-21 18:09:33'),
(326, 1315, 69, 4, 'En el sector por la tarde se realizarán trabajos de mantenimiento/ sistemas.', '2019-11-22', NULL, 6, 15, '2019-11-21 18:25:04', '2019-11-21 18:25:04'),
(327, 1249, 1139, 4, 'PARA ASISTIR A CURSO EN FACULTAD DE BIOINGENIERIA, UNER.', '2019-11-22', NULL, 6, 15, '2019-11-21 18:39:45', '2019-11-21 18:39:45'),
(328, 1260, 64, 4, 'Cambio de turno de 07.00 a 16.00. Se retira 15.15 sin uso de la hora de almuerzo en las instalaciones.', '2019-11-22', NULL, 7, 16, '2019-11-21 19:25:31', '2019-11-21 19:25:31'),
(329, 1251, 1139, 4, 'RAZONES PERSONALES', '2019-11-22', NULL, 8, 17, '2019-11-22 11:38:10', '2019-11-22 11:38:10'),
(330, 1248, 1139, 7, 'DIA DE CUMPLEAÑOS', '2019-11-22', NULL, 14, 23, '2019-11-22 11:38:37', '2019-11-22 11:38:37'),
(331, 1307, 81, 3, 'dia de vacaciones', '2019-12-03', NULL, 8, 17, '2019-11-22 11:46:51', '2019-11-22 11:46:51'),
(332, 42, 36, 5, 'Se autoriza a quedarse el día 15/11/2019 hasta las 18.30 para organizar documentación necesaria participación seminario en Bs.As.  días 19 y 20 de nov.', '2019-11-22', NULL, 0, 0, '2019-11-22 14:53:34', '2019-11-22 14:53:34'),
(333, 1328, 96, 1, 'Turno mecánico', '2019-11-22', NULL, 14, 15, '2019-11-22 16:53:39', '2019-11-22 16:53:39'),
(334, 1255, 86, 7, 'Se toma el mismo dia de cumpleaños', '2019-11-25', NULL, 0, 0, '2019-11-22 16:59:10', '2019-11-22 16:59:10'),
(335, 1254, 86, 4, 'Entra de 13 hs a 22 hs', '2019-11-25', NULL, 0, 0, '2019-11-22 17:14:09', '2019-11-22 17:14:09'),
(336, 1259, 77, 1, 'tramite', '2019-11-25', NULL, 9, 18, '2019-11-22 20:06:10', '2019-11-22 20:06:10'),
(337, 1329, 96, 1, 'Turno médico', '2019-11-25', NULL, 14, 15, '2019-11-25 11:08:58', '2019-11-25 11:08:58'),
(338, 42, 36, 1, 'Se autoriza a llegar mas tardes porque debe realizarse una ecografia', '2019-11-25', NULL, 8, 11, '2019-11-25 11:10:25', '2019-11-25 11:10:25'),
(339, 1310, 78, 1, 'Ingresa 1 hora antes y se retira 1 hora antes para trámites personales.', '2019-11-26', NULL, 6, 15, '2019-11-25 14:28:54', '2019-11-25 14:28:54'),
(340, 58, 55, 5, 'consulta medica', '2019-11-27', NULL, 8, 11, '2019-11-26 12:48:14', '2019-11-26 12:48:14'),
(341, 58, 55, 5, 'consulta medica', '2019-11-27', NULL, 8, 11, '2019-11-26 12:54:42', '2019-11-26 12:54:42'),
(342, 58, 55, 5, 'consulta medica', '2019-11-27', NULL, 8, 11, '2019-11-26 12:54:44', '2019-11-26 12:54:44'),
(343, 1308, 81, 4, 'REALIZA CAMBIO DE TURNO PARA CUBRIR LICENCIA DE FRANCO BERSANO', '2019-11-29', NULL, 14, 23, '2019-11-26 14:07:39', '2019-11-26 14:07:39');
INSERT INTO `permisos` (`id`, `autorizado`, `autorizante`, `motivo`, `descripcion`, `fecha_desde`, `fecha_hasta`, `hora_desde`, `hora_hasta`, `created_at`, `updated_at`) VALUES
(344, 1336, 81, 4, 'CAMBIA TURNO DE LA NOCHE DEL VIERNES,  POR SÁBADO POR LA MAÑANA. PARA ASISTIR A EVENTO DEL COLEGIO DE SU HIJO', '2019-12-07', NULL, 6, 14, '2019-11-26 14:10:26', '2019-11-26 14:10:26'),
(345, 1270, 91, 8, 'Se retira sin comer para acudir al médico. Este permiso se pidió por error en otro día incorrecto previamente.', '2019-11-26', NULL, 0, 0, '2019-11-26 14:28:33', '2019-11-26 14:28:33'),
(346, 1267, 91, 8, 'Se retirará a las 12:15 hs sin comer y entre hoy 26/11 y mañana 27/11 devolverá las 2  hs que le quedarán pendientes.', '2019-11-28', NULL, 0, 0, '2019-11-26 14:29:41', '2019-11-26 14:29:41'),
(347, 1234, 70, 1, 'Roxana se retira 2 hs. aproximadamente a una reunión en la escuela de su hijo.', '2019-11-27', NULL, 7, 9, '2019-11-27 09:54:16', '2019-11-27 09:54:16'),
(348, 1305, 81, 6, 'CGP', '2019-11-29', NULL, 8, 17, '2019-11-27 14:05:04', '2019-11-27 14:05:04'),
(349, 1317, 69, 4, 'Cambio de turno con Aldo Alderete.', '2019-11-29', NULL, 13, 22, '2019-11-27 14:11:25', '2019-11-27 14:11:25'),
(350, 1312, 78, 1, 'Trámites relacionados con el casamiento.', '2019-12-05', NULL, 14, 11, '2019-11-27 19:18:10', '2019-11-27 19:18:10'),
(351, 1308, 81, 6, 'CGP', '2019-12-02', NULL, 8, 17, '2019-11-28 11:52:30', '2019-11-28 11:52:30'),
(352, 92, 94, 3, 'dia de vacaciones', '2019-12-02', NULL, 7, 16, '2019-11-28 13:04:45', '2019-11-28 13:04:45'),
(353, 60, 58, 1, 'Asistencia al curso Gestión de Calidad de la Industria Farmacéutica. \r\n45 minutos a recuperar el día viernes sin gozar del horario del almuerzo y una hora a recuperar la próxima semana.  \r\nHorario de salida: 15:15 hs.', '2019-11-29', NULL, 16, 17, '2019-11-28 14:36:52', '2019-11-28 14:36:52'),
(354, 1260, 64, 4, 'Cambio de turno de 07.00 a 16.00. Se retira 15.15 sin uso de la hora de almuerzo en las instalaciones.', '2019-11-29', NULL, 0, 0, '2019-11-28 14:37:45', '2019-11-28 14:37:45'),
(355, 1322, 96, 3, 'Adelanta un día de vacaciones 2019', '2019-11-29', NULL, 0, 0, '2019-11-28 17:51:18', '2019-11-28 17:51:18'),
(356, 1292, 75, 4, 'trámites personales (análisis de sangre). Cambia de turno con Soñéz Gonzalo.', '2019-11-29', NULL, 14, 23, '2019-11-28 18:48:24', '2019-11-28 18:48:24'),
(357, 1207, 77, 1, 'Curso en la facultad de oro verde', '2019-11-29', NULL, 7, 16, '2019-11-29 13:22:43', '2019-11-29 13:22:43'),
(358, 1249, 1139, 4, 'CURSO EN UNER', '2019-11-29', NULL, 7, 15, '2019-11-29 14:58:07', '2019-11-29 14:58:07'),
(359, 1191, 1139, 4, 'NECESIDADES DEL SECTOR', '2019-11-29', NULL, 13, 22, '2019-11-29 14:58:33', '2019-11-29 14:58:33'),
(360, 44, 36, 3, 'Se autoriza a tomarse un día de vacaciones.', '2019-12-13', NULL, 0, 0, '2019-11-29 15:25:40', '2019-11-29 15:25:40'),
(361, 1265, 91, 1, 'Se retira para realizar trámite en el banco nación porque se le bloqueó la tarjeta. Devolverá las hora que le requiera.', '2019-11-29', NULL, 8, 11, '2019-11-29 15:27:01', '2019-11-29 15:27:01'),
(362, 1295, 75, 7, 'Licencia por cumpleaños', '2019-12-02', NULL, 0, 0, '2019-12-02 09:50:14', '2019-12-02 09:50:14'),
(363, 1300, 75, 5, 'Cambio de turno, reemplazo Narvaez.', '2019-12-02', NULL, 6, 15, '2019-12-02 09:51:12', '2019-12-02 09:51:12'),
(364, 1302, 81, 6, 'CGP', '2019-12-06', NULL, 8, 17, '2019-12-02 13:37:38', '2019-12-02 13:37:38'),
(365, 1207, 77, 3, 'Vacaciones desde el lunes 23/12 hasta el domingo 05/01/20', '2019-12-23', NULL, 8, 17, '2019-12-02 18:28:55', '2019-12-02 18:28:55'),
(366, 1154, 73, 1, 'Viaje a Bs As por bb con mal formación cardíaca. \r\nSe toma 5 y 6 de diciembre', '2019-12-05', NULL, 8, 17, '2019-12-02 20:02:06', '2019-12-02 20:02:06'),
(367, 1219, 1151, 8, 'Se retira a las 18:00 hs, devolverá las hs con extras.', '2019-12-05', NULL, 18, 23, '2019-12-02 21:08:52', '2019-12-02 21:08:52'),
(368, 1288, 67, 8, 'Colación de la hija. Ayer hizo una hora extra y mañana hace la otra', '2019-12-03', NULL, 12, 15, '2019-12-03 15:05:35', '2019-12-03 15:05:35'),
(369, 1333, 67, 8, 'Se retira sin tomarse el descanso y en el dia de ayer se tomó menos tiempo de descanso para poder retirarse a las 14 hs justo.', '2019-12-03', NULL, 14, 15, '2019-12-03 15:06:53', '2019-12-03 15:06:53'),
(370, 1292, 75, 8, 'Se retira 14:15hs sin tomarse descanso.', '2019-12-04', NULL, 14, 15, '2019-12-04 10:36:42', '2019-12-04 10:36:42'),
(371, 1295, 75, 8, 'Se retira sin tomarse descanso (14:15hs).', '2019-12-04', NULL, 14, 15, '2019-12-04 10:40:16', '2019-12-04 10:40:16'),
(372, 19, 26, 1, 'Carnet de conductor en Cerrito', '2019-12-09', NULL, 8, 12, '2019-12-04 11:16:31', '2019-12-04 11:16:31'),
(373, 1247, 1139, 4, 'RAZONES PERSONALES', '2019-12-05', NULL, 6, 15, '2019-12-04 13:42:03', '2019-12-04 13:42:03'),
(374, 1269, 91, 1, 'Mudanza.', '2019-12-05', NULL, 6, 15, '2019-12-04 13:50:51', '2019-12-04 13:50:51'),
(375, 1269, 91, 1, 'Mudanza.', '2019-12-05', NULL, 6, 15, '2019-12-04 13:50:57', '2019-12-04 13:50:57'),
(376, 1269, 91, 1, 'Mudanza.', '2019-12-06', NULL, 6, 15, '2019-12-04 13:51:18', '2019-12-04 13:51:18'),
(377, 1274, 91, 1, 'Cambia de horario y se retira sin comer, si termina las tareas productivas.', '2019-12-06', NULL, 13, 22, '2019-12-04 13:53:22', '2019-12-04 13:53:22'),
(378, 1275, 91, 7, 'Se toma el día de cumpleaños que es el 06/12/19.', '2019-12-06', NULL, 14, 23, '2019-12-04 13:54:02', '2019-12-04 13:54:02'),
(379, 1271, 1262, 8, 'Se retira a las 22:10 sin tomarse el descanso', '2019-12-04', NULL, 22, 23, '2019-12-04 19:05:21', '2019-12-04 19:05:21'),
(380, 1315, 69, 7, 'En compensación día de Cumpleaños.', '2019-12-06', NULL, 13, 22, '2019-12-04 19:20:21', '2019-12-04 19:20:21'),
(381, 1248, 61, 1, 'Cambio de turno con Callini. Lucio Getto viene de 06-15', '2019-12-05', NULL, 14, 23, '2019-12-04 19:45:57', '2019-12-04 19:45:57'),
(382, 1244, 61, 5, 'Cambio de Turno, ingresa turno tarde de 14 a 23', '2019-12-05', NULL, 6, 15, '2019-12-04 19:46:44', '2019-12-04 19:46:44'),
(383, 1244, 61, 5, 'Cambio de Turno, ingresa turno tarde de 14 a 23', '2019-12-05', NULL, 6, 15, '2019-12-04 19:47:01', '2019-12-04 19:47:01'),
(384, 77, 55, 3, 'faltar vacaciones  jueves y  viernes', '2019-12-05', NULL, 8, 16, '2019-12-04 20:03:47', '2019-12-04 20:03:47'),
(385, 1293, 75, 8, 'Se retira 14:15hs sin tomarse descanso.', '2019-12-05', NULL, 14, 15, '2019-12-05 11:13:07', '2019-12-05 11:13:07'),
(386, 1304, 81, 3, 'PERIODO DE VACACIONES DESDE EL 16/12 AL 06/01', '2019-12-16', NULL, 6, 15, '2019-12-05 14:12:52', '2019-12-05 14:12:52'),
(387, 78, 61, 1, 'Tramites bancarios', '2019-12-06', NULL, 8, 11, '2019-12-05 14:56:34', '2019-12-05 14:56:34'),
(388, 1306, 81, 1, 'ASISTE AL BANCO', '2019-12-06', NULL, 8, 12, '2019-12-05 16:02:38', '2019-12-05 16:02:38'),
(389, 87, 86, 1, 'INGRESA A LAS 9 HS Y DEVUELVE LA HORA', '2019-12-06', NULL, 0, 0, '2019-12-05 16:38:43', '2019-12-05 16:38:43'),
(390, 1285, 67, 3, 'Corresponde al 21/09/19', '2019-12-06', NULL, 6, 15, '2019-12-05 17:00:51', '2019-12-05 17:00:51'),
(391, 1284, 67, 4, 'Lo reemplaza a Cáceres Luciano que se toma el dia', '2019-12-06', NULL, 6, 15, '2019-12-05 17:45:22', '2019-12-05 17:45:22'),
(392, 1305, 81, 1, 'ASISTE A REGISTRO CIVIL', '2019-12-06', NULL, 8, 9, '2019-12-05 20:27:41', '2019-12-05 20:27:41'),
(393, 1282, 1263, 4, 'Asiste el sector Acondicionamiento  para reforzar.', '2019-12-06', NULL, 6, 15, '2019-12-05 20:56:29', '2019-12-05 20:56:29'),
(394, 80, 68, 3, 'Licencia por vacaciones correspondientes a año 2018 desde 23/12/19 hasta 31/12/19 reincorporándose el día 02/01/20', '2019-12-23', NULL, 8, 17, '2019-12-06 11:42:39', '2019-12-06 11:42:39'),
(395, 1332, 68, 1, 'Horas compensadas la semana del 25/11. En esta semana asistió a la calificación de áreas realizadas por el tercero airfil', '2019-12-02', NULL, 8, 10, '2019-12-06 11:49:40', '2019-12-06 11:49:40'),
(396, 1207, 76, 1, 'Trámites personales por renovación de carnet de conducir.', '2019-12-09', NULL, 9, 18, '2019-12-06 13:01:57', '2019-12-06 13:01:57'),
(397, 1327, 96, 1, 'Mesa examen', '2019-12-06', NULL, 14, 15, '2019-12-06 13:34:46', '2019-12-06 13:34:46'),
(398, 1273, 91, 4, 'Solicita concurrir a trabajar en el horario de 13 a 22 hs.', '2019-12-09', NULL, 13, 22, '2019-12-06 17:43:35', '2019-12-06 17:43:35'),
(399, 33, 45, 1, 'Turno para la renovación de la licencia de conducir', '2019-12-10', NULL, 8, 10, '2019-12-06 20:07:17', '2019-12-06 20:07:17'),
(400, 39, 36, 1, 'Se autoriza a egresar el día de hoy a las 16.45 por turno médico cardiológico.', '2019-12-09', NULL, 0, 0, '2019-12-09 11:19:18', '2019-12-09 11:19:18'),
(401, 59, 58, 3, 'Vacaciones período 2019', '2019-12-10', NULL, 8, 17, '2019-12-09 16:23:59', '2019-12-09 16:23:59'),
(402, 1302, 81, 4, 'Cambio de turno por asuntos personales', '2019-12-10', NULL, 14, 23, '2019-12-09 17:57:58', '2019-12-09 17:57:58'),
(403, 93, 48, 1, 'Turno para realizar un estudio médico en La Entrerriana.', '2019-12-17', NULL, 12, 14, '2019-12-09 19:22:56', '2019-12-09 19:22:56'),
(404, 1255, 86, 1, 'Ingresa a las 11 hs', '2019-12-10', NULL, 11, 20, '2019-12-09 20:05:22', '2019-12-09 20:05:22'),
(405, 1222, 1151, 5, 'Necesita ingresar mas temprano y retirarse durante el descanso, tiene la recepción de su hijo', '2019-12-13', NULL, 13, 22, '2019-12-10 00:48:06', '2019-12-10 00:48:06'),
(406, 1233, 70, 7, 'Buen día, Juan Manuel se toma el 16/12 el día correspondiente a su cumpleaños.', '2019-12-16', NULL, 6, 15, '2019-12-10 09:20:03', '2019-12-10 09:20:03'),
(407, 1260, 64, 4, 'Cambio de horario de 07 a 16 hs en el día de la fecha', '2019-12-10', NULL, 7, 16, '2019-12-10 15:50:19', '2019-12-10 15:50:19'),
(408, 1310, 78, 1, 'Por entrega de carpetas del hijo (jardín de 3) \r\n11/12/2019:  ingreso 06:00 , egreso: 13:45\r\nLa hora pendiente la recupera el jueves 12/12 (06:00-07:00)', '2019-12-11', NULL, 14, 16, '2019-12-10 16:35:00', '2019-12-10 16:35:00'),
(409, 1256, 86, 1, 'INGRESA 11 HS', '2019-12-11', NULL, 0, 0, '2019-12-10 19:52:36', '2019-12-10 19:52:36'),
(410, 51, 55, 3, 'x', '2019-12-13', NULL, 8, 16, '2019-12-11 13:17:31', '2019-12-11 13:17:31'),
(411, 51, 55, 3, 'x', '2019-12-23', NULL, 8, 16, '2019-12-11 13:18:23', '2019-12-11 13:18:23'),
(412, 51, 55, 3, 'xx', '2019-12-30', NULL, 8, 16, '2019-12-11 13:18:56', '2019-12-11 13:18:56'),
(413, 51, 55, 3, '.', '2020-02-26', NULL, 8, 16, '2019-12-11 13:19:33', '2019-12-11 13:19:33'),
(414, 51, 55, 5, '.', '2020-02-27', NULL, 8, 16, '2019-12-11 13:20:01', '2019-12-11 13:20:01'),
(415, 51, 55, 3, '..', '2020-11-25', NULL, 8, 17, '2019-12-11 13:21:12', '2019-12-11 13:21:12'),
(416, 51, 55, 3, ',,', '2020-11-26', NULL, 8, 17, '2019-12-11 13:21:44', '2019-12-11 13:21:44'),
(417, 51, 55, 3, '..', '2020-11-27', NULL, 8, 17, '2019-12-11 13:22:09', '2019-12-11 13:22:09'),
(418, 1248, 61, 1, 'Cambia horario de 10 a 19hs', '2019-12-11', NULL, 19, 23, '2019-12-11 13:22:28', '2019-12-11 13:22:28'),
(419, 1308, 81, 1, 'ASISTE AL MEDICO, DESCONTAR DE GP O VACACIONES', '2019-12-17', NULL, 8, 17, '2019-12-11 13:29:09', '2019-12-11 13:29:09'),
(420, 1308, 81, 1, 'SE RETIRA UNA HORA ANTES, DEVUELVE MAÑANA\r\nASISTE A LA MUTUAL (ATIENDE DE 9-17HS)', '2019-12-11', NULL, 16, 17, '2019-12-11 13:29:59', '2019-12-11 13:29:59'),
(421, 87, 86, 3, '1 dia adelantada', '2019-12-13', NULL, 0, 0, '2019-12-11 14:43:23', '2019-12-11 14:43:23'),
(422, 1255, 86, 1, 'ENTRA A LAS 11HS Y SALE A LAS 20 HS', '2019-12-11', NULL, 11, 20, '2019-12-11 14:44:55', '2019-12-11 14:44:55'),
(423, 1295, 75, 1, 'Tramites personales.', '2019-12-12', NULL, 8, 10, '2019-12-11 15:47:02', '2019-12-11 15:47:02'),
(424, 1278, 67, 4, 'Turno en médico', '2019-12-12', NULL, 13, 22, '2019-12-11 17:41:08', '2019-12-11 17:41:08'),
(425, 58, 55, 3, 'se agregan  26 /27 y  30 de diciembre', '2019-12-23', NULL, 8, 17, '2019-12-11 17:46:47', '2019-12-11 17:46:47'),
(426, 58, 55, 3, 'del  17 al 28 de febrero', '2020-02-17', NULL, 8, 17, '2019-12-11 17:47:31', '2019-12-11 17:47:31'),
(427, 1305, 81, 6, 'CGP', '2019-12-13', NULL, 8, 17, '2019-12-11 18:09:45', '2019-12-11 18:09:45'),
(428, 92, 94, 1, 'a descontar de las HHEE acumuladas', '2019-12-13', NULL, 8, 11, '2019-12-11 18:59:25', '2019-12-11 18:59:25'),
(429, 1134, 85, 1, 'Licencia correspondiente al cumpleaños. 12/12', '2019-12-12', NULL, 7, 16, '2019-12-11 19:29:05', '2019-12-11 19:29:05'),
(430, 1260, 64, 4, 'Se retira 15.15', '2019-12-13', NULL, 7, 16, '2019-12-12 15:39:52', '2019-12-12 15:39:52'),
(431, 1298, 75, 1, 'Tramites personales', '2019-12-13', NULL, 8, 9, '2019-12-12 16:31:44', '2019-12-12 16:31:44'),
(432, 60, 58, 1, 'Asistencia al curso Gestión de Calidad de la Industria Farmacéutica. A recuperar de 7:00 a 15:15 sin gozar del horario del almuerzo. Horario de salida: 15:15 hs.', '2019-12-13', NULL, 16, 17, '2019-12-12 17:30:10', '2019-12-12 17:30:10'),
(433, 1295, 75, 1, 'Tramites personales', '2019-12-13', NULL, 8, 10, '2019-12-12 17:35:18', '2019-12-12 17:35:18'),
(434, 1285, 67, 8, 'Se retira sin tomarse el descanso. Trámites personales', '2019-12-12', NULL, 14, 15, '2019-12-12 17:49:00', '2019-12-12 17:49:00'),
(435, 1282, 67, 3, 'Corresponde al 21/09/19', '2019-12-13', NULL, 13, 22, '2019-12-12 17:50:18', '2019-12-12 17:50:18'),
(436, 85, 71, 1, 'Cambia horario de 8 a 17 por 7 a 16.\r\nTrámites personales.', '2019-12-13', NULL, 7, 16, '2019-12-12 19:34:19', '2019-12-12 19:34:19'),
(437, 85, 71, 1, 'Cambia horario de 8 a 17 por 7 a 16.\r\nTrámites personales.', '2019-12-13', NULL, 7, 16, '2019-12-12 19:34:41', '2019-12-12 19:34:41'),
(438, 1252, 61, 1, 'Mañana entra una hora antes', '2019-12-13', NULL, 21, 22, '2019-12-12 20:28:55', '2019-12-12 20:28:55'),
(439, 1223, 1151, 1, 'Ingresar a las 13:00hs y retirarse a las 21:15 hs (colación de su hija)', '2019-12-13', NULL, 13, 22, '2019-12-13 00:32:51', '2019-12-13 00:32:51'),
(440, 76, 77, 1, 'por turno medico', '2019-12-11', NULL, 6, 15, '2019-12-13 12:14:26', '2019-12-13 12:14:26'),
(441, 1259, 77, 1, 'por turno medico', '2019-12-12', NULL, 6, 15, '2019-12-13 12:14:53', '2019-12-13 12:14:53'),
(442, 76, 77, 1, 'por turno medico', '2019-12-12', NULL, 6, 15, '2019-12-13 12:16:05', '2019-12-13 12:16:05'),
(443, 1207, 77, 4, 'por curso en la UNER', '2019-12-13', NULL, 7, 16, '2019-12-13 12:16:42', '2019-12-13 12:16:42'),
(444, 1207, 77, 3, 'del 23/12/19 al 05/01/20 inclusive', '2019-12-23', NULL, 8, 17, '2019-12-13 12:17:59', '2019-12-13 12:17:59'),
(445, 1237, 1151, 1, 'Cambio de turno con Fabian Schenfeld', '2019-12-16', NULL, 6, 15, '2019-12-13 18:36:25', '2019-12-13 18:36:25'),
(446, 1277, 1263, 3, 'Se toma el día a cuenta de las vacaciones en curso.', '2019-12-16', NULL, 13, 22, '2019-12-14 00:21:03', '2019-12-14 00:21:03'),
(447, 1260, 64, 7, 'licencia cumpleaños', '2019-12-16', NULL, 8, 17, '2019-12-16 13:27:52', '2019-12-16 13:27:52'),
(448, 1212, 36, 1, 'Se autoriza a salir de las instalaciones de Lafedar  el día 19/12 a las 10.00 horas e ingresar de nuevo a las 13.00 para asistir a acto escolar ( fin de curso ).  Devolución de las 3 horas los días 19/20 y 23 de diciembre ingresando a las 7.00 horas', '2019-12-19', NULL, 0, 0, '2019-12-16 14:58:43', '2019-12-16 14:58:43'),
(449, 1241, 1139, 4, 'NECESIDADES PERSONALES', '2019-12-18', NULL, 10, 19, '2019-12-17 12:24:44', '2019-12-17 12:24:44'),
(450, 1191, 1139, 4, 'NECESIDADES DEL SECTOR', '2019-12-17', NULL, 13, 22, '2019-12-17 12:25:18', '2019-12-17 12:25:18'),
(451, 1191, 1139, 4, 'NECESIDADES PERSONALES', '2019-12-18', NULL, 7, 16, '2019-12-17 12:25:42', '2019-12-17 12:25:42'),
(452, 1266, 91, 8, 'Se retira sin comer a las 13:15 hs. La hora que falta se la resta de las horas extras realizadas el sábado 14/12/19', '2019-12-17', NULL, 6, 13, '2019-12-17 13:13:48', '2019-12-17 13:13:48'),
(453, 39, 36, 5, 'Concensuado con Pablo Esnaola, se autoriza a tomarse un día de vacaciones el 30/12/2019', '2019-12-30', NULL, 0, 0, '2019-12-17 13:57:42', '2019-12-17 13:57:42'),
(454, 80, 68, 5, 'Autorizo a la realización de horas fuera del horario habitual para la realización de análisis de muestras de validación.', '2019-12-17', NULL, 17, 19, '2019-12-17 19:47:40', '2019-12-17 19:47:40'),
(455, 1234, 70, 7, 'Buen día Gustavo, Roxana se toma hoy el día pendiente de cumpleaños.', '2019-12-18', NULL, 6, 15, '2019-12-18 09:20:09', '2019-12-18 09:20:09'),
(456, 1231, 70, 3, 'Gustavo, Victor se toma el 23/12 el día correspondiente a Sanidad, que cayó cuando estaba de vacaciones.', '2019-12-23', NULL, 6, 15, '2019-12-18 09:21:31', '2019-12-18 09:21:31'),
(457, 1241, 1139, 3, 'DIA DE VACACIONES PERIODO 2019', '2019-12-18', NULL, 7, 16, '2019-12-18 11:03:22', '2019-12-18 11:03:22'),
(458, 70, 89, 3, 'Vacaciones la semana del 23/12 y 30/12 reincorporándose el lunes 6/01', '2019-12-23', NULL, 0, 0, '2019-12-18 12:16:12', '2019-12-18 12:16:12'),
(459, 1306, 81, 1, 'TRAMITES BANCARIOS', '2019-12-19', NULL, 8, 17, '2019-12-18 15:05:22', '2019-12-18 15:05:22'),
(460, 78, 61, 1, 'Evento escolar hija', '2019-12-19', NULL, 8, 11, '2019-12-18 16:55:59', '2019-12-18 16:55:59'),
(461, 1259, 77, 4, 'por tramite personal', '2019-12-19', NULL, 6, 15, '2019-12-18 18:31:36', '2019-12-18 18:31:36'),
(462, 1223, 1151, 1, 'Se retira antes, devuelve las hs con hs extras.', '2019-12-18', NULL, 21, 23, '2019-12-18 19:09:55', '2019-12-18 19:09:55'),
(463, 1154, 73, 1, 'Viaje a Bs As x embarazo riesgoso de la señora. Fecha probable de parto: 08/de enero del 2020', '2019-12-19', NULL, 0, 0, '2019-12-18 19:35:03', '2019-12-18 19:35:03'),
(464, 72, 73, 3, 'Toma Vacaciones pendientes 23, 26 y 27 de diciembre.\r\nRecupera las 4 hs del 31, dos hs jueves 19 y dos hs viernes 20.\r\nEl día 30 de diciembre TOMA UN DÍA DE VACACIONES ADELANTADO del 2020.', '2019-12-23', NULL, 0, 0, '2019-12-18 19:37:30', '2019-12-18 19:37:30'),
(465, 1284, 1263, 4, 'Elaboración en el turno de la mañana', '2019-12-19', NULL, 6, 15, '2019-12-19 00:36:48', '2019-12-19 00:36:48'),
(466, 60, 58, 3, '1 día de vacaciones período 2019', '2019-12-30', '2019-12-30', 8, 17, '2019-12-19 11:04:31', '2019-12-19 11:04:31'),
(467, 76, 77, 5, 'devolucion de 2 hs x el 31/12', '2019-12-19', '2019-12-19', 6, 17, '2019-12-19 12:16:00', '2019-12-19 12:16:00'),
(468, 1260, 64, 5, 'Dia de vacaciones', '2019-12-30', '2019-12-30', 8, 17, '2019-12-19 14:39:44', '2019-12-19 14:39:44'),
(469, 1315, 69, 3, 'Toma Vacaciones en compensación por el día de Sanidad.', '2019-12-23', '2019-12-23', 6, 15, '2019-12-19 16:14:51', '2019-12-19 16:14:51'),
(470, 69, 89, 3, 'Compensatorio por el día de la sanidad', '2019-12-23', '2019-12-23', 7, 16, '2019-12-19 16:24:54', '2019-12-19 16:24:54'),
(471, 69, 89, 3, 'Compensatorio por el día de la sanidad', '2019-12-23', '2019-12-23', 7, 16, '2019-12-19 16:25:00', '2019-12-19 16:25:00'),
(472, 69, 89, 3, 'Compensatorio por el día de la sanidad', '2019-12-23', '2019-12-23', 7, 16, '2019-12-19 16:25:06', '2019-12-19 16:25:06'),
(473, 1284, 67, 4, 'Elaboración en turno mañana', '2019-12-19', '2019-12-19', 13, 22, '2019-12-19 16:52:58', '2019-12-19 16:52:58'),
(474, 1296, 75, 3, 'Vacaciones 2019', '2019-12-23', '2020-01-12', 0, 0, '2019-12-19 17:10:31', '2019-12-19 17:10:31'),
(475, 1293, 75, 1, 'Tramites personales.', '2019-12-20', '2019-12-20', 8, 9, '2019-12-19 17:12:08', '2019-12-19 17:12:08'),
(476, 1284, 1263, 4, 'Elaboración en el turno de la mañana', '2019-12-20', NULL, 6, 15, '2019-12-19 17:12:58', '2019-12-19 17:12:58'),
(477, 61, 1139, 4, 'SE RETIRARA A LAS 15HS Y LA HORA PENDIENTE LA RECUPERARA MAÑANA 20-12.', '2019-12-19', '2019-12-19', 7, 15, '2019-12-19 17:55:30', '2019-12-19 17:55:30'),
(478, 1247, 1139, 4, 'SE RETIRARA A LAS 15 HS Y LA HORA PENDIENTE LA RECUPERARA MAÑANA 20-12', '2019-12-19', '2019-12-19', 7, 15, '2019-12-19 17:56:53', '2019-12-19 17:56:53'),
(479, 1248, 61, 1, 'Cambia de turno, viene a la mañana', '2019-12-20', '2019-12-20', 14, 23, '2019-12-19 20:01:42', '2019-12-19 20:01:42'),
(480, 1244, 61, 5, 'Cambia de turno viene de 14 a 23', '2019-12-20', '2019-12-20', 6, 15, '2019-12-19 20:02:32', '2019-12-19 20:02:32'),
(481, 92, 94, 3, 'Vacaciones', '2020-01-06', '2020-01-19', 0, 0, '2019-12-20 10:28:27', '2019-12-20 10:28:27'),
(482, 1265, 91, 7, 'A pedido del sector concurre a trabajar el día 20/12/19 y se toma licencia por cumpleaños el sábado 21/12/19 (que se reemplaza por el lunes 23/12/19).', '2019-12-21', '2019-12-21', 6, 15, '2019-12-20 10:31:54', '2019-12-20 10:31:54'),
(483, 1330, 96, 7, 'Cumpleaños', '2019-12-23', '2019-12-23', 0, 0, '2019-12-20 10:45:18', '2019-12-20 10:45:18'),
(484, 1219, 70, 8, 'Gustavo, Gabriela se retira a las 14:15 por tramites personales', '2019-12-20', '2019-12-20', 14, 15, '2019-12-20 14:28:54', '2019-12-20 14:28:54'),
(485, 1219, 70, 4, 'Gabriela viene en el horario de la mañana el lunes, por que viaja.', '2019-12-23', '2019-12-23', 6, 15, '2019-12-20 14:30:18', '2019-12-20 14:30:18'),
(486, 76, 77, 5, 'por necesidad del sector', '2019-12-20', '2019-12-20', 6, 15, '2019-12-20 14:59:55', '2019-12-20 14:59:55'),
(487, 1226, 70, 8, 'José se retira a las 12:00 hs. por tramites personales.', '2019-12-20', '2019-12-20', 12, 14, '2019-12-20 15:28:04', '2019-12-20 15:28:04'),
(488, 76, 77, 7, 'día de cumpleaños', '2019-12-23', '2019-12-23', 8, 17, '2019-12-20 16:27:52', '2019-12-20 16:27:52'),
(489, 1334, 70, 1, 'Fabian Schenfel cambia el turno el día lunes con Waldo Valdes', '2019-12-23', '2019-12-23', 14, 23, '2019-12-20 17:19:51', '2019-12-20 17:19:51'),
(490, 1276, 67, 3, '24 y 25/12 son no laborables y sumado al día pendiente al 21/09/19; le quedan 3 día hábiles de vacaciones.', '2019-12-23', '2019-12-29', 13, 22, '2019-12-20 17:46:12', '2019-12-20 17:46:12'),
(491, 1288, 67, 3, 'Período 2019', '2019-12-23', '2019-12-23', 6, 15, '2019-12-20 17:49:29', '2019-12-20 17:49:29'),
(492, 1287, 67, 3, 'Período 2019', '2019-12-23', '2019-12-23', 6, 15, '2019-12-20 17:49:59', '2019-12-20 17:49:59'),
(493, 64, 55, 3, 'vacaciones', '2019-12-23', '2019-12-23', 8, 17, '2019-12-20 18:09:31', '2019-12-20 18:09:31'),
(494, 32, 45, 3, 'LICENCIA POR VACACIONES', '2019-12-23', '2019-12-23', 8, 17, '2019-12-20 20:35:59', '2019-12-20 20:35:59'),
(495, 1333, 67, 1, 'El hijo está internado en terapia por un cuadro severo de alergia.', '2019-12-23', '2019-12-23', 6, 15, '2019-12-23 09:45:57', '2019-12-23 09:45:57'),
(496, 1191, 1139, 4, 'NECESIDADES DEL SECTOR', '2019-12-23', '2019-12-23', 7, 16, '2019-12-23 10:53:12', '2019-12-23 10:53:12'),
(497, 1248, 1139, 4, 'RAZONES PERSONALES', '2019-12-23', '2019-12-23', 10, 19, '2019-12-23 11:41:38', '2019-12-23 11:41:38'),
(498, 1137, 36, 3, 'Vacaciones informadas según correo 20/12/2019', '2020-02-24', '2020-03-03', 0, 0, '2019-12-23 12:25:18', '2019-12-23 12:25:18'),
(499, 1212, 36, 3, 'Vacaciones informadas según correo 20/12/2019', '2020-03-09', '2020-03-16', 0, 0, '2019-12-23 12:25:51', '2019-12-23 12:25:51'),
(500, 39, 36, 3, 'Vacaciones informadas según correo 20/12/2019', '2020-04-20', '2020-05-04', 0, 0, '2019-12-23 12:26:25', '2019-12-23 12:26:25'),
(501, 43, 36, 3, 'Vacaciones informadas según correo 20/12/2019', '2019-12-24', '2019-12-30', 0, 0, '2019-12-23 12:26:57', '2019-12-23 12:26:57'),
(502, 42, 36, 3, 'Vacaciones informadas según correo 20/12/2019', '2020-01-02', '2020-01-04', 0, 0, '2019-12-23 12:27:31', '2019-12-23 12:27:31'),
(503, 1137, 36, 3, 'Vacaciones informadas según correo 20/12/2019', '2020-01-06', '2020-01-10', 0, 0, '2019-12-23 12:28:07', '2019-12-23 12:28:07'),
(504, 1321, 96, 1, 'Se retira sin hacer el descanso', '2019-12-23', '2019-12-23', 22, 23, '2019-12-23 16:04:01', '2019-12-23 16:04:01'),
(505, 1235, 89, 1, 'Se retira sin almorzar 14:15hs para hacer trámites personales.', '2019-12-23', '2019-12-23', 14, 15, '2019-12-23 17:04:09', '2019-12-23 17:04:09'),
(506, 1230, 89, 3, 'Día compensatorio por el día 21/09 que se encontraba de licencia', '2019-12-30', '2019-12-30', 6, 15, '2019-12-23 17:06:34', '2019-12-23 17:06:34'),
(507, 1289, 67, 3, 'Período 2019', '2019-12-26', '2019-12-27', 6, 15, '2019-12-23 17:22:49', '2019-12-23 17:22:49'),
(508, 1306, 81, 6, 'CGP', '2019-12-26', '2019-12-26', 8, 17, '2019-12-26 12:25:48', '2019-12-26 12:25:48'),
(509, 1299, 75, 8, 'Se retira sin tomerse el descanso.', '2019-12-26', '2019-12-26', 14, 15, '2019-12-26 12:35:04', '2019-12-26 12:35:04'),
(510, 77, 55, 3, 'VACACIONES   PARA EL LUNES  30-    2 Y  3 DE ENERO', '2019-12-30', '2019-12-30', 8, 17, '2019-12-26 16:30:57', '2019-12-26 16:30:57'),
(511, 77, 55, 3, 'VACACIONES   PARA EL LUNES  30-    2 Y  3 DE ENERO', '2019-12-30', '2019-12-30', 8, 17, '2019-12-26 16:31:05', '2019-12-26 16:31:05'),
(512, 1302, 81, 6, 'CGP', '2019-12-30', '2019-12-30', 8, 17, '2019-12-26 18:28:48', '2019-12-26 18:28:48'),
(513, 87, 86, 3, '2 semanas', '2020-02-17', '2020-02-28', 0, 0, '2019-12-27 10:25:51', '2019-12-27 10:25:51'),
(514, 1255, 86, 3, '2 semanas', '2020-02-03', '2020-02-14', 0, 0, '2019-12-27 10:27:24', '2019-12-27 10:27:24'),
(515, 1254, 86, 3, '2 semanas', '2020-03-16', '2020-03-27', 0, 0, '2019-12-27 10:28:25', '2019-12-27 10:28:25'),
(516, 1253, 86, 3, '2 semanas', '2020-01-20', '2020-01-31', 0, 0, '2019-12-27 10:29:49', '2019-12-27 10:29:49'),
(517, 1253, 86, 7, '1 dia', '2020-01-02', '2020-01-02', 0, 0, '2019-12-27 10:31:41', '2019-12-27 10:31:41'),
(518, 1253, 86, 3, '1 dia', '2020-01-03', '2020-01-03', 0, 0, '2019-12-27 10:32:19', '2019-12-27 10:32:19'),
(519, 1288, 67, 3, 'Período 2019', '2019-12-30', '2019-12-30', 6, 15, '2019-12-27 17:33:13', '2019-12-27 17:33:13'),
(520, 1333, 67, 3, 'Período 2019', '2019-12-30', '2019-12-30', 6, 15, '2019-12-27 17:33:41', '2019-12-27 17:33:41'),
(521, 1151, 89, 7, 'La licencia de cumpleaños no pudo tomársela el día que correspondía y se autoriza a tomar la fecha indicada.', '2020-01-06', '2020-01-06', 14, 23, '2019-12-27 19:38:43', '2019-12-27 19:38:43'),
(522, 1189, 45, 3, 'UN DIA DE LICENCIA POR VACACIONES 2018', '2019-12-30', '2019-12-30', 8, 17, '2019-12-27 20:18:38', '2019-12-27 20:18:38'),
(523, 32, 45, 3, 'ULTIMO DIA DE LICENCIA POR VACACIONES 2018', '2019-12-30', '2019-12-30', 8, 17, '2019-12-27 20:19:21', '2019-12-27 20:19:21'),
(524, 68, 73, 3, 'La interesada solicita día de vacaciones para quedarse con su niña con fiebre.-', '2019-12-27', '2019-12-27', 0, 0, '2019-12-27 20:27:16', '2019-12-27 20:27:16'),
(525, 1219, 1151, 1, 'Cambio de Turno.', '2019-12-30', '2019-12-30', 6, 15, '2019-12-27 20:30:43', '2019-12-27 20:30:43'),
(526, 1219, 89, 8, 'Se retira sin almorzar', '2019-12-30', '2019-12-30', 14, 15, '2019-12-30 13:39:18', '2019-12-30 13:39:18'),
(527, 49, 36, 1, 'Se toma ese día. Y se descuenta el día de los honorarios de febrero', '2020-01-02', '2020-01-02', 0, 0, '2019-12-30 16:19:46', '2019-12-30 16:19:46'),
(528, 1289, 67, 3, 'Periodo 2019', '2019-12-02', '2019-12-03', 6, 15, '2019-12-30 17:36:08', '2019-12-30 17:36:08'),
(529, 1299, 75, 3, 'Día adelantado de vacaciones , ya que se encuentra de viaje.', '2020-01-02', '2020-01-02', 0, 0, '2020-01-02 11:10:43', '2020-01-02 11:10:43'),
(530, 1299, 75, 7, 'Cumpleaños.', '2020-01-03', '2020-01-03', 0, 0, '2020-01-02 11:13:37', '2020-01-02 11:13:37'),
(531, 1240, 89, 3, 'Se tomará un día de vacaciones', '2020-01-02', '2020-01-02', 6, 15, '2020-01-02 12:22:34', '2020-01-02 12:22:34'),
(532, 1240, 89, 3, 'Se tomará un día de vacaciones', '2020-01-02', '2020-01-02', 6, 15, '2020-01-02 12:22:39', '2020-01-02 12:22:39'),
(533, 1240, 89, 3, 'Se tomará un día de vacaciones', '2020-01-02', '2020-01-02', 6, 15, '2020-01-02 12:22:44', '2020-01-02 12:22:44'),
(534, 90, 57, 1, 'CAMBIO DE HORARIO', '2020-01-03', '2020-01-03', 7, 16, '2020-01-02 13:39:01', '2020-01-02 13:39:01'),
(535, 93, 57, 3, 'VACACIONES 2019', '2020-02-03', '2020-02-16', 0, 0, '2020-01-02 13:40:15', '2020-01-02 13:40:15'),
(536, 90, 57, 5, 'VACACIONES 2018', '2020-02-17', '2020-02-26', 0, 0, '2020-01-02 13:41:00', '2020-01-02 13:41:00'),
(537, 1293, 75, 1, 'Se toma el día ya que debe llevar a control a hija.', '2020-01-13', '2020-01-13', 0, 0, '2020-01-02 17:21:40', '2020-01-02 17:21:40'),
(538, 1335, 1151, 5, 'Solicitud de dias por mudanza.', '2020-01-06', '2020-01-07', 0, 0, '2020-01-03 00:15:21', '2020-01-03 00:15:21'),
(539, 1284, 1263, 4, 'Elaboración turno mañana', '2020-01-03', '2020-01-03', 6, 15, '2020-01-03 01:12:30', '2020-01-03 01:12:30'),
(540, 1281, 67, 3, 'Periodo 2019', '2020-01-04', '2020-01-09', 13, 22, '2020-01-03 16:11:57', '2020-01-03 16:11:57'),
(541, 87, 86, 1, 'INGRESA DESPUES DE LAS 8 HS', '2020-01-06', '2020-01-06', 0, 0, '2020-01-03 16:57:18', '2020-01-03 16:57:18'),
(542, 1287, 67, 3, 'Periodo 2019', '2020-01-07', '2020-01-10', 6, 15, '2020-01-06 10:02:16', '2020-01-06 10:02:16'),
(543, 1302, 81, 6, '1/2 DÍA DE COMPENSATORIO DE GUARDIA PASIVA', '2020-01-07', '2020-01-07', 8, 12, '2020-01-06 14:30:38', '2020-01-06 14:30:38'),
(544, 1302, 81, 1, 'CUIDADO FAMILIAR ENFERMO', '2020-01-13', '2020-01-19', 0, 0, '2020-01-06 14:31:43', '2020-01-06 14:31:43'),
(545, 1302, 81, 7, 'DIA DE CUMPLEAÑOS', '2020-01-09', '2020-01-09', 8, 17, '2020-01-06 14:32:21', '2020-01-06 14:32:21'),
(546, 1303, 81, 7, 'DÍA CUMPLEAÑOS', '2020-01-06', '2020-01-06', 14, 23, '2020-01-06 14:32:50', '2020-01-06 14:32:50'),
(547, 1279, 67, 7, 'Viernes 10/01', '2020-01-10', '2020-01-10', 13, 22, '2020-01-06 17:39:06', '2020-01-06 17:39:06'),
(548, 1279, 67, 3, 'Periodo 2019', '2020-01-11', '2020-01-17', 13, 22, '2020-01-06 17:39:57', '2020-01-06 17:39:57'),
(549, 1312, 78, 8, 'Se retira a las 22:10 sin tomarse la hora de descanso debido a enfermedad de familiar.', '2020-01-06', '2020-01-06', 22, 23, '2020-01-06 18:13:50', '2020-01-06 18:13:50'),
(550, 60, 58, 3, 'Vacaciones período 2019.\r\nFecha de reincorporación: 25 de marzo.\r\n(En caso de no ser feriado puente el día 23 de marzo, se incluye como día de vacaciones).', '2020-03-09', '2020-03-20', 8, 17, '2020-01-07 18:43:30', '2020-01-07 18:43:30'),
(551, 87, 86, 1, 'TRAMITE BANCARIO', '2020-01-08', '2020-01-08', 0, 0, '2020-01-07 18:48:35', '2020-01-07 18:48:35'),
(552, 54, 94, 3, 'Se tomaría contando que 24 y 25/02 son días no laborables.', '2020-02-26', '2020-03-06', 8, 17, '2020-01-07 18:51:04', '2020-01-07 18:51:04'),
(553, 1255, 86, 4, 'entra antes', '2020-01-08', '2020-01-08', 11, 20, '2020-01-07 20:12:02', '2020-01-07 20:12:02'),
(554, 1253, 86, 8, 'Se retira en horario de descanso', '2020-01-08', '2020-01-08', 7, 15, '2020-01-08 11:03:16', '2020-01-08 11:03:16'),
(555, 64, 55, 3, 'vacaciones  1 dia', '2020-01-08', '2020-01-08', 8, 16, '2020-01-08 12:21:12', '2020-01-08 12:21:12'),
(556, 1258, 85, 1, 'Acompañar a la Señora por estudios médicos...( Embarazo)', '2020-01-08', '2020-01-08', 13, 16, '2020-01-08 14:02:46', '2020-01-08 14:02:46'),
(557, 1226, 70, 1, 'Buen día, José Cabrera se retira a las 12 hs. debido a que no tiene tarjeta de débito , se retira a cobrar por caja.', '2020-01-08', '2020-01-08', 12, 14, '2020-01-08 14:34:20', '2020-01-08 14:34:20'),
(558, 1235, 70, 1, 'Ma Eugenis se retira 2 hs. por renovación de carnet de conducir.', '2020-01-09', '2020-01-09', 7, 9, '2020-01-08 15:26:46', '2020-01-08 15:26:46'),
(559, 60, 58, 3, 'A cuenta de vacaciones período 2019.', '2020-01-10', '2020-01-10', 8, 17, '2020-01-08 18:08:22', '2020-01-08 18:08:22'),
(560, 1313, 78, 1, 'Necesita retirarse el viernes 10/01 2 horas antes de su horario habital. Se queda a recuperar el 08/01 desde las 23:00 a 1:00 am del 09/01/2020.', '2020-01-10', '2020-01-10', 21, 23, '2020-01-08 18:44:26', '2020-01-08 18:44:26'),
(561, 35, 45, 1, 'TRAMITE PERSONAL (REGISTRO AUTOMOTOR)', '2020-01-09', '2020-01-09', 8, 9, '2020-01-08 20:05:09', '2020-01-08 20:05:09'),
(562, 63, 1139, 4, 'CAMBIO DE TURNO POR RAZONES PERSONALES', '2020-01-09', '2020-01-09', 10, 18, '2020-01-09 10:40:46', '2020-01-09 10:40:46'),
(563, 1252, 1139, 4, 'CAMBIO DE TURNO POR RAZONES PERSONALES', '2020-01-09', '2020-01-09', 11, 20, '2020-01-09 10:41:20', '2020-01-09 10:41:20'),
(564, 1191, 1139, 4, 'CAMBIO DE TURNO POR NECESIDADES DEL SECTOR', '2020-01-17', '2020-01-17', 7, 16, '2020-01-09 10:41:54', '2020-01-09 10:41:54'),
(565, 1285, 67, 3, 'Periodo 2019', '2020-01-11', '2020-01-24', 6, 15, '2020-01-09 13:39:55', '2020-01-09 13:39:55'),
(566, 1304, 81, 6, 'CGP', '2020-01-16', '2020-01-16', 6, 15, '2020-01-09 13:56:27', '2020-01-09 13:56:27'),
(567, 1258, 85, 1, 'Tramites médicos con pareja.', '2020-01-09', '2020-01-09', 7, 9, '2020-01-09 14:38:01', '2020-01-09 14:38:01'),
(568, 1317, 69, 4, 'Cambio de turno de 13;00 a 22:00 hs', '2020-01-09', '2020-01-10', 13, 22, '2020-01-09 16:12:17', '2020-01-09 16:12:17'),
(569, 1321, 96, 4, 'Turno en médico. Cambia de turno con Waldemar Jacquet', '2020-01-10', '2020-01-10', 0, 0, '2020-01-09 16:20:14', '2020-01-09 16:20:14'),
(570, 1263, 67, 3, 'Periodo 2019', '2020-01-11', '2020-01-17', 13, 22, '2020-01-09 17:49:39', '2020-01-09 17:49:39'),
(571, 1273, 1262, 4, 'Cambio de horario del turno de trabajo : 13:00 a 22:00', '2020-01-10', '2020-01-10', 13, 22, '2020-01-09 18:38:33', '2020-01-09 18:38:33'),
(572, 1299, 46, 8, 'Se retira sin almorzar', '2020-01-10', '2020-01-10', 14, 15, '2020-01-09 18:58:41', '2020-01-09 18:58:41'),
(573, 35, 45, 5, 'TRAMITE PERSONAL EN REGISTRO AUTOMOTOR EN VIALE (E.R.)', '2020-01-10', '2020-01-10', 8, 10, '2020-01-09 19:53:24', '2020-01-09 19:53:24'),
(574, 35, 45, 5, 'TRAMITE PERSONAL EN REGISTRO AUTOMOTOR EN VIALE (E.R.)', '2020-01-10', '2020-01-10', 8, 10, '2020-01-09 19:53:33', '2020-01-09 19:53:33'),
(575, 1282, 1263, 8, 'Se retira a las 20:15 por un imprevisto. No se toma el descanso y le queda una hora para devolver.', '2020-01-09', '2020-01-09', 20, 22, '2020-01-09 22:50:52', '2020-01-09 22:50:52'),
(576, 39, 36, 1, 'Debe realizarse análisis de sangre y radiografía.', '2020-01-13', '2020-01-13', 8, 10, '2020-01-10 11:16:59', '2020-01-10 11:16:59'),
(577, 1303, 81, 6, 'CGP', '2020-01-17', '2020-01-17', 14, 23, '2020-01-10 12:14:54', '2020-01-10 12:14:54'),
(578, 1304, 81, 4, 'cambio de turno - cubre a Franco Bersano', '2020-01-17', '2020-01-17', 14, 23, '2020-01-10 12:15:44', '2020-01-10 12:15:44'),
(579, 1303, 81, 3, 'Vacaciones Franco Bersano', '2020-01-27', '2020-02-03', 14, 23, '2020-01-10 12:16:34', '2020-01-10 12:16:34'),
(580, 1307, 81, 3, 'periodo de vacaciones', '2020-02-24', '2020-03-02', 8, 17, '2020-01-10 12:21:44', '2020-01-10 12:21:44'),
(581, 1304, 81, 3, 'periodo de vacaciones', '2020-02-10', '2020-02-24', 6, 15, '2020-01-10 13:12:20', '2020-01-10 13:12:20'),
(582, 1255, 86, 4, 'ENTRA MAS TEMPRANO', '2020-01-10', '2020-01-10', 11, 20, '2020-01-10 14:21:30', '2020-01-10 14:21:30'),
(583, 1228, 70, 8, 'Leo, se retira a las 14.15 hs. por tramites personales.', '2020-01-10', '2020-01-10', 14, 15, '2020-01-10 14:54:29', '2020-01-10 14:54:29'),
(584, 1228, 70, 8, 'Leo, se retira a las 14.15 hs. por tramites personales.', '2020-01-10', '2020-01-10', 14, 15, '2020-01-10 14:54:37', '2020-01-10 14:54:37'),
(585, 1273, 1262, 8, 'No se toma el descanso, se retira a las 21 hs', '2020-01-10', '2020-01-10', 21, 22, '2020-01-10 19:58:09', '2020-01-10 19:58:09'),
(586, 1316, 69, 4, 'Ingresa turno tarde.\r\nAldo Alderete toda la semana ingresa 06:00 hs', '2020-01-13', '2020-01-13', 13, 22, '2020-01-13 10:10:21', '2020-01-13 10:10:21'),
(587, 93, 57, 3, 'ESTUDIO MEDICO. DIA DE VACACIONES PENDIENTE 2018', '2020-01-16', '2020-01-16', 0, 0, '2020-01-13 11:32:14', '2020-01-13 11:32:14'),
(588, 1231, 70, 1, 'Victor se retira a las 8:30 hs. por tramites personales.', '2020-01-13', '2020-01-13', 8, 10, '2020-01-13 11:43:32', '2020-01-13 11:43:32'),
(589, 1151, 89, 1, 'Acompaña a su padre a realizarse un estudio. Luego devuelve las horas.', '2020-01-14', '2020-01-14', 14, 18, '2020-01-13 18:49:50', '2020-01-13 18:49:50'),
(590, 34, 45, 3, 'LICENCIA POR VACACIONES DEL 09/03/20 AL 23/03/20 (DE LUNES A LUNES)', '2020-03-09', '2020-03-23', 8, 17, '2020-01-13 20:29:02', '2020-01-13 20:29:02'),
(591, 35, 45, 3, 'LICENCIA DE VACACIONES 10/02/20 AL 24/02/20 (DE LUNES A LUNES)', '2020-02-10', '2020-02-24', 8, 17, '2020-01-13 20:30:13', '2020-01-13 20:30:13'),
(592, 32, 45, 3, 'LICENCIA POR VACACIONES DEL 10/02/20 AL 24/02/20 (DE LUNES A LUNES)', '2020-02-10', '2020-02-24', 8, 17, '2020-01-13 20:30:59', '2020-01-13 20:30:59'),
(593, 33, 45, 3, 'LICENCIA POR VACACIONES DEL 17/02/20 AL 02/03/20 (DE LUNES A LUNES)', '2020-02-17', '2020-03-02', 8, 17, '2020-01-13 20:32:01', '2020-01-13 20:32:01'),
(594, 1189, 45, 3, 'LICENCIA POR VACACIONES DEL 20/01/20 AL 03/02/20 (DE LUNES A LUNES)', '2020-01-20', '2020-02-03', 8, 17, '2020-01-13 20:32:59', '2020-01-13 20:32:59'),
(595, 76, 77, 1, 'por turno al medico', '2020-01-15', '2020-01-15', 7, 16, '2020-01-14 15:20:32', '2020-01-14 15:20:32'),
(596, 1261, 77, 3, '1 semana de vacaciones', '2020-01-27', '2020-02-02', 8, 17, '2020-01-14 15:22:31', '2020-01-14 15:22:31'),
(597, 1304, 81, 3, 'PERIODO VACACIONES', '2020-02-10', '2020-02-24', 0, 0, '2020-01-15 12:08:46', '2020-01-15 12:08:46'),
(598, 1260, 64, 4, 'Cambio de turno de 07  a 16 hs', '2020-01-17', '2020-01-17', 0, 0, '2020-01-15 12:20:27', '2020-01-15 12:20:27'),
(599, 1284, 67, 4, 'Elaboración en turno mañana', '2020-01-16', '2020-01-16', 6, 15, '2020-01-15 17:33:49', '2020-01-15 17:33:49'),
(600, 1276, 67, 3, 'Periodo 2019', '2020-01-20', '2020-01-22', 13, 22, '2020-01-15 17:57:55', '2020-01-15 17:57:55'),
(601, 1276, 67, 7, 'es su cumpleaños', '2020-01-17', '2020-01-17', 13, 22, '2020-01-15 17:58:56', '2020-01-15 17:58:56'),
(602, 1316, 69, 4, 'trámites personales automotor', '2020-01-16', '2020-01-16', 13, 22, '2020-01-16 10:38:22', '2020-01-16 10:38:22'),
(603, 63, 1139, 4, 'RAZONES PERSONALES', '2020-01-16', '2020-01-16', 13, 22, '2020-01-16 11:10:49', '2020-01-16 11:10:49'),
(604, 39, 36, 1, 'Se autoriza a retirarse a las 16.55 horas, para cumplir con Turno médico.', '2020-01-16', '2020-01-16', 17, 0, '2020-01-16 14:17:09', '2020-01-16 14:17:09'),
(605, 1333, 67, 8, 'Asuntos personales. Viene a trabajar (Elaborar) a las 5 a.m. para recuperar la hora.', '2020-01-17', '2020-01-17', 11, 12, '2020-01-16 17:37:18', '2020-01-16 17:37:18'),
(606, 1307, 81, 3, 'periodo de vacaciones', '2020-01-20', '2020-01-27', 8, 17, '2020-01-16 18:25:02', '2020-01-16 18:25:02'),
(607, 1259, 77, 1, 'x turno en el seguro del auto, se retira a las 13:15 hs sin tomarse el descanso. Devuelve la hora restante durante la semana.', '2020-01-20', '2020-01-20', 6, 14, '2020-01-16 18:50:20', '2020-01-16 18:50:20'),
(608, 1297, 75, 1, 'Se retira una hora.Recupera el mismo día ingresando a las 5am.', '2020-01-17', '2020-01-17', 5, 15, '2020-01-16 19:03:00', '2020-01-16 19:03:00'),
(609, 1333, 67, 3, 'Periodo 2019', '2020-01-18', '2020-01-24', 6, 15, '2020-01-17 10:02:39', '2020-01-17 10:02:39'),
(610, 1235, 70, 3, 'Buen día, Ma. Eugenia se toma hoy un día de vacaciones.', '2020-01-17', '2020-01-17', 6, 15, '2020-01-17 11:57:47', '2020-01-17 11:57:47'),
(611, 1231, 70, 3, 'Victor ,se toma el Lunes un día, a devolver con horas extras.', '2020-01-20', '2020-01-20', 6, 15, '2020-01-17 12:00:23', '2020-01-17 12:00:23'),
(612, 1335, 1151, 1, 'Ingresa 1 hs antes de lo habitual', '2020-01-17', '2020-01-17', 13, 22, '2020-01-17 17:27:46', '2020-01-17 17:27:46'),
(613, 1302, 81, 4, 'HACE TURNO TARDE DE 14HS - 23HS', '2020-01-21', '2020-01-21', 8, 17, '2020-01-20 11:35:20', '2020-01-20 11:35:20'),
(614, 77, 55, 1, 'medico , salir antes', '2020-01-24', '2020-01-24', 14, 17, '2020-01-20 16:36:22', '2020-01-20 16:36:22'),
(615, 1313, 78, 1, 'Autorizo a Evelyn Riffel a retirarse a las 21:00 hs el día 22/01 por asuntos personales. Las 2 horas debidas las recuperará el 20/01 de 23:00-01:00 hs.', '2020-01-22', '2020-01-22', 21, 23, '2020-01-20 18:25:57', '2020-01-20 18:25:57'),
(616, 68, 73, 3, 'Toma un día más de vacaciones, retomando a sus actividades el día miércoles 22/01/20', '2020-01-21', '2020-01-21', 0, 0, '2020-01-20 19:38:06', '2020-01-20 19:38:06'),
(617, 1269, 91, 8, 'Se retira sin comer para ir a turno de kinesiología.', '2020-01-21', '2020-01-21', 6, 14, '2020-01-21 09:50:24', '2020-01-21 09:50:24'),
(618, 1282, 67, 4, 'Turno en medico hija', '2020-01-21', '2020-01-21', 13, 22, '2020-01-21 11:11:39', '2020-01-21 11:11:39'),
(619, 1267, 91, 4, 'Concurrirá a trabajar de 07 a 16 hs.', '2020-01-22', '2020-01-22', 7, 16, '2020-01-22 09:47:49', '2020-01-22 09:47:49'),
(620, 1311, 78, 1, 'Autorizo a Alis Hatchadourian a ingresar más tarde el dìa 24/01 debido a que tiene que realizar trámite de DNI (extraviado)\r\nEl día 21/01 recuperó 1 h (de 7:00-08:00 hs)', '2020-01-24', '2020-01-22', 8, 10, '2020-01-22 13:55:30', '2020-01-22 13:55:30'),
(621, 1317, 69, 4, 'N/A', '2020-01-23', '2020-01-23', 13, 22, '2020-01-22 14:19:38', '2020-01-22 14:19:38'),
(622, 1232, 70, 1, 'Gustavo , Noelia se retira 14:15 por tramites personales.', '2020-01-22', '2020-01-22', 14, 15, '2020-01-22 15:03:42', '2020-01-22 15:03:42'),
(623, 1232, 70, 1, 'Gustavo , Noelia se retira 14:15 por tramites personales.', '2020-01-22', '2020-01-22', 14, 15, '2020-01-22 15:03:51', '2020-01-22 15:03:51'),
(624, 1228, 70, 1, 'Leo se retira 14:15 por tramites personales.', '2020-01-22', '2020-01-22', 14, 15, '2020-01-22 15:04:27', '2020-01-22 15:04:27'),
(625, 1305, 81, 6, 'COMPENSATORIO DE GUARDIA PASIVA', '2020-01-24', '2020-01-24', 8, 17, '2020-01-23 12:56:32', '2020-01-23 12:56:32'),
(626, 1315, 69, 8, 'Se retira 14,15 hs (horario de almuerzo). No sale a descanso.', '2020-01-23', '2020-01-23', 6, 15, '2020-01-23 15:25:13', '2020-01-23 15:25:13'),
(627, 1282, 67, 4, 'Sin tareas en fraccionamiento de turno tarde, se suma a Acondicionamiento en turno mañana', '2020-01-24', '2020-01-24', 13, 22, '2020-01-23 16:28:12', '2020-01-23 16:28:12'),
(628, 1278, 67, 3, 'Periodo 2019', '2020-01-24', '2020-01-31', 13, 22, '2020-01-23 16:33:05', '2020-01-23 16:33:05'),
(629, 1207, 77, 4, 'viaje', '2020-01-24', '2020-01-24', 7, 16, '2020-01-23 16:47:56', '2020-01-23 16:47:56'),
(630, 1207, 77, 7, 'dia de cumpleaños', '2020-01-27', '2020-01-27', 8, 17, '2020-01-23 16:48:30', '2020-01-23 16:48:30'),
(631, 1259, 77, 1, 'tramite', '2020-01-27', '2020-01-27', 9, 18, '2020-01-23 16:49:30', '2020-01-23 16:49:30'),
(632, 1223, 1151, 5, 'Ingresar  1 hs mas temprano', '2020-01-24', '2020-01-24', 13, 22, '2020-01-23 21:42:26', '2020-01-23 21:42:26'),
(633, 1282, 1263, 4, 'Asiste a otro sector Acondicionamiento', '2020-01-24', '2020-01-24', 6, 15, '2020-01-24 00:28:32', '2020-01-24 00:28:32'),
(634, 1284, 1263, 4, 'Elaboración turno de mañana', '2020-01-24', '2020-01-24', 6, 15, '2020-01-24 00:29:50', '2020-01-24 00:29:50'),
(635, 1284, 1263, 4, 'Elaboración turno de mañana', '2020-01-24', '2020-01-24', 6, 15, '2020-01-24 00:29:52', '2020-01-24 00:29:52'),
(636, 64, 55, 8, 'salir antes', '2020-01-24', '2020-01-24', 15, 17, '2020-01-24 16:31:49', '2020-01-24 16:31:49'),
(637, 1289, 67, 3, 'Periodo 2019', '2020-01-25', '2020-02-07', 6, 15, '2020-01-24 17:18:31', '2020-01-24 17:18:31'),
(638, 1249, 1139, 4, 'CAMBIO DE TURNO POR RAZONES PERSONALES', '2020-01-24', '2020-01-24', 13, 22, '2020-01-24 18:02:22', '2020-01-24 18:02:22'),
(639, 1248, 1139, 4, 'RAZONES PERSONALES', '2020-01-24', '2020-01-24', 12, 21, '2020-01-24 18:03:21', '2020-01-24 18:03:21'),
(640, 63, 1139, 4, 'RAZONES PERSONALES', '2020-01-27', '2020-01-27', 14, 23, '2020-01-24 18:04:18', '2020-01-24 18:04:18'),
(641, 1252, 1139, 3, 'vacaciones periodo 2019- queda pendiente 1 día', '2020-02-17', '2020-02-25', 0, 0, '2020-01-24 18:06:08', '2020-01-24 18:06:08'),
(642, 1281, 1263, 8, 'Compensa horas extras realizadas el día viernes 17/01/20', '2020-01-24', '2020-01-24', 20, 22, '2020-01-24 21:15:04', '2020-01-24 21:15:04'),
(643, 1280, 1263, 8, 'Compensa horas extras realizadas el día viernes 17/01/20', '2020-01-24', '2020-01-24', 20, 22, '2020-01-24 21:15:59', '2020-01-24 21:15:59'),
(644, 1269, 91, 8, 'Se retira a las 11:30hs para realizarse una tomografía de la columna. Devolverá \r\n1 hs por día a partir de mañana.', '2020-01-27', '2020-01-27', 6, 11, '2020-01-27 11:32:44', '2020-01-27 11:32:44'),
(645, 1307, 81, 4, 'REEMPLAZA A FRANCO BERSANO', '2020-01-27', '2020-01-27', 14, 23, '2020-01-27 11:33:58', '2020-01-27 11:33:58'),
(646, 1302, 81, 4, 'REEMPLAZA A FRANCO BERSANO', '2020-01-28', '2020-01-28', 14, 23, '2020-01-27 11:37:43', '2020-01-27 11:37:43'),
(647, 1305, 81, 4, 'REEMPLAZA A FRANCO BERSANO', '2020-01-29', '2020-01-29', 14, 23, '2020-01-27 11:38:07', '2020-01-27 11:38:07'),
(648, 1306, 81, 4, 'REEMPLAZA A FRANCO BERSANO', '2020-01-30', '2020-01-29', 14, 23, '2020-01-27 11:38:35', '2020-01-27 11:38:35'),
(649, 1304, 81, 4, 'REEMPLAZA A FRANCO BERSANO', '2020-01-31', '2020-01-31', 14, 23, '2020-01-27 11:38:57', '2020-01-27 11:38:57'),
(650, 1226, 70, 1, 'Buen día, José se retira por trámites personales.', '2020-01-27', '2020-01-27', 10, 12, '2020-01-27 13:09:22', '2020-01-27 13:09:22'),
(651, 1321, 96, 4, 'Turno médico', '2020-01-31', '2020-01-31', 0, 0, '2020-01-27 16:07:40', '2020-01-27 16:07:40'),
(652, 1282, 67, 4, 'Trámites personales. Cambia por Mario Martinez que va a venir de tarde.', '2020-01-28', '2020-01-28', 13, 22, '2020-01-27 18:04:52', '2020-01-27 18:04:52'),
(653, 1237, 1151, 5, 'Cambio de turno con Ariel Mor', '2020-01-28', '2020-01-28', 6, 15, '2020-01-27 19:50:10', '2020-01-27 19:50:10'),
(654, 1151, 89, 1, 'Acompaña a su padre a hacerse un estudio y llegará una hora mas tarde de su horario habitual de ingreso', '2020-01-29', '2020-01-29', 14, 15, '2020-01-27 19:52:37', '2020-01-27 19:52:37'),
(655, 1151, 89, 1, 'Acompaña a su padre a hacerse un estudio y llegará una hora mas tarde de su horario habitual de ingreso', '2020-01-29', '2020-01-29', 14, 15, '2020-01-27 19:52:42', '2020-01-27 19:52:42'),
(656, 1304, 81, 1, 'SALIDA PARA LLEVAR A LA MADRE AL MEDICO', '2020-01-28', '2020-01-28', 12, 15, '2020-01-28 15:30:30', '2020-01-28 15:30:30'),
(657, 1151, 70, 3, 'DARIO, SE TOMA VACACIONES', '2020-02-17', '2020-03-01', 14, 23, '2020-01-28 17:19:26', '2020-01-28 17:19:26'),
(658, 1234, 70, 3, 'Roxana se toma vacaciones, dos semanas.', '2020-02-17', '2020-03-01', 14, 23, '2020-01-28 17:20:18', '2020-01-28 17:20:18'),
(659, 1217, 1151, 5, 'Cambio de Turno, devuelve las hs restantes con hs extras.', '2020-01-13', '2020-01-13', 6, 11, '2020-01-28 18:09:02', '2020-01-28 18:09:02'),
(660, 1284, 1263, 4, 'elaboración turno de mañana.', '2020-01-29', '2020-01-29', 6, 15, '2020-01-28 23:31:21', '2020-01-28 23:31:21'),
(661, 43, 36, 7, 'Georgina no se toma el día de hoy por cumpleaños, porque tiene que cerrar algunas operaciones para fin de mes y por carta de crédito', '2020-01-29', '2020-01-29', 0, 0, '2020-01-29 14:31:03', '2020-01-29 14:31:03'),
(662, 43, 36, 7, 'Se tomará este día de común acuerdo.', '2020-01-10', '2020-02-10', 0, 0, '2020-01-29 15:26:57', '2020-01-29 15:26:57'),
(663, 1335, 1151, 5, 'Ingresa 1 hs mas temprano.', '2020-01-31', '2020-01-31', 13, 22, '2020-01-30 00:26:27', '2020-01-30 00:26:27'),
(664, 1271, 91, 4, 'Cambia de turno con Cristian Quiroz', '2020-01-31', '2020-01-31', 6, 15, '2020-01-30 11:10:04', '2020-01-30 11:10:04'),
(665, 1269, 91, 4, 'A pedido de Mariano Bonffantivo el cambia el turno.', '2020-01-31', '2020-01-31', 14, 23, '2020-01-30 11:10:43', '2020-01-30 11:10:43'),
(666, 1269, 91, 8, 'Se retira sin comer para realizarse la resonancia de la columna. El turno del  día 27/01/2020 se lo suspendieron justo cuando se estaba por retirar de planta por lo que no se fue.', '2020-01-30', '2020-01-30', 6, 14, '2020-01-30 11:12:26', '2020-01-30 11:12:26'),
(667, 64, 71, 1, 'LLEGA 10.30 AM. ESTUDIOS MÉDICOS EN SANTA FE.', '2020-02-03', '2020-02-03', 8, 17, '2020-01-30 15:50:57', '2020-01-30 15:50:57'),
(668, 1271, 1262, 8, 'No se toma el descanso y se retira alas 22.15 hs', '2020-01-30', '2020-01-30', 22, 23, '2020-01-30 18:43:26', '2020-01-30 18:43:26'),
(669, 1239, 1151, 4, 'Cambia de turno con un operario del turno mañana', '2020-01-30', '2020-01-30', 6, 15, '2020-01-31 01:03:26', '2020-01-31 01:03:26'),
(670, 1251, 1139, 4, 'NECESIDADES DEL SECTOR', '2020-01-31', '2020-01-31', 6, 15, '2020-01-31 09:37:29', '2020-01-31 09:37:29'),
(671, 1242, 1139, 4, 'NECESIDADES DEL SECTOR', '2020-01-30', '2020-01-30', 6, 15, '2020-01-31 09:38:08', '2020-01-31 09:38:08'),
(672, 1243, 1139, 4, 'NECESIDADES DEL SECTOR', '2020-01-29', '2020-01-29', 6, 15, '2020-01-31 09:38:37', '2020-01-31 09:38:37'),
(673, 63, 1139, 4, 'RAZONES PERSONALES', '2020-01-31', '2020-01-31', 14, 23, '2020-01-31 09:39:02', '2020-01-31 09:39:02'),
(674, 1207, 77, 1, 'tramite en el banco', '2020-01-31', '2020-01-31', 9, 18, '2020-01-31 11:31:59', '2020-01-31 11:31:59'),
(675, 1326, 96, 1, 'Obra social', '2020-01-31', '2020-01-31', 14, 15, '2020-01-31 11:43:33', '2020-01-31 11:43:33'),
(676, 1260, 64, 3, 'Dia de vacaciones', '2020-02-03', '2020-02-03', 8, 17, '2020-01-31 12:13:21', '2020-01-31 12:13:21'),
(677, 1276, 1263, 8, 'Compensa 2 horas extras realizadas el dia 30/01/20. Y no se toma el descanso para retirarse a las 19:15.', '2020-01-31', '2020-01-31', 19, 22, '2020-01-31 19:27:34', '2020-01-31 19:27:34'),
(678, 1277, 1263, 8, 'Compensa 2 horas extras realizadas los días 29 y 30 de enero 2020, y no se toma el descanso para retirarse a las 19:15.', '2020-01-31', '2020-01-31', 19, 22, '2020-01-31 19:29:10', '2020-01-31 19:29:10'),
(679, 1212, 36, 5, 'Los días 03 al 06 de febrero, claudia recuperar horas adeudadas del mes de diciembre.', '2020-02-03', '2020-02-06', 0, 0, '2020-02-03 10:50:44', '2020-02-03 10:50:44'),
(680, 70, 89, 3, '14 días vacaciones. Se reincopora el lunes 17/02.', '2020-02-03', '2020-02-16', 6, 15, '2020-02-03 11:54:36', '2020-02-03 11:54:36'),
(681, 1228, 89, 8, 'Solicitó retirarse sin almorzar 14:15hs por motivos personales.', '2020-02-03', '2020-02-03', 14, 15, '2020-02-03 12:10:35', '2020-02-03 12:10:35'),
(682, 91, 89, 3, 'Solicita un día de vacaciones', '2020-02-10', '2020-02-10', 6, 15, '2020-02-03 13:37:08', '2020-02-03 13:37:08'),
(683, 1237, 89, 7, 'Se toma día por cumpleaños', '2020-02-11', '2020-02-11', 6, 15, '2020-02-03 13:37:49', '2020-02-03 13:37:49'),
(684, 91, 89, 7, 'Se toma el día por su cumpleaños', '2020-02-11', '2020-02-11', 6, 15, '2020-02-03 13:47:42', '2020-02-03 13:47:42'),
(685, 87, 86, 4, 'Reemplaza a Eduardo Nuñez por licencia de vacaciones', '2020-02-04', '2020-02-07', 11, 20, '2020-02-03 14:53:43', '2020-02-03 14:53:43'),
(686, 67, 89, 1, 'Juan solicitó retirarse 14:15hs y sin almorzar dado que tiene turno al service del auto.', '2020-02-03', '2020-02-03', 14, 15, '2020-02-03 15:27:24', '2020-02-03 15:27:24'),
(687, 1304, 81, 6, 'CGP', '2020-02-06', '2020-02-06', 6, 15, '2020-02-04 12:26:15', '2020-02-04 12:26:15'),
(688, 1303, 81, 1, 'LLEGA A LAS 15HS, CUIDADO PADRE', '2020-02-04', '2020-02-04', 14, 15, '2020-02-04 15:58:54', '2020-02-04 15:58:54');
INSERT INTO `permisos` (`id`, `autorizado`, `autorizante`, `motivo`, `descripcion`, `fecha_desde`, `fecha_hasta`, `hora_desde`, `hora_hasta`, `created_at`, `updated_at`) VALUES
(689, 1284, 67, 4, 'Turno en médico.', '2020-02-05', '2020-02-05', 13, 22, '2020-02-04 16:45:59', '2020-02-04 16:45:59'),
(690, 1237, 1151, 3, 'Necesita un día de vacaciones para realizar tramites personales', '2020-02-07', '2020-02-07', 0, 0, '2020-02-04 17:01:56', '2020-02-04 17:01:56'),
(691, 1274, 91, 1, 'Solicita cambio de turno para realizar tramite personal.', '2020-02-05', '2020-02-05', 6, 15, '2020-02-04 17:35:16', '2020-02-04 17:35:16'),
(692, 1267, 91, 4, 'Le cambia el turno a Javier Ghibaudo.', '2020-02-05', '2020-02-05', 13, 22, '2020-02-04 17:36:33', '2020-02-04 17:36:33'),
(693, 1250, 1139, 4, 'RAZONES PERSONALES', '2020-02-05', '2020-02-05', 9, 18, '2020-02-05 11:30:44', '2020-02-05 11:30:44'),
(694, 1224, 89, 1, 'Se retira 14:15hs sin almorzar por temas personales', '2020-02-07', '2020-02-07', 14, 15, '2020-02-05 15:16:58', '2020-02-05 15:16:58'),
(695, 1224, 89, 7, 'El día de cumpleaños es el sábado, se lo toma el lunes 11/02', '2020-02-11', '2020-02-11', 6, 15, '2020-02-05 15:18:01', '2020-02-05 15:18:01'),
(696, 1224, 89, 7, 'Desestimar mail anterior. Dana se toma el lunes 10/02 el día de cumpleaños que es el sábado 08/02.', '2020-02-10', '2020-02-10', 6, 15, '2020-02-05 15:19:23', '2020-02-05 15:19:23'),
(697, 1303, 81, 1, 'CUIDADO DEL PADRE', '2020-02-05', '2020-02-05', 14, 15, '2020-02-05 16:44:24', '2020-02-05 16:44:24'),
(698, 1282, 1263, 4, 'Refuerzo sector turno de mañana (fraccionamiento)', '2020-02-06', '2020-02-06', 6, 15, '2020-02-05 17:46:45', '2020-02-05 17:46:45'),
(699, 64, 71, 1, 'Consulta médica. Llega alrededor de 10:30 AM', '2020-02-06', '2020-02-06', 8, 17, '2020-02-05 19:16:53', '2020-02-05 19:16:53'),
(700, 42, 43, 1, 'Trámite personal', '2020-02-06', '2020-02-06', 8, 9, '2020-02-05 20:01:00', '2020-02-05 20:01:00'),
(701, 1137, 36, 4, 'El día 05/02/2020 Jessica Bonus tuvo inconveniente con el transporte y no pudo venir. Se acordó que el 06/02/2020 realizaría jornada completa para compensar.', '2020-02-06', '2020-02-06', 0, 0, '2020-02-06 11:19:07', '2020-02-06 11:19:07'),
(702, 1207, 77, 1, 'tramite en el banco', '2020-02-07', '2020-02-07', 9, 18, '2020-02-06 12:14:26', '2020-02-06 12:14:26'),
(703, 1259, 77, 3, 'desde el 17/02/2020 hasta 01/03/2020 inclusive', '2020-02-17', '2020-02-01', 8, 17, '2020-02-06 12:52:47', '2020-02-06 12:52:47'),
(704, 1309, 81, 1, 'PERMISO DE EXAMEN FINAL', '2020-02-11', '2020-02-12', 8, 13, '2020-02-06 14:53:03', '2020-02-06 14:53:03'),
(705, 1284, 67, 4, 'Elaboración en turno mañana', '2020-02-07', '2020-02-07', 13, 22, '2020-02-06 16:02:33', '2020-02-06 16:02:33'),
(706, 1290, 67, 3, 'Periodo 2019', '2020-02-08', '2020-02-14', 6, 15, '2020-02-06 16:03:14', '2020-02-06 16:03:14'),
(707, 1282, 67, 7, 'ghgh', '2020-02-07', '2020-02-07', 13, 22, '2020-02-06 16:04:06', '2020-02-06 16:04:06'),
(708, 1282, 67, 3, 'Periodo 2019', '2020-02-08', '2020-02-14', 13, 22, '2020-02-06 16:04:30', '2020-02-06 16:04:30'),
(709, 67, 89, 1, 'Se retira sin almorzar', '2020-02-06', '2020-02-06', 14, 15, '2020-02-06 16:49:34', '2020-02-06 16:49:34'),
(710, 1237, 89, 7, 'Se toma el día por su cumpleaños', '2020-02-07', '2020-02-07', 6, 15, '2020-02-06 16:50:23', '2020-02-06 16:50:23'),
(711, 67, 89, 7, 'Desestimar el mail de Aguiar. El que se toma el día de cumpleaños es Juan Vigier', '2020-02-07', '2020-02-07', 6, 15, '2020-02-06 16:51:12', '2020-02-06 16:51:12'),
(712, 67, 89, 7, 'Desestimar el mail de Aguiar. El que se toma el día de cumpleaños es Juan Vigier', '2020-02-07', '2020-02-07', 6, 15, '2020-02-06 16:51:20', '2020-02-06 16:51:20'),
(713, 87, 86, 1, 'Se retira a las 19 hs, la hora la devuelve el lunes 10/02', '2020-02-06', '2020-02-06', 11, 19, '2020-02-06 16:53:19', '2020-02-06 16:53:19'),
(714, 1319, 96, 1, 'Adopción', '2020-02-07', '2020-02-07', 0, 0, '2020-02-06 17:02:55', '2020-02-06 17:02:55'),
(715, 1254, 86, 4, 'Por licencia de Eduardo Nuñez', '2020-02-10', '2020-02-14', 11, 20, '2020-02-06 19:43:21', '2020-02-06 19:43:21'),
(716, 1254, 86, 4, 'Por licencia de Eduardo Nuñez', '2020-02-10', '2020-02-14', 11, 20, '2020-02-06 19:43:25', '2020-02-06 19:43:25'),
(717, 44, 36, 7, 'Por acuerdo entre Pablo Esnaola y Emmanuel Melgarejo, se autoriza a tomarse el día de hoy correspondiente a cumpleaños. Se envió por correo elect´ronico comunicacióin también de Emmanuel Melgarejo.', '2020-02-07', '2020-02-07', 0, 0, '2020-02-07 11:34:27', '2020-02-07 11:34:27'),
(718, 1299, 75, 8, 'Se retira sin tomarse el descanso.', '2020-02-07', '2020-02-07', 14, 15, '2020-02-07 11:49:30', '2020-02-07 11:49:30'),
(719, 1298, 75, 1, 'Trámites personales, devuelve las horas el mismo día.', '2020-02-07', '2020-02-07', 12, 14, '2020-02-07 11:52:10', '2020-02-07 11:52:10'),
(720, 1269, 91, 1, 'Se retira para realizar tramite en el banco. Devuelve las horas en el día, se retira a las 16 hs.', '2020-02-07', '2020-02-07', 7, 9, '2020-02-07 12:43:40', '2020-02-07 12:43:40'),
(721, 1329, 96, 1, 'Obra social', '2020-02-07', '2020-02-07', 14, 15, '2020-02-07 13:38:47', '2020-02-07 13:38:47'),
(722, 1305, 81, 6, 'CGP', '2020-02-13', '2020-02-13', 6, 15, '2020-02-10 16:54:07', '2020-02-10 16:54:07'),
(723, 1153, 73, 3, 'Toma día de vacaciones', '2020-02-11', '2020-02-11', 0, 0, '2020-02-10 20:10:28', '2020-02-10 20:10:28'),
(724, 63, 1139, 4, 'RAZONES PERSONALES', '2020-02-11', '2020-02-11', 13, 22, '2020-02-11 10:00:55', '2020-02-11 10:00:55'),
(725, 43, 36, 3, 'Vacaciones pendientes', '2020-03-02', '2020-03-14', 0, 0, '2020-02-11 11:45:46', '2020-02-11 11:45:46'),
(726, 1259, 77, 1, 'tramite en el banco', '2020-02-12', '2020-02-12', 9, 18, '2020-02-11 19:17:13', '2020-02-11 19:17:13'),
(727, 1312, 61, 1, 'Cambio de horario. Viene de 11 a 20hs', '2020-02-14', '2020-02-14', 11, 20, '2020-02-11 19:54:09', '2020-02-11 19:54:09'),
(728, 1258, 85, 1, 'Turno con Anses. Horario de permiso aprox.  tramites sociales.', '2020-02-12', '2020-02-12', 7, 9, '2020-02-11 20:05:20', '2020-02-11 20:05:20'),
(729, 1222, 1151, 5, 'Ingresa 1 hs mas temprano', '2020-02-14', '2020-02-14', 13, 22, '2020-02-11 23:07:15', '2020-02-11 23:07:15'),
(730, 1235, 89, 1, 'No asistirá a su jornada laboral y se descontará de las horas extras realizadas.', '2020-02-17', '2020-02-17', 6, 15, '2020-02-12 12:03:16', '2020-02-12 12:03:16'),
(731, 1296, 75, 8, 'Se retira a las 14:15hs sin tomarse el descanso', '2020-02-12', '2020-02-12', 14, 15, '2020-02-12 12:37:55', '2020-02-12 12:37:55'),
(732, 1266, 91, 8, 'Se retira porque tiene turno al oftalmólogo a las 12:30 hs.', '2020-02-14', '2020-02-14', 6, 12, '2020-02-12 13:03:48', '2020-02-12 13:03:48'),
(733, 43, 36, 7, 'Debido a varias tareas importantes para finalizar durante la semana no se había podido tomar el día de cumpleaños.  Así que el próximo viernes 14/02 podrá hacerlo efectivo.', '2020-02-14', '2020-02-14', 0, 0, '2020-02-12 13:47:48', '2020-02-12 13:47:48'),
(734, 1265, 91, 8, 'Se retira sin almorzar .', '2020-02-12', '2020-02-12', 6, 14, '2020-02-12 13:49:25', '2020-02-12 13:49:25'),
(735, 1302, 81, 6, 'CGP', '2020-02-13', '2020-02-14', 8, 17, '2020-02-12 16:02:02', '2020-02-12 16:02:02'),
(736, 1302, 81, 6, 'CGP', '2020-02-13', '2020-02-14', 8, 17, '2020-02-12 16:02:04', '2020-02-12 16:02:04'),
(737, 1217, 1151, 4, 'Cambio de turno, necesita salir a las 11hs y las devuelve con extras.', '2020-02-13', '2020-02-13', 6, 11, '2020-02-12 17:22:27', '2020-02-12 17:22:27'),
(738, 60, 58, 1, 'Solicitud de 2 horas a recuperar del siguiente modo:\r\nMismo día:  recupero de 1 hora de 7:00 a 8:00\r\nLa recuperación de la hora restante a convenir la semana que viene', '2020-02-13', '2020-02-13', 15, 17, '2020-02-12 18:22:35', '2020-02-12 18:22:35'),
(739, 1260, 64, 3, 'Vacaciones', '2020-02-17', '2020-02-21', 0, 0, '2020-02-12 18:28:11', '2020-02-12 18:28:11'),
(740, 1248, 1139, 4, 'RAZONES PERSONALES', '2020-02-13', '2020-02-13', 12, 21, '2020-02-12 19:23:37', '2020-02-12 19:23:37'),
(741, 1247, 1139, 4, 'RAZONES PERSONALES', '2020-02-17', '2020-02-17', 9, 18, '2020-02-12 19:24:06', '2020-02-12 19:24:06'),
(742, 1270, 91, 7, 'Se toma el día de cumpleaños.', '2020-02-14', '2020-02-14', 6, 15, '2020-02-13 11:52:50', '2020-02-13 11:52:50'),
(743, 1332, 68, 3, 'Vacaciones 2019', '2020-02-17', '2020-03-02', 8, 17, '2020-02-13 16:52:07', '2020-02-13 16:52:07'),
(744, 1332, 68, 1, 'Cambio de horario de 07 a 16 hs', '2020-02-14', '2020-02-14', 8, 17, '2020-02-13 16:53:53', '2020-02-13 16:53:53'),
(745, 1274, 91, 7, 'Se toma el día de cumpleaños.', '2020-02-18', '2020-02-18', 14, 23, '2020-02-13 17:39:32', '2020-02-13 17:39:32'),
(746, 1264, 91, 7, 'Se toma día de cumpleaños', '2020-02-21', '2020-02-21', 15, 0, '2020-02-13 17:40:05', '2020-02-13 17:40:05'),
(747, 1307, 81, 4, 'cambio de turno', '2020-02-13', '2020-02-13', 6, 15, '2020-02-13 18:06:12', '2020-02-13 18:06:12'),
(748, 1308, 81, 4, 'cambio de turno', '2020-02-13', '2020-02-13', 6, 15, '2020-02-13 18:07:21', '2020-02-13 18:07:21'),
(749, 1295, 75, 8, 'Se retira 14:15hs sin tomarse descanso.', '2020-02-14', '2020-02-14', 14, 15, '2020-02-14 10:05:35', '2020-02-14 10:05:35'),
(750, 1264, 91, 4, 'Se requiere en este horario.', '2020-02-14', '2020-02-14', 14, 23, '2020-02-14 10:45:02', '2020-02-14 10:45:02'),
(751, 1295, 75, 3, 'Se autoriza 1(un) día de vacaciones.', '2020-02-17', '2020-02-18', 0, 0, '2020-02-14 12:00:52', '2020-02-14 12:00:52'),
(752, 1316, 69, 4, 'Ingresa 13;00 hs', '2020-02-17', '2020-02-17', 13, 22, '2020-02-14 16:50:34', '2020-02-14 16:50:34'),
(753, 1276, 1263, 8, 'Compensa una hora extra realizada el día 29/01/20 y no se toma el descanso para retirarse a las 20:15', '2020-02-14', '2020-02-14', 20, 22, '2020-02-14 22:50:10', '2020-02-14 22:50:10'),
(754, 1277, 1263, 3, 'Periodo 2019', '2020-02-17', '2020-02-23', 13, 22, '2020-02-14 22:56:39', '2020-02-14 22:56:39'),
(755, 1277, 1263, 8, 'No se toma el descanso para retirarse a las 21:15', '2020-02-14', '2020-02-14', 21, 22, '2020-02-14 23:54:21', '2020-02-14 23:54:21'),
(756, 1279, 1263, 8, 'No se toma el descanso para retirarse a las 21:15', '2020-02-14', '2020-02-14', 21, 22, '2020-02-14 23:54:59', '2020-02-14 23:54:59'),
(757, 1291, 67, 3, 'Periodo 2019', '2020-02-17', '2020-02-23', 6, 15, '2020-02-17 09:37:49', '2020-02-17 09:37:49'),
(758, 1291, 67, 7, 'Se toma el día de su cumpleaños y un día pendiente correspondiente al 21/09/19.', '2020-02-26', '2020-02-27', 6, 15, '2020-02-17 09:39:37', '2020-02-17 09:39:37'),
(759, 1255, 86, 4, 'Adelanta el horario por vacaciones de Carlos Martinez', '2020-02-17', '2020-02-28', 11, 20, '2020-02-17 12:58:47', '2020-02-17 12:58:47'),
(760, 1229, 70, 3, 'Buen día, Graciela se toma el 18/02/2020 el día pendiente que tiene de vacaciones. ( día de sanidad)', '2020-02-18', '2020-02-18', 6, 15, '2020-02-17 13:53:41', '2020-02-17 13:53:41'),
(761, 1263, 67, 1, 'Se retira una hora antes a descontar de las hs extra ya realizadas', '2020-02-17', '2020-02-17', 21, 22, '2020-02-17 17:59:03', '2020-02-17 17:59:03'),
(762, 42, 36, 7, 'Por cumpleaños', '2020-04-13', '2020-04-13', 0, 0, '2020-02-17 18:18:36', '2020-02-17 18:18:36'),
(763, 42, 36, 3, 'Vacaciones', '2020-03-23', '2020-04-06', 0, 0, '2020-02-17 18:19:05', '2020-02-17 18:19:05'),
(764, 1313, 78, 4, 'Solicita cambio de turno por viaje (vacaciones)\r\nHorario habitual: 14:00- 23:00 cambia a \r\nHorario de cambio: 06:00-15:00', '2020-02-21', '2020-02-21', 0, 0, '2020-02-17 18:24:07', '2020-02-17 18:24:07'),
(765, 1302, 81, 4, 'CUBRE TURNO TARDE', '2020-02-18', '2020-02-18', 14, 23, '2020-02-17 18:36:39', '2020-02-17 18:36:39'),
(766, 1308, 81, 4, 'CUBRE TURNO TARDE', '2020-02-19', '2020-02-19', 14, 23, '2020-02-17 18:37:00', '2020-02-17 18:37:00'),
(767, 1305, 81, 4, 'CUBRE TURNO TARDE', '2020-02-20', '2020-02-20', 14, 23, '2020-02-17 18:37:26', '2020-02-17 18:37:26'),
(768, 1262, 91, 1, 'Ingresa a las 17 hs porque tiene turno para resonancia a las 15:30 hs. Las horas a recuperar se descuentan de las horas extras.', '2020-02-18', '2020-02-18', 17, 23, '2020-02-18 09:31:54', '2020-02-18 09:31:54'),
(769, 89, 71, 3, 'Toma un día de vacaciones para trámite en Registro Automotor', '2020-02-21', '2020-02-21', 8, 17, '2020-02-18 11:05:50', '2020-02-18 11:05:50'),
(770, 43, 36, 5, 'Se retira a las 13.40 para asistir a curso en Santa Fé Lugar de dictado del curso Auditorio Banco Voii - San Martín 1982 - Cacesfe -Santa Fe. - Autorizado por al Sra. Norma Neif.', '2020-02-18', '2020-02-18', 0, 0, '2020-02-18 16:41:37', '2020-02-18 16:41:37'),
(771, 1267, 91, 4, 'Se lo requiere en el horario de 07 a 16hs.', '2020-02-18', '2020-02-18', 7, 16, '2020-02-18 18:08:44', '2020-02-18 18:08:44'),
(772, 1267, 91, 4, 'Se lo requiere en el horario de 07 a 16hs.', '2020-02-19', '2020-02-19', 7, 16, '2020-02-18 18:09:31', '2020-02-18 18:09:31'),
(773, 1267, 91, 4, 'Se lo requiere en el horario de 07 a 16hs.', '2020-02-20', '2020-02-20', 7, 16, '2020-02-18 18:09:55', '2020-02-18 18:09:55'),
(774, 1256, 85, 7, 'Cumpleaños sábado  22/02/20 se toma miércoles 26/02/20', '2020-02-26', '2020-02-26', 7, 16, '2020-02-18 19:09:05', '2020-02-18 19:09:05'),
(775, 1307, 81, 3, '1 día de vacaciones', '2020-02-19', '2020-02-19', 8, 17, '2020-02-19 12:18:56', '2020-02-19 12:18:56'),
(776, 60, 55, 1, 'REQUIERE PERMISO PARA IR AL MEDICO   DESDE LAS  15.30 HS', '2020-02-20', '2020-02-20', 15, 17, '2020-02-19 15:18:51', '2020-02-19 15:18:51'),
(777, 69, 89, 1, 'Ingresará 6 hs hasta las 14:15hs y se retirará sin almorzar', '2020-02-20', '2020-02-20', 15, 16, '2020-02-19 15:31:15', '2020-02-19 15:31:15'),
(778, 59, 55, 1, 'medico por la hija', '2020-02-19', '2020-02-19', 15, 17, '2020-02-19 18:57:33', '2020-02-19 18:57:33'),
(779, 39, 36, 3, 'Autorizado para tomar vacaciones en la fecha indicada.', '2020-04-06', '2020-04-20', 0, 0, '2020-02-19 19:17:59', '2020-02-19 19:17:59'),
(780, 1137, 36, 3, 'Autorizada a tomarse esos tres días de vacaciones.', '2020-02-26', '2020-02-28', 0, 0, '2020-02-20 11:20:37', '2020-02-20 11:20:37'),
(781, 1207, 77, 1, 'turno medico', '2020-02-21', '2020-02-21', 6, 15, '2020-02-20 15:15:11', '2020-02-20 15:15:11'),
(782, 76, 77, 3, 'vacaciones desde el lunes 09/03/2020 hasta el 22/03/2020 inclusive', '2020-03-09', '2020-03-22', 8, 17, '2020-02-20 15:17:34', '2020-02-20 15:17:34'),
(783, 1317, 69, 4, 'N/A', '2020-02-21', '2020-02-21', 6, 15, '2020-02-20 15:37:42', '2020-02-20 15:37:42'),
(784, 1315, 69, 4, 'Cambia de turno con Julían Sione', '2020-02-21', '2020-02-21', 6, 15, '2020-02-20 17:18:30', '2020-02-20 17:18:30'),
(785, 1219, 70, 1, 'Gabriela Medina cambia de turno el día de mañana, y se retira a las 13:30 hs., por tramites personales.', '2020-02-21', '2020-02-21', 6, 13, '2020-02-20 17:36:26', '2020-02-20 17:36:26'),
(786, 1284, 67, 4, 'Turno en medico', '2020-02-21', '2020-02-21', 6, 15, '2020-02-20 17:48:07', '2020-02-20 17:48:07'),
(787, 1271, 1262, 8, 'Se retira sin tomar el descanso.', '2020-02-20', '2020-02-20', 22, 23, '2020-02-21 01:34:03', '2020-02-21 01:34:03'),
(788, 1230, 70, 1, 'Juan Pablo se retira 14:15, por tramites personales.', '2020-02-21', '2020-02-21', 14, 15, '2020-02-21 10:21:17', '2020-02-21 10:21:17'),
(789, 1228, 70, 3, 'Leonardo se toma 1 día de vacaciones.', '2020-02-26', '2020-02-26', 6, 15, '2020-02-21 10:24:35', '2020-02-21 10:24:35'),
(790, 1228, 70, 8, 'Se retira a las 12:00 hs. por tramites personales.', '2020-02-21', '2020-02-21', 12, 14, '2020-02-21 10:25:20', '2020-02-21 10:25:20'),
(791, 92, 94, 1, 'el 02/03 ingresara a las 9am y se retirara a las 16hs, tomando las horas de 7 a 9am para descontar de las horas ya adelantadas.', '2020-03-02', '2020-03-02', 7, 9, '2020-02-21 11:09:41', '2020-02-21 11:09:41'),
(792, 64, 55, 3, 'xx', '2020-02-26', '2020-02-28', 8, 0, '2020-02-21 11:53:32', '2020-02-21 11:53:32'),
(793, 1265, 91, 3, 'Se tomará un día de vacaciones.', '2020-03-02', '2020-03-02', 6, 15, '2020-02-21 16:02:34', '2020-02-21 16:02:34'),
(794, 1271, 91, 3, 'El sector de planificación determinó que durante la semana del 24 al 28/02/2020 el sector tome una semana de vacaciones.', '2020-02-26', '2020-02-28', 0, 0, '2020-02-21 16:14:41', '2020-02-21 16:14:41'),
(795, 1272, 91, 3, 'El sector de planificación determinó que durante la semana del 24 al 28/02/2020 el sector tome una semana de vacaciones.', '2020-02-24', '2020-02-27', 0, 0, '2020-02-21 16:14:59', '2020-02-21 16:14:59'),
(796, 1273, 91, 3, 'El sector de planificación determinó que durante la semana del 24 al 28/02/2020 el sector tome una semana de vacaciones.', '2020-02-24', '2020-02-28', 0, 0, '2020-02-21 16:15:21', '2020-02-21 16:15:21'),
(797, 1265, 91, 3, 'El sector de planificación determinó que durante la semana del 24 al 28/02/2020 el sector tome una semana de vacaciones.', '2020-02-24', '2020-02-28', 0, 0, '2020-02-21 16:15:41', '2020-02-21 16:15:41'),
(798, 1274, 91, 3, 'El sector de planificación determinó que durante la semana del 24 al 28/02/2020 el sector tome una semana de vacaciones.', '2020-02-24', '2020-02-28', 0, 0, '2020-02-21 16:15:55', '2020-02-21 16:15:55'),
(799, 1274, 91, 3, 'El sector de planificación determinó que durante la semana del 24 al 28/02/2020 el sector tome una semana de vacaciones.', '2020-02-24', '2020-02-28', 0, 0, '2020-02-21 16:15:57', '2020-02-21 16:15:57'),
(800, 1266, 91, 3, 'El sector de planificación determinó que durante la semana del 24 al 28/02/2020 el sector tome una semana de vacaciones.', '2020-02-24', '2020-02-28', 0, 0, '2020-02-21 16:16:18', '2020-02-21 16:16:18'),
(801, 1267, 91, 3, 'El sector de planificación determinó que durante la semana del 24 al 28/02/2020 el sector tome una semana de vacaciones.', '2020-02-24', '2020-02-28', 0, 0, '2020-02-21 16:16:35', '2020-02-21 16:16:35'),
(802, 1268, 91, 3, 'El sector de planificación determinó que durante la semana del 24 al 28/02/2020 el sector tome una semana de vacaciones.', '2020-02-24', '2020-02-28', 0, 0, '2020-02-21 16:16:50', '2020-02-21 16:16:50'),
(803, 1269, 91, 3, 'El sector de planificación determinó que durante la semana del 24 al 28/02/2020 el sector tome una semana de vacaciones. Se le suma la semana asignada con anterioridad.', '2020-02-24', '2020-03-08', 0, 0, '2020-02-21 16:17:39', '2020-02-21 16:17:39'),
(804, 1264, 91, 3, 'El sector de planificación determinó que durante la semana del 24 al 28/02/2020 el sector tome una semana de vacaciones.', '2020-02-24', '2020-02-28', 0, 0, '2020-02-21 16:17:56', '2020-02-21 16:17:56'),
(805, 1275, 91, 3, 'El sector de planificación determinó que durante la semana del 24 al 28/02/2020 el sector tome una semana de vacaciones.', '2020-02-24', '2020-02-28', 0, 0, '2020-02-21 16:18:11', '2020-02-21 16:18:11'),
(806, 1270, 91, 3, 'El sector de planificación determinó que durante la semana del 24 al 28/02/2020 el sector tome una semana de vacaciones.', '2020-02-24', '2020-02-28', 0, 0, '2020-02-21 16:18:26', '2020-02-21 16:18:26'),
(807, 1262, 91, 3, 'El sector de planificación determinó que durante la semana del 24 al 28/02/2020 el sector tome una semana de vacaciones.', '2020-02-24', '2020-02-28', 0, 0, '2020-02-21 16:18:42', '2020-02-21 16:18:42'),
(808, 1328, 96, 1, 'Consulta médica', '2020-02-21', '2020-02-21', 14, 15, '2020-02-21 17:19:33', '2020-02-21 17:19:33'),
(809, 1274, 91, 3, 'Se toma  la semana de vacaciones determinada con anterioridad.', '2020-03-02', '2020-03-08', 0, 0, '2020-02-21 17:55:17', '2020-02-21 17:55:17'),
(810, 1323, 96, 1, 'Viaje', '2020-02-21', '2020-02-21', 21, 22, '2020-02-21 17:57:04', '2020-02-21 17:57:04'),
(811, 1284, 67, 3, 'Periodo 2019', '2020-02-26', '2020-02-28', 13, 22, '2020-02-21 18:07:47', '2020-02-21 18:07:47'),
(812, 1286, 67, 3, 'Periodo 2019', '2020-02-26', '2020-02-28', 6, 15, '2020-02-21 18:08:15', '2020-02-21 18:08:15'),
(813, 1263, 67, 8, 'A descontar de la hs extras ya realizadas', '2020-02-21', '2020-02-21', 21, 22, '2020-02-21 18:22:01', '2020-02-21 18:22:01'),
(814, 1276, 1263, 8, 'Compensa una hora extra realizada el día 20/02, No se toma el descanso para retirarse a las 20:15', '2020-02-21', '2020-02-21', 20, 22, '2020-02-21 19:15:55', '2020-02-21 19:15:55'),
(815, 1282, 1263, 8, 'Compensa 3 horas extras realizadas los días 18 y 20/02, NO se toma el descanso para retirarse a las 18:15', '2020-02-21', '2020-02-21', 18, 22, '2020-02-21 19:18:07', '2020-02-21 19:18:07'),
(816, 1281, 1263, 8, 'Compensa 3 horas extras realizadas los días 18 y 20/02, NO se toma el descanso para retirarse a las 18:15', '2020-02-21', '2020-02-21', 18, 22, '2020-02-21 19:19:18', '2020-02-21 19:19:18'),
(817, 72, 73, 3, 'N/A', '2020-03-23', '2020-04-05', 0, 0, '2020-02-26 13:10:48', '2020-02-26 13:10:48'),
(818, 1152, 73, 3, 'N/A', '2020-04-13', '2020-04-26', 0, 0, '2020-02-26 13:11:21', '2020-02-26 13:11:21'),
(819, 1240, 89, 3, 'Una semana de vacaciones', '2020-03-02', '2020-03-08', 6, 15, '2020-02-26 14:55:08', '2020-02-26 14:55:08'),
(820, 1221, 89, 3, 'Una semana de vacaciones', '2020-03-02', '2020-03-08', 14, 23, '2020-02-26 14:56:01', '2020-02-26 14:56:01'),
(821, 1227, 89, 3, 'Una semana de vacaciones', '2020-03-23', '2020-03-29', 6, 15, '2020-02-26 14:56:54', '2020-02-26 14:56:54'),
(822, 1223, 89, 3, 'Una semana de vacaciones', '2020-03-23', '2020-03-29', 14, 23, '2020-02-26 14:57:39', '2020-02-26 14:57:39'),
(823, 1217, 89, 3, 'Una semana de vacaciones', '2020-04-06', '2020-04-12', 14, 23, '2020-02-26 14:59:09', '2020-02-26 14:59:09'),
(824, 1335, 89, 3, 'Una semana de vacaciones', '2020-04-13', '2020-04-26', 14, 23, '2020-02-26 14:59:57', '2020-02-26 14:59:57'),
(825, 1233, 89, 3, 'Una semana de vacaciones. Le queda una semana a favor que la tomará mas adelante y serán compensadas con horas extras trabajadas', '2020-04-03', '2020-04-09', 6, 15, '2020-02-26 15:03:09', '2020-02-26 15:03:09'),
(826, 1230, 89, 3, 'Una semana de vacaciones', '2020-05-18', '2020-05-24', 6, 15, '2020-02-26 15:05:17', '2020-02-26 15:05:17'),
(827, 1224, 89, 3, 'Una semana de vacaciones', '2020-06-15', '2020-06-21', 6, 15, '2020-02-26 15:05:58', '2020-02-26 15:05:58'),
(828, 1232, 89, 3, 'Una semana de vacaciones. Le quedan 3 días a favor que se los tomará mas adelante por compensación de horas extras', '2020-07-06', '2020-07-08', 6, 15, '2020-02-26 15:07:22', '2020-02-26 15:07:22'),
(829, 1235, 89, 3, 'Una semana de vacaciones', '2020-07-13', '2020-07-24', 6, 15, '2020-02-26 15:08:11', '2020-02-26 15:08:11'),
(830, 1226, 89, 3, 'Una semana de vacaciones', '2020-07-13', '2020-07-24', 6, 15, '2020-02-26 15:08:49', '2020-02-26 15:08:49'),
(831, 1237, 89, 3, 'Una semana de vacaciones', '2020-07-13', '2020-09-17', 14, 23, '2020-02-26 15:11:16', '2020-02-26 15:11:16'),
(832, 1295, 75, 8, 'Se retira sin tomarse el descanso.', '2020-02-27', '2020-02-27', 14, 15, '2020-02-26 17:34:56', '2020-02-26 17:34:56'),
(833, 1305, 81, 4, 'Cambio a TURNO Mañana', '2020-02-27', '2020-02-27', 6, 15, '2020-02-26 18:47:58', '2020-02-26 18:47:58'),
(834, 1305, 81, 6, 'CGP', '2020-02-28', '2020-02-28', 8, 17, '2020-02-26 18:48:19', '2020-02-26 18:48:19'),
(835, 69, 89, 3, 'Se toma dos semanas de vacaciones. En caso que Julian Sione solicite licencia por partenidad de forma urgente Marcelo Enrique estaría dispuesto a interrumpir las vacaciones a partir del jueves 12/03.', '2020-03-02', '2020-03-15', 7, 16, '2020-02-27 15:42:53', '2020-02-27 15:42:53'),
(836, 1255, 86, 1, 'Entra una hora después del horario habitual, devuelve martes 03/02  o jueves 05/02', '2020-03-02', '2020-03-02', 14, 22, '2020-02-27 16:59:08', '2020-02-27 16:59:08'),
(837, 1302, 81, 6, 'cgp', '2020-03-06', '2020-03-06', 8, 17, '2020-02-27 17:03:16', '2020-02-27 17:03:16'),
(838, 1307, 81, 3, 'DIA DE VACACIONES', '2020-03-03', '2020-03-03', 8, 17, '2020-02-27 19:09:05', '2020-02-27 19:09:05'),
(839, 1295, 75, 1, 'Se retira por problemas familiares.', '2020-02-28', '2020-02-28', 7, 15, '2020-02-28 11:58:06', '2020-02-28 11:58:06'),
(840, 1251, 1139, 4, 'NECESIDADES DEL SECTOR', '2020-02-28', '2020-02-28', 13, 23, '2020-02-28 13:00:50', '2020-02-28 13:00:50'),
(841, 1189, 45, 1, 'ACTO INICIO DE CICLO LECTIVO DE LA HIJA.', '2020-03-02', '2020-03-02', 8, 9, '2020-02-28 16:14:51', '2020-02-28 16:14:51'),
(842, 1315, 69, 3, 'Se toma 1 (un) día de vacaciones correspondiente al 31/12/2019', '2020-03-02', '2020-03-02', 13, 22, '2020-02-28 16:36:02', '2020-02-28 16:36:02'),
(843, 1241, 61, 1, 'Se pide un día de vacaciones', '2020-03-02', '2020-03-02', 7, 16, '2020-02-28 18:24:06', '2020-02-28 18:24:06'),
(844, 1295, 75, 3, 'Se autoriza un día de vacaciones.', '2020-03-02', '2020-03-03', 0, 0, '2020-02-28 19:07:26', '2020-02-28 19:07:26'),
(845, 1278, 1263, 8, 'Compensa una hora extra realizada el día 10/02/20, y NO se toma el descanso para retirarse a las 20:15', '2020-02-28', '2020-02-28', 20, 22, '2020-02-28 22:50:33', '2020-02-28 22:50:33'),
(846, 1296, 75, 3, 'Se autoriza un día de vacaciones.', '2020-03-02', '2020-03-03', 0, 0, '2020-03-02 09:44:08', '2020-03-02 09:44:08'),
(847, 1300, 75, 4, 'ingresa de mañana para reemplazo de Perazzo', '2020-03-02', '2020-03-02', 6, 15, '2020-03-02 10:39:40', '2020-03-02 10:39:40'),
(848, 1310, 78, 1, 'Ingresa 06:00 y se retira 13:10 hs sin la hora de descanso. Devuelve hora el miércoles 04/03.\r\n\r\nMotivo: Comienzo jardín de infantes del hijo.', '2020-03-03', '2020-03-03', 13, 15, '2020-03-02 13:56:43', '2020-03-02 13:56:43'),
(849, 1305, 81, 1, 'NACIMIENTO', '2020-03-16', '2020-03-18', 8, 17, '2020-03-02 14:34:36', '2020-03-02 14:34:36'),
(850, 1305, 81, 3, 'VACACIONES', '2020-03-19', '2020-04-19', 8, 17, '2020-03-02 14:35:24', '2020-03-02 14:35:24'),
(851, 39, 36, 1, 'Se autoriza a llegar entre las 9.30 y 10.00 horas, pues debe realizar un trámite personal.', '2020-03-03', '2020-03-03', 8, 10, '2020-03-02 19:33:21', '2020-03-02 19:33:21'),
(852, 1333, 67, 8, 'Asuntos personales. Hora extra a devolver al día siguiente sin falta', '2020-03-03', '2020-03-03', 14, 15, '2020-03-03 14:26:24', '2020-03-03 14:26:24'),
(853, 1298, 75, 4, 'Ingresa de 8 a 17hs.', '2020-03-04', '2020-03-04', 8, 17, '2020-03-03 15:51:03', '2020-03-03 15:51:03'),
(854, 1271, 91, 1, 'Posiblemente ingrese mas tarde porque tiene turno para endoscopia a las 12 hs.', '2020-03-05', '2020-03-05', 15, 23, '2020-03-03 18:49:29', '2020-03-03 18:49:29'),
(855, 90, 57, 8, 'periodo 2019', '2020-03-25', '2020-04-05', 0, 0, '2020-03-03 19:02:15', '2020-03-03 19:02:15'),
(856, 90, 57, 3, 'periodo 2019', '2020-03-25', '2020-04-05', 0, 0, '2020-03-03 19:03:05', '2020-03-03 19:03:05'),
(857, 1307, 81, 1, 'CAMBIO DE TURNO A PEDIDO DE JORGE POR WHATSAPP', '2020-03-04', '2020-03-04', 12, 21, '2020-03-03 19:52:15', '2020-03-03 19:52:15'),
(858, 1217, 1151, 7, 'Dia de Cumpleaños', '2020-03-04', '2020-03-04', 0, 0, '2020-03-03 20:52:51', '2020-03-03 20:52:51'),
(859, 1278, 1263, 7, 'Licencia por ser su cumpleaños', '2020-03-04', '2020-03-04', 13, 22, '2020-03-03 22:06:38', '2020-03-03 22:06:38'),
(860, 1293, 75, 3, 'Se autoriza un día de vacaciones.', '2020-03-04', '2020-03-04', 0, 0, '2020-03-04 09:59:18', '2020-03-04 09:59:18'),
(861, 1305, 81, 4, 'CAMBIO DE TURNO A PEDIDO DE ADRIAN POR MOTIVOS PERSONALES', '2020-03-04', '2020-03-04', 7, 16, '2020-03-04 12:27:43', '2020-03-04 12:27:43'),
(862, 1305, 81, 6, 'CGP', '2020-03-06', '2020-03-06', 8, 17, '2020-03-04 12:29:43', '2020-03-04 12:29:43'),
(863, 1153, 73, 1, 'Debe presentarse en tribunales. Trae constancia de la citación y certificado de presencia cuando llegue.-', '2020-03-05', '2020-03-05', 8, 10, '2020-03-04 16:14:08', '2020-03-04 16:14:08'),
(864, 1153, 73, 1, 'Debe presentarse en tribunales. Trae constancia de la citación y certificado de presencia cuando llegue.-', '2020-03-05', '2020-03-05', 8, 10, '2020-03-04 16:14:10', '2020-03-04 16:14:10'),
(865, 68, 73, 3, 'N/A', '2020-02-13', '2020-03-13', 0, 0, '2020-03-04 16:53:28', '2020-03-04 16:53:28'),
(866, 1295, 75, 3, 'Se autoriza un día de vacaciones.', '2020-03-05', '2020-03-05', 0, 0, '2020-03-04 16:57:39', '2020-03-04 16:57:39'),
(867, 1292, 75, 5, 'Cambio de turno con Soñez Gonzalo( 6 a 15hs)', '2020-03-06', '2020-03-06', 13, 22, '2020-03-04 16:59:48', '2020-03-04 16:59:48'),
(868, 92, 94, 1, 'Compensa las horas con horas extra ya ralizadas', '2020-03-05', '2020-03-05', 7, 9, '2020-03-04 18:17:37', '2020-03-04 18:17:37'),
(869, 60, 58, 1, '1 hora a recuperar el mismo día de 7:00 a 8:00 hs.', '2020-03-06', '2020-03-06', 16, 17, '2020-03-04 18:25:18', '2020-03-04 18:25:18'),
(870, 1284, 1263, 4, 'Elaboración turno de mañana', '2020-03-05', '2020-03-05', 6, 15, '2020-03-05 01:09:39', '2020-03-05 01:09:39'),
(871, 1334, 70, 1, 'Schenfel se retira x una hs. por tramites personales', '2020-03-05', '2020-03-05', 11, 12, '2020-03-05 12:45:58', '2020-03-05 12:45:58'),
(872, 1241, 61, 1, 'Horario reducido por adaptación de hija al jardín. Recupera las horas el sábado 7.', '2020-03-03', '2020-03-06', 6, 12, '2020-03-05 13:09:19', '2020-03-05 13:09:19'),
(873, 1258, 1134, 1, 'Asuntos familiares.', '2020-03-05', '2020-03-05', 7, 8, '2020-03-05 13:10:23', '2020-03-05 13:10:23'),
(874, 1256, 1134, 3, 'Solicito 1 dia de vacaciones pendientes del año 2019.', '2020-03-06', '2020-03-06', 0, 0, '2020-03-05 13:22:02', '2020-03-05 13:22:02'),
(875, 1315, 89, 4, 'Cambia el turno a 06-15hs', '2020-03-06', '2020-03-06', 13, 22, '2020-03-05 15:40:43', '2020-03-05 15:40:43'),
(876, 1228, 70, 1, 'Leo se retira a las 14 hs. por tramites personales.', '2020-03-05', '2020-03-05', 14, 15, '2020-03-05 15:54:33', '2020-03-05 15:54:33'),
(877, 1294, 75, 3, 'Se autorizan dos dias de vacaciones.', '2020-03-06', '2020-03-09', 0, 0, '2020-03-05 17:08:41', '2020-03-05 17:08:41'),
(878, 1297, 75, 3, 'Se autorizan dos dias de vacaciones.', '2020-03-06', '2020-03-09', 0, 0, '2020-03-05 17:10:34', '2020-03-05 17:10:34'),
(879, 1254, 86, 7, 'traslada el dia de cumpleaños', '2020-03-13', '2020-03-13', 0, 0, '2020-03-05 17:53:15', '2020-03-05 17:53:15'),
(880, 1284, 67, 4, 'Elaboración en el turno mañana.', '2020-03-06', '2020-03-06', 6, 15, '2020-03-05 18:07:08', '2020-03-05 18:07:08'),
(881, 1255, 86, 4, 'Cambia horarios con Carlos Martinez', '2020-03-06', '2020-03-06', 8, 17, '2020-03-05 18:42:03', '2020-03-05 18:42:03'),
(882, 1289, 67, 1, 'Se retira a las 7:30 hs para hacer trámites bancarios. Hs a devolver o a descontar de vacaciones', '2020-03-06', '2020-03-06', 8, 10, '2020-03-06 10:28:34', '2020-03-06 10:28:34'),
(883, 1297, 75, 7, 'Cumpleaños.', '2020-03-09', '2020-03-09', 0, 0, '2020-03-06 11:55:12', '2020-03-06 11:55:12'),
(884, 1258, 1134, 1, 'Solicito entar mas tarde por motivos familiares, recupera la hora el dia martes.', '2020-03-06', '2020-03-06', 7, 8, '2020-03-06 14:56:19', '2020-03-06 14:56:19'),
(885, 1333, 67, 5, 'Cambio de horario para adelantar la Producción', '2020-03-09', '2020-03-09', 5, 14, '2020-03-06 18:11:19', '2020-03-06 18:11:19'),
(886, 1280, 67, 1, 'Dias por mudanza', '2020-03-09', '2020-03-10', 13, 22, '2020-03-06 18:11:56', '2020-03-06 18:11:56'),
(887, 1284, 67, 4, 'Turno en médico', '2020-03-09', '2020-03-09', 6, 15, '2020-03-06 18:12:30', '2020-03-06 18:12:30'),
(888, 1273, 91, 4, 'Pide cambio de turno para tramite personal .', '2020-03-10', '2020-03-10', 6, 15, '2020-03-06 18:29:14', '2020-03-06 18:29:14'),
(889, 1270, 91, 4, 'Le cambia el turno a Maximiliano Escobar.', '2020-03-10', '2020-03-10', 14, 23, '2020-03-06 18:30:11', '2020-03-06 18:30:11'),
(890, 1303, 81, 6, 'CGP', '2020-03-19', '2020-03-19', 14, 23, '2020-03-06 18:51:56', '2020-03-06 18:51:56'),
(891, 1276, 1263, 8, 'Compensa una hora extra realizada el día 03/03/20 y No se toma el descanso para retirarse a las 20:15 Hs.', '2020-03-06', '2020-03-06', 20, 22, '2020-03-06 22:54:19', '2020-03-06 22:54:19'),
(892, 1307, 81, 3, 'solicitud de vacaciones realizada el dia domingo por wp', '2020-03-10', '2020-03-09', 8, 17, '2020-03-09 11:29:16', '2020-03-09 11:29:16'),
(893, 87, 86, 4, 'Cambia horario con Eduardo Nuñez', '2020-03-10', '2020-03-10', 13, 22, '2020-03-09 18:35:03', '2020-03-09 18:35:03'),
(894, 19, 26, 1, 'Se toma el día para defensa de tesis.', '2020-03-13', '2020-03-13', 8, 17, '2020-03-09 20:00:42', '2020-03-09 20:00:42'),
(895, 1292, 75, 3, 'Se autoriza un día de vacaciones', '2020-03-10', '2020-03-10', 0, 0, '2020-03-10 10:09:50', '2020-03-10 10:09:50'),
(896, 42, 36, 1, 'Autorizado a llegar un poco mas tarde, tiene que realizar un trámite personal.', '2020-03-10', '2020-03-10', 8, 9, '2020-03-10 11:05:48', '2020-03-10 11:05:48'),
(897, 1317, 89, 1, 'Julian Sione se retira sin almorzar 14:15hs para acompañar a su mujer a realizarse ecografía a Santa Fé.', '2020-03-11', '2020-03-11', 6, 15, '2020-03-10 16:07:31', '2020-03-10 16:07:31'),
(898, 1305, 81, 6, 'CGP', '2020-03-13', '2020-03-13', 8, 17, '2020-03-10 19:10:42', '2020-03-10 19:10:42'),
(899, 1229, 70, 3, 'Buen día, Graciela se toma el día de la fecha como un día de vacaciones, a devolver con hs. extras.\r\n\r\n   gracias.', '2020-03-11', '2020-03-11', 6, 15, '2020-03-11 12:54:50', '2020-03-11 12:54:50'),
(900, 1317, 89, 1, 'Julián Sione de 8 a 11hs acompañará a su señora al médico. Al regreso completará su jornada de trabajo', '2020-03-13', '2020-03-13', 8, 11, '2020-03-11 14:45:35', '2020-03-11 14:45:35'),
(901, 68, 73, 3, 'N/A', '2020-03-12', '2020-03-12', 0, 0, '2020-03-11 18:11:56', '2020-03-11 18:11:56'),
(902, 36, 41, 7, NULL, '2020-03-16', '2020-03-16', 1, 23, '2020-03-12 12:31:07', '2020-03-12 12:31:07'),
(903, 39, 36, 8, 'Autorizado a retirarse a las 16.55 horas.', '2020-03-12', '2020-03-12', 0, 0, '2020-03-12 15:02:38', '2020-03-12 15:02:38'),
(904, 1247, 1139, 4, 'SE RETIRARA SIN HABER ALMORZADO PARA REALIZAR UN TRAMITE PERSONAL', '2020-03-12', '2020-03-12', 7, 15, '2020-03-12 15:42:28', '2020-03-12 15:42:28'),
(905, 63, 1139, 1, 'ASISTIRA A ESTUDIO MEDICO', '2020-03-16', '2020-03-16', 0, 0, '2020-03-12 15:56:43', '2020-03-12 15:56:43'),
(906, 1255, 86, 4, 'Adelanta el ingreso de turno tarde por vacaciones de Joaquin Molaro', '2020-03-13', '2020-03-30', 11, 20, '2020-03-12 16:50:06', '2020-03-12 16:50:06'),
(907, 1319, 96, 4, 'Por necesidades productivas', '2020-03-13', '2020-03-20', 0, 0, '2020-03-12 17:52:07', '2020-03-12 17:52:07'),
(908, 1254, 86, 5, 'Toma estos días por los días feriados del 23 y 24/03', '2020-03-30', '2020-03-31', 0, 0, '2020-03-12 19:34:25', '2020-03-12 19:34:25'),
(909, 1259, 77, 1, 'tramite', '2020-03-16', '2020-03-16', 6, 15, '2020-03-13 16:11:00', '2020-03-13 16:11:00'),
(910, 1212, 36, 1, 'Solicita permiso para realizar trámite personal ( transferencia de moto en diamante ). Intentará llegar antes del medio día. Las horas serán devueltas de común acuerdo.', '2020-03-16', '2020-03-16', 8, 12, '2020-03-13 16:46:42', '2020-03-13 16:46:42'),
(911, 1312, 78, 4, 'Cambia el turno día lunes 16/03 de 14:00-23:00 hs a 06:00.15:00 hs por asuntos personales.', '2020-03-16', '2020-03-16', 14, 23, '2020-03-13 18:37:41', '2020-03-13 18:37:41'),
(912, 63, 1139, 1, 'CAMBIO DE TURNO', '2020-03-13', '2020-03-13', 6, 16, '2020-03-13 19:10:52', '2020-03-13 19:10:52'),
(913, 1280, 1263, 3, 'Vacaciones 2019', '2020-03-16', '2020-03-22', 13, 22, '2020-03-14 01:10:01', '2020-03-14 01:10:01'),
(914, 1284, 1263, 4, 'Turno al médico', '2020-03-16', '2020-03-16', 6, 15, '2020-03-14 01:56:54', '2020-03-14 01:56:54'),
(915, 1273, 91, 3, 'Se otorga las vacaciones pendientes.', '2020-03-16', '2020-03-29', 14, 23, '2020-03-16 09:58:22', '2020-03-16 09:58:22'),
(916, 1271, 91, 3, 'Se toma dos días de vacaciones pendientes.', '2020-03-19', '2020-03-20', 0, 0, '2020-03-16 17:22:40', '2020-03-16 17:22:40'),
(917, 1250, 61, 1, 'Pidió tomarse un día de vacaciones por el fallecimiento de la madre de su novia.', '2020-03-17', '2020-03-17', 14, 23, '2020-03-17 11:53:14', '2020-03-17 11:53:14'),
(918, 42, 36, 3, 'Dario, se tomará del 25 al 27 de marzo vacaciones. Había pasado mas días pero dado el asunto de la pandemia, el resto de las vacaciones quedarían pendientes. Ya está hablado con Pablo y está deacuerdo. Veremos como sigue la situación para definir nuevas fechas.', '2020-03-25', '2020-03-27', 0, 0, '2020-03-17 14:03:15', '2020-03-17 14:03:15'),
(919, 91, 89, 8, 'Evangelina solicitó retirarse sin almorzar en planta', '2020-03-17', '2020-03-17', 14, 15, '2020-03-17 15:19:41', '2020-03-17 15:19:41'),
(920, 1317, 89, 3, 'Se toma vacaciones aunque en este período nacerá su hijo y hay feriado. Recalcular el regreso de la licencia.', '2020-03-24', '2020-04-05', 6, 14, '2020-03-17 15:28:28', '2020-03-17 15:28:28'),
(921, 1234, 70, 1, 'Buen día, Roxana se retira a las 13:00 hs. por tramites personales.', '2020-03-17', '2020-03-17', 13, 14, '2020-03-17 15:59:36', '2020-03-17 15:59:36'),
(922, 1282, 1263, 4, 'Sin tareas en fraccionamiento de turno tarde, se suma a Acondicionamiento en turno mañana', '2020-03-18', '2020-03-18', 6, 15, '2020-03-18 01:22:53', '2020-03-18 01:22:53'),
(923, 1307, 81, 3, 'DIA DE VACACIONES', '2020-03-19', '2020-03-19', 8, 17, '2020-03-18 11:25:38', '2020-03-18 11:25:38'),
(924, 33, 45, 3, 'SOLICITUD DE 1 DIA DE LICENCIA POR VACACIONES (20/03/2020)', '2020-03-20', '2020-03-20', 8, 17, '2020-03-18 12:10:55', '2020-03-18 12:10:55'),
(925, 1137, 36, 3, 'Autorizadas las vacaciones por Pablo y por mí.\r\n7 días hábiles.', '2020-03-25', '2020-03-03', 0, 0, '2020-03-18 12:31:54', '2020-03-18 12:31:54'),
(926, 1255, 86, 4, 'Cambia de turno con Carlos Martinez', '2020-03-18', '2020-03-18', 0, 0, '2020-03-18 13:07:16', '2020-03-18 13:07:16'),
(927, 1226, 70, 1, 'Buen día, José se retira a las 7 hs. por tramites bancarios.', '2020-03-19', '2020-03-19', 7, 9, '2020-03-19 10:26:08', '2020-03-19 10:26:08'),
(928, 1207, 77, 4, 'x turno medico', '2020-03-20', '2020-03-20', 6, 15, '2020-03-19 12:22:11', '2020-03-19 12:22:11'),
(929, 1321, 96, 7, 'Cumpleaños', '2020-03-20', '2020-03-20', 0, 0, '2020-03-19 14:02:47', '2020-03-19 14:02:47'),
(930, 1328, 96, 7, 'Se corrió la fecha por razones productivas', '2020-03-20', '2020-03-20', 0, 0, '2020-03-19 14:03:51', '2020-03-19 14:03:51'),
(931, 1251, 1139, 3, 'DÍAS DE VACACIONES PERIODO 2019', '2020-03-19', '2020-03-20', 14, 23, '2020-03-19 14:33:04', '2020-03-19 14:33:04'),
(932, 1191, 1139, 1, 'CIRUGIA PROGRAMADA', '2020-03-20', '2020-03-20', 14, 23, '2020-03-19 14:33:38', '2020-03-19 14:33:38'),
(933, 1249, 1139, 4, 'NECESIDADES DEL SECTOR', '2020-03-20', '2020-03-20', 12, 21, '2020-03-19 14:34:14', '2020-03-19 14:34:14'),
(934, 1284, 1263, 4, 'Elaboración en el turno de la mañana', '2020-03-20', '2020-03-20', 6, 15, '2020-03-19 19:05:37', '2020-03-19 19:05:37'),
(935, 39, 36, 3, 'Se anulan las vacaciones programadas del 06/04/2020 al 20/04/2020 y se reemplaza por la fecha indicada arriba. El motivo es la situación actual del Corona Virus.', '2020-03-25', '2020-03-27', 0, 0, '2020-03-20 18:24:54', '2020-03-20 18:24:54'),
(936, 68, 73, 3, 'N/A', '2020-03-20', '2020-03-20', 0, 0, '2020-03-20 18:40:19', '2020-03-20 18:40:19'),
(937, 1263, 89, 4, 'Rogelio Ramirez cambia de turno por necesidad operativa del sector', '2020-03-25', '2020-03-25', 6, 15, '2020-03-20 20:33:30', '2020-03-20 20:33:30'),
(938, 1272, 1262, 7, 'Miguel Dure se toma el día de su cumpleaños el miércoles 25/03', '2020-03-25', '2020-03-25', 14, 23, '2020-03-20 23:38:54', '2020-03-20 23:38:54'),
(939, 1284, 1263, 4, 'Elaboración en el turno de la mañana.', '2020-03-25', '2020-03-25', 6, 15, '2020-03-24 14:40:01', '2020-03-24 14:40:01'),
(940, 1284, 1263, 4, 'Elaboración en el turno de la mañana', '2020-03-26', '2020-03-26', 6, 15, '2020-03-26 16:09:19', '2020-03-26 16:09:19'),
(941, 1275, 1262, 3, 'Lucas Sostersich se toma 2 días de vacaciones pendientes', '2020-04-01', '2020-04-02', 0, 0, '2020-03-26 17:26:09', '2020-03-26 17:26:09'),
(942, 33, 45, 3, 'DIA DE LICIENCIA POR VACACIONES LUNES 30/03/2020', '2020-03-30', '2020-03-30', 8, 17, '2020-03-27 16:55:12', '2020-03-27 16:55:12'),
(943, 1282, 1263, 4, 'Cambia de turno por necesidad operativa del sector.', '2020-03-30', '2020-03-30', 6, 15, '2020-03-28 01:15:55', '2020-03-28 01:15:55'),
(944, 1288, 67, 3, 'Periodo 2019', '2020-03-30', '2020-03-30', 6, 15, '2020-03-30 10:38:00', '2020-03-30 10:38:00'),
(945, 1243, 1139, 4, 'CAMBIO DE TURNO POR HORARIOS DE TRANSPORTE DURANTE LA CUARENTENA.', '2020-03-30', '2020-04-09', 8, 17, '2020-03-30 13:19:02', '2020-03-30 13:19:02'),
(946, 1320, 96, 4, 'Turno en médico', '2020-04-01', '2020-04-01', 0, 0, '2020-03-30 17:16:02', '2020-03-30 17:16:02'),
(947, 1262, 91, 1, 'Tiene turno al médico a las 16hs.\r\nCompensa luego las horas requeridas.', '2020-04-02', '2020-04-02', 17, 22, '2020-03-30 17:16:53', '2020-03-30 17:16:53'),
(948, 68, 73, 3, 'N/A', '2020-03-30', '2020-03-30', 0, 0, '2020-03-30 20:35:46', '2020-03-30 20:35:46'),
(949, 1284, 1263, 4, 'Elaboración en el turno de la mañana.', '2020-04-01', '2020-04-01', 6, 15, '2020-03-31 00:42:50', '2020-03-31 00:42:50'),
(950, 1247, 1139, 3, 'DIA DE VACACIONES POR RAZONES PERSONALES', '2020-04-01', '2020-04-01', 7, 16, '2020-04-01 10:52:30', '2020-04-01 10:52:30'),
(951, 1315, 69, 4, 'N/A', '2020-04-03', '2020-04-03', 6, 15, '2020-04-02 18:26:53', '2020-04-02 18:26:53'),
(952, 1271, 91, 3, 'Se toma  3 días de las vacaciones pendientes.', '2020-04-06', '2020-04-08', 0, 0, '2020-04-03 11:53:43', '2020-04-03 11:53:43'),
(953, 1265, 91, 3, 'Se toma un día de vacaciones.', '2020-04-06', '2020-04-06', 0, 0, '2020-04-03 13:41:56', '2020-04-03 13:41:56'),
(954, 1296, 75, 3, 'día de vacaciones.', '2020-04-06', '2020-04-07', 0, 0, '2020-04-03 15:25:55', '2020-04-03 15:25:55'),
(955, 1266, 91, 3, 'Se toma dos días de vacaciones de las pendientes.', '2020-04-13', '2020-04-14', 0, 0, '2020-04-06 09:12:49', '2020-04-06 09:12:49'),
(956, 19, 26, 4, 'Ingresa a las 06.00 para terminar un equipo de Acondi', '2020-04-06', '2020-04-06', 6, 14, '2020-04-06 14:14:01', '2020-04-06 14:14:01'),
(957, 38, 36, 4, 'Se autoriza a trabajar de manera remota desde su domicilio.  Solo por este día.', '2020-04-07', '2020-04-07', 0, 0, '2020-04-06 17:10:01', '2020-04-06 17:10:01'),
(958, 1308, 81, 6, 'CGP', '2020-04-07', '2020-04-08', 8, 17, '2020-04-06 18:07:10', '2020-04-06 18:07:10'),
(959, 91, 89, 3, 'Se tomara un día de vacaciones', '2020-04-08', '2020-04-08', 6, 15, '2020-04-07 11:39:20', '2020-04-07 11:39:20'),
(960, 1264, 1262, 4, 'David Romero cambia su horario de ingreso y salida, de 14:00 a 22:10 hs', '2020-04-08', '2020-04-08', 14, 22, '2020-04-07 22:40:57', '2020-04-07 22:40:57'),
(961, 1284, 1263, 4, 'Elaboración en el turno de la mañana.', '2020-04-08', '2020-04-08', 6, 15, '2020-04-08 01:20:50', '2020-04-08 01:20:50'),
(962, 1244, 1139, 4, 'POR RAZONES PERSONALES', '2020-04-08', '2020-04-08', 7, 16, '2020-04-08 10:27:16', '2020-04-08 10:27:16'),
(963, 1249, 1139, 4, 'POR RAZONES PERSONALES', '2020-04-08', '2020-04-08', 8, 17, '2020-04-08 10:28:02', '2020-04-08 10:28:02'),
(964, 1334, 70, 3, 'Fabian Schenfel toma los dìas pendientes de vacaciones.', '2020-04-13', '2020-04-17', 6, 15, '2020-04-08 14:20:26', '2020-04-08 14:20:26'),
(965, 1234, 70, 3, 'Roxana toma el Lunes un dìa de vacaciones.', '2020-04-13', '2020-04-13', 6, 15, '2020-04-08 14:21:14', '2020-04-08 14:21:14'),
(966, 44, 36, 5, 'Se autoriza el ingreso el día jueves 09/04 para que pueda realizar las siguientes actividades:\r\nLP LIF 01/20 (apertura el miércoles)\r\nCotización de Dexa asociada comprimidos para el LIF (apertura el martes)\r\nCoordinar y solicitar turno de CUS para la próxima semana y generar las órdenes de venta.\r\nEmitir órdenes de venta para LP 78/18 PAMI.', '2020-04-09', '2020-04-09', 0, 0, '2020-04-08 18:43:06', '2020-04-08 18:43:06'),
(967, 1219, 1151, 4, 'Cambio de turno para concurrir al medico.', '2020-04-14', '2020-04-14', 6, 15, '2020-04-13 18:20:36', '2020-04-13 18:20:36'),
(968, 1274, 91, 3, 'Se toma un día de vacaciones.', '2020-04-22', '2020-04-22', 0, 0, '2020-04-14 10:35:08', '2020-04-14 10:35:08'),
(969, 1274, 91, 3, 'Se toma un día de vacaciones.', '2020-04-22', '2020-04-22', 0, 0, '2020-04-14 10:35:18', '2020-04-14 10:35:18'),
(970, 1189, 45, 3, 'UN DIA DE VACACIONES PARA EL DIA MIERCOLES 15/04.', '2020-04-15', '2020-04-15', 8, 17, '2020-04-14 18:24:35', '2020-04-14 18:24:35'),
(971, 1222, 1151, 7, 'Día del cumpleaños', '2020-04-16', '2020-04-16', 0, 0, '2020-04-15 00:36:47', '2020-04-15 00:36:47'),
(972, 1304, 81, 1, 'EDILBERTO LLEGARA MAS TARDE A CUBRIR EL HORARIO DE FRANCO POR ASISTIR AL HOSPITAL CON SU HIJA', '2020-04-17', '2020-04-17', 14, 17, '2020-04-15 12:32:05', '2020-04-15 12:32:05'),
(973, 63, 1139, 1, 'Razones personales, cirugía.', '2020-04-20', '2020-04-20', 7, 16, '2020-04-16 15:30:01', '2020-04-16 15:30:01'),
(974, 1317, 69, 4, 'Cambio de turno con Aldo Alderete', '2020-04-17', '2020-04-17', 13, 22, '2020-04-16 17:10:27', '2020-04-16 17:10:27'),
(975, 1226, 70, 8, 'Buen día Gustavo, José se retira a las 12 hs. para realizar tramites bancarios.', '2020-04-17', '2020-04-17', 12, 14, '2020-04-17 15:17:12', '2020-04-17 15:17:12'),
(976, 19, 26, 9, 'Instalación de equipos y Configuración de Red', '2020-04-18', '2020-04-18', 8, 12, '2020-04-20 15:36:13', '2020-04-20 15:36:13'),
(977, 1264, 91, 3, 'Se toma un día de vacaciones pendientes.', '2020-04-27', '2020-04-27', 0, 0, '2020-04-20 16:15:20', '2020-04-20 16:15:20'),
(978, 1256, 85, 1, 'Se retira 14:15 Hs.  por tramites personales,  devuelve la hora el miércoles', '2020-04-21', '2020-04-21', 14, 15, '2020-04-20 17:17:19', '2020-04-20 17:17:19'),
(979, 90, 57, 3, 'dia por vacaciones', '2020-04-27', '2020-04-27', 0, 0, '2020-04-21 18:06:33', '2020-04-21 18:06:33'),
(980, 39, 36, 3, 'Se autoriza la toma de vacaciones del 27 al 29 de Abril.  Retornando a sus actividades el 04/05. El día 30 se tomará por cumpleaños.', '2020-04-27', '2020-04-29', 0, 0, '2020-04-21 18:21:12', '2020-04-21 18:21:12'),
(981, 39, 36, 7, 'Se autoriza a gozar la licencia por cumpleaños.', '2020-04-30', '2020-04-30', 0, 0, '2020-04-21 18:22:14', '2020-04-21 18:22:14'),
(982, 1284, 1263, 4, 'Elaboración turno de mañana.', '2020-04-23', '2020-04-23', 6, 15, '2020-04-23 01:37:59', '2020-04-23 01:37:59'),
(983, 1319, 96, 1, 'Ir al correo', '2020-04-23', '2020-04-23', 11, 0, '2020-04-23 14:49:01', '2020-04-23 14:49:01'),
(984, 1328, 96, 1, 'Ir al correo', '2020-04-23', '2020-04-23', 11, 0, '2020-04-23 14:58:07', '2020-04-23 14:58:07'),
(985, 1299, 75, 8, 'Se retira a las 13hs. Devuelve el 27/04', '2020-04-24', '2020-04-24', 13, 15, '2020-04-24 10:18:13', '2020-04-24 10:18:13'),
(986, 1271, 1262, 3, 'Mariano Bonffantino se toma un día de vacaciones, el jueves 30/04/2020', '2020-04-30', '2020-04-30', 14, 23, '2020-04-24 18:02:36', '2020-04-24 18:02:36'),
(987, 1308, 81, 6, 'CGP', '2020-04-30', '2020-04-30', 8, 17, '2020-04-27 19:33:50', '2020-04-27 19:33:50'),
(988, 1326, 96, 7, 'El operario cumple el 5/5 se corre para fecha 11/5', '2020-05-11', '2020-05-11', 0, 0, '2020-04-28 16:19:54', '2020-04-28 16:19:54'),
(989, 91, 89, 3, 'Evangelina se tomará un día de vacaciones. Gracias.-', '2020-05-08', '2020-05-08', 6, 15, '2020-04-29 16:16:37', '2020-04-29 16:16:37'),
(990, 1299, 75, 8, 'Devuelve la hora el 30/04 ingresando a las 5am', '2020-04-29', '2020-04-29', 7, 15, '2020-04-29 16:22:12', '2020-04-29 16:22:12'),
(991, 1306, 81, 6, 'CGP', '2020-05-04', '2020-05-04', 0, 0, '2020-04-30 19:07:39', '2020-04-30 19:07:39'),
(992, 87, 86, 4, 'CAMBIA TURNO CON EDUARDO NUÑEZ', '2020-05-04', '2020-05-04', 13, 22, '2020-05-04 11:15:27', '2020-05-04 11:15:27'),
(993, 1302, 81, 6, 'CGP', '2020-05-07', '2020-05-07', 8, 17, '2020-05-05 12:10:24', '2020-05-05 12:10:24'),
(994, 76, 77, 1, 'turno medico. \r\nDevolvió 1 hora el 05/05/20', '2020-05-06', '2020-05-06', 9, 17, '2020-05-05 18:20:59', '2020-05-05 18:20:59'),
(995, 1238, 1151, 4, 'Cambio de turno por capacitación en deposito.', '2020-05-06', '2020-05-06', 8, 17, '2020-05-05 22:47:54', '2020-05-05 22:47:54'),
(996, 1231, 70, 7, 'Buen dìa, el 08/05 Victor se toma el día de cumpleaños.', '2020-05-08', '2020-05-08', 6, 15, '2020-05-06 11:03:53', '2020-05-06 11:03:53'),
(997, 1265, 91, 8, 'Le cambiaron el turno del medico para las 14:15 hs. Se retira a las 13:30 hs.', '2020-05-06', '2020-05-06', 6, 13, '2020-05-06 16:30:49', '2020-05-06 16:30:49'),
(998, 1296, 75, 8, 'Se retira 13:30hs.', '2020-05-06', '2020-05-06', 13, 14, '2020-05-06 17:54:38', '2020-05-06 17:54:38'),
(999, 1255, 86, 5, 'Entra 1 hora antes por capacitacion', '2020-05-07', '2020-05-07', 12, 21, '2020-05-06 19:07:45', '2020-05-06 19:07:45'),
(1000, 1317, 69, 4, 'Sione Julian cambia de turno con Aldo Alderete', '2020-05-08', '2020-05-08', 13, 22, '2020-05-07 17:55:16', '2020-05-07 17:55:16'),
(1001, 93, 57, 3, 'dia de vacaciones', '2020-05-11', '2020-05-11', 0, 0, '2020-05-08 11:50:15', '2020-05-08 11:50:15'),
(1002, 1328, 96, 4, 'Cambia con Gustavo Armanasco', '2020-05-08', '2020-05-08', 0, 0, '2020-05-08 16:11:14', '2020-05-08 16:11:14'),
(1003, 1323, 96, 3, 'Se toma el día', '2020-05-08', '2020-05-08', 0, 0, '2020-05-08 16:12:06', '2020-05-08 16:12:06'),
(1004, 1307, 81, 1, 'MUDANZA', '2020-05-11', '2020-05-12', 8, 17, '2020-05-08 19:01:23', '2020-05-08 19:01:23'),
(1005, 1307, 81, 1, 'MUDANZA', '2020-05-11', '2020-05-12', 8, 17, '2020-05-08 19:01:29', '2020-05-08 19:01:29'),
(1006, 1307, 81, 1, 'MUDANZA', '2020-05-11', '2020-05-12', 8, 17, '2020-05-08 19:01:37', '2020-05-08 19:01:37'),
(1009, 80, 68, 5, 'Día por examen', '2020-05-13', '2020-05-13', 8, 17, '2020-05-08 19:09:05', '2020-05-08 19:09:05'),
(1012, 80, 68, 5, 'Día por examen', '2020-05-22', '2020-05-22', 8, 17, '2020-05-08 19:13:24', '2020-05-08 19:13:24'),
(1013, 1332, 68, 3, 'Día por vacaciones 2019', '2020-05-11', '2020-05-11', 8, 17, '2020-05-08 19:14:17', '2020-05-08 19:14:17'),
(1014, 1307, 81, 1, 'MUDANZA', '2020-05-11', '2020-05-12', 8, 17, '2020-05-08 19:17:59', '2020-05-08 19:17:59'),
(1015, 1304, 81, 6, 'CGP', '2020-05-08', '2020-05-08', 6, 14, '2020-05-08 19:18:23', '2020-05-08 19:18:23'),
(1016, 1295, 75, 3, 'Se autoriza un día de vacaciones.', '2020-04-28', '2020-04-28', 0, 0, '2020-05-11 10:38:50', '2020-05-11 10:38:50'),
(1017, 1221, 1151, 7, 'Dia de Cumpleaños', '2020-05-11', '2020-05-11', 0, 0, '2020-05-12 00:45:58', '2020-05-12 00:45:58'),
(1018, 1238, 1151, 1, 'Dias de mudanza', '2020-05-14', '2020-05-15', 0, 0, '2020-05-12 00:46:55', '2020-05-12 00:46:55'),
(1019, 1305, 81, 6, 'CGP', '2020-05-13', '2020-05-13', 8, 17, '2020-05-12 18:46:00', '2020-05-12 18:46:00'),
(1020, 1309, 81, 1, 'PERMISO DE EXAMEN', '2020-05-19', '2020-05-20', 8, 13, '2020-05-14 15:11:53', '2020-05-14 15:11:53');

-- --------------------------------------------------------

--
-- Estructura de tabla para la tabla `personas`
--

CREATE TABLE `personas` (
  `id_p` int(10) NOT NULL,
  `nombre_p` varchar(100) COLLATE utf8mb4_unicode_ci NOT NULL,
  `apellido` varchar(100) COLLATE utf8mb4_unicode_ci DEFAULT NULL,
  `dni` int(11) DEFAULT NULL,
  `interno` int(11) DEFAULT NULL,
  `correo` varchar(50) COLLATE utf8mb4_unicode_ci DEFAULT NULL,
  `fe_nac` date DEFAULT NULL,
  `fe_ing` date DEFAULT NULL,
  `area` varchar(3) CHARACTER SET latin1 NOT NULL,
  `rango` tinyint(1) DEFAULT NULL,
  `usuario` int(10) DEFAULT NULL,
  `activo` tinyint(4) DEFAULT NULL,
  `updated_at` timestamp NULL DEFAULT CURRENT_TIMESTAMP ON UPDATE CURRENT_TIMESTAMP,
  `created_at` timestamp NULL DEFAULT CURRENT_TIMESTAMP
) ENGINE=InnoDB DEFAULT CHARSET=utf8mb4 COLLATE=utf8mb4_unicode_ci;

--
-- Volcado de datos para la tabla `personas`
--

INSERT INTO `personas` (`id_p`, `nombre_p`, `apellido`, `dni`, `interno`, `correo`, `fe_nac`, `fe_ing`, `area`, `rango`, `usuario`, `activo`, `updated_at`, `created_at`) VALUES
(19, 'Juan Cruz', 'Mantovani', 38771424, 196, 'juan.mantovani@lafedar.com', '1995-06-16', '2019-10-01', 'sis', 3, 7, 1, '2020-04-07 15:58:13', '0000-00-00 00:00:00'),
(26, 'Matias', 'Retamozo', 27832717, 193, 'matias.retamozo@lafedar.com', '1980-03-29', '2018-03-01', 'sis', 1, 40, 1, '2020-04-07 15:53:18', '0000-00-00 00:00:00'),
(31, 'Norma', 'Neif', 11807343, 101, 'nneif@lafedar.com', NULL, NULL, 'pre', 1, 35, 1, '2020-04-07 15:53:18', '0000-00-00 00:00:00'),
(32, 'Maria Jose', 'Fabro', 26150761, 103, 'mariajose.fabro@lafedar.com', NULL, NULL, 'pag', 3, NULL, 1, '2020-04-07 15:53:18', '0000-00-00 00:00:00'),
(33, 'Maria Emilia', 'Loureiro', 31724823, 104, 'mariaemilia.loureiro@lafedar.com', NULL, NULL, 'pag', 3, NULL, 1, '2020-04-07 15:53:18', '0000-00-00 00:00:00'),
(34, 'Sonia', 'Calua', 27617615, 106, 'sonia.calua@lafedar.com', NULL, NULL, 'pag', 3, NULL, 1, '2020-04-07 15:53:18', '0000-00-00 00:00:00'),
(35, 'Leandro', 'Castaño', 25032791, 105, 'leandro.castano@lafedar.com', NULL, NULL, 'fac', 3, 0, 1, '2020-04-07 15:53:18', '0000-00-00 00:00:00'),
(36, 'Laura', 'Montaño', 66926177, 107, 'laura.montano@lafedar.com', NULL, NULL, 'ope', 1, 26, 1, '2020-04-07 15:53:18', '0000-00-00 00:00:00'),
(38, 'Jesica', 'Musso', 33624562, 109, 'jmusso@lafedar.com', NULL, NULL, 'ven', 3, NULL, 1, '2020-04-07 15:53:18', '0000-00-00 00:00:00'),
(39, 'Juan', 'Juri', 31487282, 110, 'juan.juri@lafedar.com', NULL, NULL, 'ven', 1, 52, 1, '2020-04-07 15:53:18', '0000-00-00 00:00:00'),
(40, 'Geronimo', 'Guimarey', NULL, 113, 'gguimarey@lafedar.com', NULL, NULL, 'dir', 1, 18, 1, '2020-04-07 15:53:18', '0000-00-00 00:00:00'),
(41, 'Pablo', 'Esnaola', 23944871, 114, 'pablo.esnaola@lafedar.com', NULL, NULL, 'ope', 1, 36, 1, '2020-04-07 15:53:18', '0000-00-00 00:00:00'),
(42, 'Darío', 'Meli', 36089292, 116, 'dario.meli@lafedar.com', NULL, NULL, 'coe', 3, NULL, 1, '2020-04-07 15:53:18', '0000-00-00 00:00:00'),
(43, 'Georgina', 'Attie', 24722868, 117, 'georgina.attie@lafedar.com', NULL, NULL, 'coe', 1, 46, 1, '2020-04-07 15:53:18', '0000-00-00 00:00:00'),
(44, 'Emmanuel', 'Melgarejo', 31439930, 118, 'emmanuel.melgarejo@lafedar.com', NULL, NULL, 'ven', 3, NULL, 1, '2020-04-07 15:53:18', '0000-00-00 00:00:00'),
(45, 'Juan Pablo', 'Vignola', 26332451, 119, 'jpablo.vignola@lafedar.com', NULL, NULL, 'con', 1, 24, 1, '2020-04-07 15:53:18', '0000-00-00 00:00:00'),
(46, 'Laura', 'Cersofio', 29945159, 120, 'laura.cersofio@lafedar.com', '1984-02-11', '2014-09-01', 'reh', 1, 25, 1, '2020-04-07 15:53:18', '0000-00-00 00:00:00'),
(48, 'Gustavo', 'Lecman', 21411774, 125, 'gustavo.lecman@lafedar.com', '1970-06-19', '2013-01-16', 'per', 1, 19, 1, '2020-04-07 15:53:18', '0000-00-00 00:00:00'),
(49, 'Ivana', 'Calafatich', 31232257, 131, 'comex4@lafedar.com', NULL, NULL, 'coe', 3, NULL, 1, '2020-04-07 15:53:18', '0000-00-00 00:00:00'),
(50, 'Carlos', 'Manente', 13333666, 128, 'carlos.manente@lafedar.com', NULL, NULL, 'ing', 3, NULL, 1, '2020-04-07 15:53:18', '0000-00-00 00:00:00'),
(51, 'Mariano', 'Bruera', 26809803, 130, 'mariano.bruera@lafedar.com', NULL, NULL, 'dis', 3, NULL, 1, '2020-04-07 15:53:18', '0000-00-00 00:00:00'),
(53, 'Santiago', 'Quaglioti', 25904057, 131, 'quagliottisantiago@gmail.com', NULL, NULL, 'cos', 3, NULL, 1, '2020-04-07 15:53:18', '0000-00-00 00:00:00'),
(54, 'Magdalena Maria', 'Moreno', 37080859, 132, 'maria.moreno@lafedar.com', NULL, NULL, 'pla', 3, NULL, 1, '2020-04-07 15:53:18', '0000-00-00 00:00:00'),
(55, 'Gustavo ', 'Sein', 22599134, 133, 'dirtec@lafedar.com', NULL, NULL, 'dit', 1, 53, 1, '2020-04-07 15:53:18', '0000-00-00 00:00:00'),
(57, 'Diana Mariela', 'Rausch', 29270060, 144, 'diana.rausch@lafedar.com', '1982-07-12', '2017-09-04', 'com', 1, 12, 1, '2020-04-07 15:53:18', '0000-00-00 00:00:00'),
(58, 'Mariela', 'Schulz', 25289142, 146, 'mariela.schulz@lafedar.com', NULL, NULL, 'asr', 1, 43, 1, '2020-04-07 15:53:18', '0000-00-00 00:00:00'),
(59, 'Anabella', 'Agüero', 33271032, 147, 'anabella.aguero@lafedar.com', NULL, NULL, 'asr', 3, NULL, 1, '2020-04-07 15:53:18', '0000-00-00 00:00:00'),
(60, 'Estefania', 'Milano', 36910480, 147, 'estefania.milano@lafedar.com', NULL, NULL, 'asr', 3, NULL, 1, '2020-04-07 15:53:18', '0000-00-00 00:00:00'),
(61, 'Javier', 'Achaval', 23829564, 151, 'javier.achaval@lafedar.com', NULL, NULL, 'cca', 1, 22, 1, '2020-05-06 15:17:22', '0000-00-00 00:00:00'),
(63, 'Eliana ', 'Riffel', 33033856, 161, 'eliana.riffel@lafedar.com', NULL, NULL, 'cca', 3, NULL, 1, '2020-04-07 15:53:18', '0000-00-00 00:00:00'),
(64, 'Florencia', 'Caliusco', 24146702, 154, 'florencia.caliusco@lafedar.com', NULL, NULL, 'ari', 1, 54, 1, '2020-04-07 15:53:18', '0000-00-00 00:00:00'),
(65, 'Maria', 'Gallego', 32464962, 155, 'controlmateriales@lafedar.com', NULL, NULL, 'cca', 3, NULL, 1, '2020-04-07 15:53:18', '0000-00-00 00:00:00'),
(67, 'Juan Ignacio', 'Vigier', 28647744, 158, 'ignacio.vigier@lafedar.com', NULL, NULL, 'lsn', 1, 48, 1, '2020-04-07 15:53:18', '0000-00-00 00:00:00'),
(68, 'Ileana', 'Gamboa', 25307158, 160, 'ileana.gamboa@lafedar.com', NULL, NULL, 'val', 1, 21, 1, '2020-04-07 15:53:18', '0000-00-00 00:00:00'),
(69, 'Marcelo', 'Enrique', 22117420, 162, 'marcelo.enrique@lafedar.com', NULL, NULL, 'pes', 1, 32, 1, '2020-04-07 15:53:18', '0000-00-00 00:00:00'),
(70, 'Gabriela', 'Montes', 23619352, 163, 'gabriela.montes@lafedar.com', NULL, NULL, 'aco', 1, 16, 1, '2020-04-07 15:53:18', '0000-00-00 00:00:00'),
(71, 'Nestor', 'Chillado', 13134389, 165, 'nestor.chillado@lafedar.com', NULL, NULL, 'pro', 1, 34, 1, '2020-04-07 15:53:18', '0000-00-00 00:00:00'),
(72, 'Sol', 'Toso', 31521885, 217, 'sol.toso@lafedar.com', NULL, NULL, 'gca', 3, NULL, 1, '2020-04-07 15:53:18', '0000-00-00 00:00:00'),
(73, 'Luciana', 'Crespo', 25032732, 167, 'luciana.crespo@lafedar.com', NULL, NULL, 'gca', 1, 30, 1, '2020-04-07 15:53:18', '0000-00-00 00:00:00'),
(75, 'Leandro', 'Garcia', 30245142, 174, 'leandro.garcia@lafedar.com', NULL, NULL, 'mae', 1, 28, 1, '2020-04-07 15:53:18', '0000-00-00 00:00:00'),
(76, 'Noelia', 'Dreiling', 31976045, 175, 'noelia.dreiling@lafedar.com', NULL, NULL, 'des', 2, 41, 1, '2020-04-07 15:53:18', '0000-00-00 00:00:00'),
(77, 'Paola', 'Juarez', 26064420, 176, 'paola.juarez@lafedar.com', NULL, NULL, 'des', 1, 37, 1, '2020-04-07 15:53:18', '0000-00-00 00:00:00'),
(78, 'María Alejandra', 'Maidana', 21530839, 177, 'alejandra.maidana@lafedar.com', '1970-04-16', '2018-02-01', 'mic', 1, 10, 1, '2020-04-07 15:53:18', '0000-00-00 00:00:00'),
(79, 'Ariel', 'Niz', 26332329, 190, 'ariel.niz@lafedar.com', NULL, NULL, 'ing', 1, 11, 1, '2020-04-07 15:53:18', '0000-00-00 00:00:00'),
(80, 'Ivan', 'Diaz', 35707308, 191, 'ivan.diaz@lafedar.com', NULL, NULL, 'val', 3, NULL, 1, '2020-04-07 15:53:18', '0000-00-00 00:00:00'),
(81, 'Mariano', 'Yugdar', 25861428, 192, 'mariano.yugdar@lafedar.com', NULL, NULL, 'man', 1, 33, 1, '2020-04-07 15:53:18', '0000-00-00 00:00:00'),
(83, 'Mauro', 'Martina', 31291709, 195, 'mauro.martina@lafedar.com', NULL, NULL, 'ing', 3, NULL, 1, '2020-04-07 15:53:18', '0000-00-00 00:00:00'),
(85, 'Jorge', 'Donda', 16330180, 202, 'jorge.donda@lafedar.com', NULL, NULL, 'der', 1, 23, 1, '2020-04-07 15:53:18', '0000-00-00 00:00:00'),
(86, 'Leonardo', 'Gauna', 20894348, 203, 'leonardo.gauna@lafedar.com', NULL, NULL, 'dee', 1, 29, 1, '2020-04-07 15:53:18', '0000-00-00 00:00:00'),
(87, 'Carlos', 'Martínez', 23190835, 204, '', NULL, NULL, 'dee', 3, NULL, 1, '2020-04-07 15:53:18', '0000-00-00 00:00:00'),
(88, 'Cinthia', 'Perazzo', 25310025, 220, 'cinthia.perazzo@lafedar.com', NULL, NULL, 'pre', 1, NULL, 1, '2020-04-07 15:53:18', '0000-00-00 00:00:00'),
(89, 'Leandro', 'Bartolini', 26662165, 221, 'leandro.bartolini@lafedar.com', NULL, NULL, 'pro', 1, 27, 1, '2020-04-07 15:53:18', '0000-00-00 00:00:00'),
(90, 'Melisa', 'Garioni', 31017035, 222, 'melisa.garioni@lafedar.com', NULL, NULL, 'com', 3, NULL, 1, '2020-04-07 15:53:18', '0000-00-00 00:00:00'),
(91, 'Evangelina', 'Varela', 24264446, 223, 'evangelina.varela@lafedar.com', NULL, NULL, 'lse', 1, 14, 1, '2020-04-07 15:53:18', '0000-00-00 00:00:00'),
(92, 'Gabriela', 'Gonzalez', 23278936, 224, 'Gabriela.Gonzalez@lafedar.com', NULL, NULL, 'pla', 3, NULL, 1, '2020-04-07 15:53:18', '0000-00-00 00:00:00'),
(93, 'Romina', 'Peltzer', 35028312, 225, 'romina.peltzer@lafedar.com', NULL, NULL, 'com', 3, NULL, 1, '2020-04-07 15:53:18', '0000-00-00 00:00:00'),
(94, 'Diego', 'Bueno', 25747757, 226, 'diego.bueno@lafedar.com', NULL, NULL, 'pla', 1, 13, 1, '2020-04-07 15:53:18', '0000-00-00 00:00:00'),
(96, 'Luis', 'Acuña', 24281969, 228, 'luis.acuna@lafedar.com', NULL, NULL, 'sol', 1, 31, 1, '2020-04-07 15:53:18', '0000-00-00 00:00:00'),
(1134, 'Maximiliano', 'Bovolini', 27607195, 201, 'maximiliano.bovolini@lafedar.com', NULL, NULL, 'der', 2, 47, 1, '2020-04-07 15:53:18', '0000-00-00 00:00:00'),
(1137, 'Jesica', 'Bonus', 33922355, 131, 'jesica.bonus@lafedar.com', '1988-07-26', '2017-08-01', 'dis', 3, NULL, 1, '2020-04-07 15:53:18', '0000-00-00 00:00:00'),
(1139, 'Romina', 'Fusse', 31976154, 153, 'romina.fusse@lafedar.com', NULL, NULL, 'cca', 1, 45, 1, '2020-04-07 15:53:18', '0000-00-00 00:00:00'),
(1150, 'Rocio', 'Racca', 34924709, 155, 'controlmateriales@lafedar.com', NULL, NULL, 'cca', 3, NULL, 1, '2020-04-07 15:53:18', '0000-00-00 00:00:00'),
(1151, 'Darío', 'Luna', 30558809, 163, 'dario.luna@lafedar.com', NULL, NULL, 'act', 2, 17, 1, '2020-04-07 15:53:18', '0000-00-00 00:00:00'),
(1152, 'Regina', 'Triano', 38570032, 166, 'regina.triano@lafedar.com', NULL, NULL, 'gca', 3, NULL, 1, '2020-04-07 15:53:18', '0000-00-00 00:00:00'),
(1153, 'Lucrecia', 'Fernandez', 32833835, 166, 'lucrecia.fernandez@lafedar.com', NULL, NULL, 'gca', 3, NULL, 1, '2020-04-07 15:53:18', '0000-00-00 00:00:00'),
(1154, 'Juan Ignacio', 'Carrere', 36220554, 217, 'ignacio.carrere@lafedar.com', '1989-09-25', '2018-07-02', 'gca', 3, 0, 1, '2020-04-07 15:53:18', '0000-00-00 00:00:00'),
(1156, 'Antonio', 'Zamero', 28257366, 195, 'antonio.zamero@lafedar.com', NULL, NULL, 'ing', 3, NULL, 1, '2020-04-07 15:53:18', '0000-00-00 00:00:00'),
(1189, 'Nadia', 'Naput Neme', 28135160, 105, 'nnaput@lafedar.com', NULL, NULL, 'fac', 3, NULL, 1, '2020-04-07 15:53:18', '0000-00-00 00:00:00'),
(1191, 'German', 'Zapata', 33624649, 153, '', NULL, NULL, 'cca', 3, NULL, 1, '2020-04-07 15:53:18', '0000-00-00 00:00:00'),
(1205, 'Ricardo', 'Guimarey', 5263337, 100, 'rguimarey@lafedar.com', NULL, NULL, 'pre', 1, 42, 1, '2020-04-07 15:53:18', '0000-00-00 00:00:00'),
(1206, 'Marina', 'Sandoval', 29294607, 0, 'marina.sandoval@lafedar.com', NULL, NULL, 'rec', 3, 6, 1, '2020-04-07 15:53:18', '0000-00-00 00:00:00'),
(1207, 'Facundo', 'Tognola', 36446185, 169, 'facundo.tognola@lafedar.com', NULL, NULL, 'des', 3, NULL, 1, '2020-04-07 15:53:18', '0000-00-00 00:00:00'),
(1208, 'Guardia', NULL, NULL, 200, 'guardia@lafedar.com\r\n', NULL, NULL, 'gua', 3, NULL, 0, '2020-04-07 15:54:10', '0000-00-00 00:00:00'),
(1209, 'Sala de Reuniones', NULL, NULL, 134, NULL, NULL, NULL, 'srs', 3, NULL, 0, '2020-04-07 15:54:13', '0000-00-00 00:00:00'),
(1210, 'Pasillo Esteriles', NULL, NULL, 171, NULL, NULL, NULL, 'lse', 3, 0, 0, '2020-04-07 15:54:15', '0000-00-00 00:00:00'),
(1211, 'Mauricio', 'Rolandi', 29048495, 111, 'mauricio.rolandi@lafedar.com', '1981-10-03', '2019-08-01', 'ind', 3, NULL, 1, '2020-04-07 15:53:18', '2019-08-06 16:26:41'),
(1212, 'Claudia', 'Arostegui', 31484987, 115, 'claudia.arostegui@lafedar.com', '1985-07-26', '2019-08-01', 'ven', 3, NULL, 1, '2020-04-07 15:53:18', '2019-08-07 14:13:47'),
(1215, 'Ricardo', 'Beltramino', NULL, NULL, NULL, NULL, NULL, 'act', 3, NULL, 1, '2020-04-07 15:53:18', '2019-08-27 17:22:25'),
(1217, 'Jorge', 'Flores', NULL, NULL, NULL, NULL, NULL, 'act', 3, NULL, 1, '2020-04-07 15:53:18', '2019-08-27 17:24:14'),
(1219, 'Gabriela', 'Medina', 35715629, 163, 'gabriela.medina@lafedar.com\r\n', NULL, NULL, 'act', 3, NULL, 1, '2020-04-07 15:53:18', '2019-08-27 17:25:06'),
(1220, 'Silvina', 'Pencel', NULL, NULL, NULL, NULL, NULL, 'act', 3, NULL, 1, '2020-04-07 15:53:18', '2019-08-27 17:25:19'),
(1221, 'Exequiel', 'Sasia', NULL, NULL, NULL, NULL, NULL, 'act', 3, NULL, 1, '2020-04-07 15:53:18', '2019-08-27 17:25:33'),
(1222, 'Leandro', 'Valdez', NULL, NULL, NULL, NULL, NULL, 'act', 3, NULL, 1, '2020-04-07 15:53:18', '2019-08-27 17:25:52'),
(1223, 'Martín', 'Vicentín', NULL, NULL, NULL, NULL, NULL, 'act', 3, NULL, 1, '2020-04-07 15:53:18', '2019-08-27 17:26:04'),
(1224, 'Dana', 'Barzola', NULL, NULL, NULL, NULL, NULL, 'aco', 3, NULL, 1, '2020-04-07 15:53:18', '2019-08-27 17:33:43'),
(1226, 'José', 'Cabrera', NULL, NULL, NULL, NULL, NULL, 'aco', 3, NULL, 1, '2020-04-07 15:53:18', '2019-08-27 17:34:03'),
(1227, 'Leonardo', 'Casa', NULL, NULL, NULL, NULL, NULL, 'aco', 3, NULL, 1, '2020-04-07 15:53:18', '2019-08-27 17:34:12'),
(1228, 'Leonardo', 'Cuatrin', NULL, NULL, NULL, NULL, NULL, 'aco', 3, NULL, 1, '2020-04-07 15:53:18', '2019-08-27 17:34:21'),
(1229, 'Graciela', 'Erbes', NULL, NULL, NULL, NULL, NULL, 'aco', 3, NULL, 1, '2020-04-07 15:53:18', '2019-08-27 17:34:30'),
(1230, 'Juan Pablo', 'Herlein', NULL, NULL, NULL, NULL, NULL, 'aco', 3, NULL, 1, '2020-04-07 15:53:18', '2019-08-27 17:34:42'),
(1231, 'Víctor', 'Ibarra', NULL, NULL, NULL, NULL, NULL, 'aco', 3, NULL, 1, '2020-04-07 15:53:18', '2019-08-27 17:34:58'),
(1232, 'Maria Noelia', 'Kessler', NULL, NULL, NULL, NULL, NULL, 'aco', 3, NULL, 1, '2020-04-07 15:53:18', '2019-08-27 17:35:11'),
(1233, 'Juan Manuel', 'Mayoraz', NULL, NULL, NULL, NULL, NULL, 'aco', 3, NULL, 1, '2020-04-07 15:53:18', '2019-08-27 17:35:29'),
(1234, 'Roxana', 'Ormache', 26150799, 163, 'roxana.ormache@lafedar.com', NULL, NULL, 'aco', 3, NULL, 1, '2020-04-07 15:53:18', '2019-08-27 17:35:40'),
(1235, 'Maria Eugenia', 'Russian', NULL, NULL, NULL, NULL, NULL, 'aco', 3, NULL, 1, '2020-04-07 15:53:18', '2019-08-27 17:36:01'),
(1237, 'Carlos', 'Aguiar', NULL, NULL, NULL, NULL, NULL, 'act', 3, NULL, 1, '2020-04-07 15:53:18', '2019-08-27 18:03:32'),
(1238, 'Angel', 'Aguirre', NULL, NULL, NULL, NULL, NULL, 'act', 3, NULL, 1, '2020-04-07 15:53:18', '2019-08-27 18:03:51'),
(1239, 'Alexis', 'Bertoli', NULL, NULL, NULL, NULL, NULL, 'act', 3, NULL, 1, '2020-04-07 15:53:18', '2019-08-27 18:04:24'),
(1240, 'Darío', 'Cabrera', NULL, NULL, NULL, NULL, NULL, 'aco', 3, NULL, 1, '2020-04-07 15:53:18', '2019-08-27 18:04:53'),
(1241, 'Eugenia', 'Alvarez', 32136960, NULL, NULL, NULL, NULL, 'cca', 3, NULL, 1, '2020-04-07 15:53:18', '2019-08-27 18:34:03'),
(1242, 'Agustina', 'Arale', 34495556, NULL, NULL, NULL, NULL, 'cca', 3, NULL, 1, '2020-04-07 15:53:18', '2019-08-27 18:34:18'),
(1243, 'Maria Alejandra', 'Bressan', 35706767, NULL, NULL, NULL, NULL, 'cca', 3, NULL, 1, '2020-04-07 15:53:18', '2019-08-27 18:34:33'),
(1244, 'Héctor', 'Calloni', 33686686, NULL, 'checkers@lafedar.com', NULL, NULL, 'cca', 3, NULL, 1, '2020-04-07 15:53:18', '2019-08-27 18:34:48'),
(1245, 'Gabriel', 'Cuevas', 35443009, 152, NULL, NULL, NULL, 'cca', 3, NULL, 1, '2020-05-06 13:57:17', '2019-08-27 18:35:01'),
(1246, 'Karen', 'Diederle', 35391999, NULL, NULL, NULL, NULL, 'cca', 3, NULL, 0, '2020-04-07 16:07:52', '2019-08-27 18:35:16'),
(1247, 'Rosa Valeria Elizabeth', 'Dominguez', 39027288, NULL, NULL, '1995-05-19', '2018-08-01', 'cca', 3, NULL, 1, '2020-04-07 15:53:18', '2019-08-27 18:35:28'),
(1248, 'Lucio', 'Getto', 29841981, NULL, 'checkers@lafedar.com', NULL, NULL, 'cca', 3, NULL, 1, '2020-04-07 15:53:18', '2019-08-27 18:36:14'),
(1249, 'Alejandro', 'Lugrin', 32834293, NULL, NULL, NULL, NULL, 'cca', 3, NULL, 1, '2020-04-07 15:53:18', '2019-08-27 18:36:22'),
(1250, 'Jose Maria', 'Méndez', 37080557, NULL, NULL, NULL, NULL, 'cca', 3, NULL, 1, '2020-04-07 15:53:18', '2019-08-27 18:37:12'),
(1251, 'Leandro', 'Plugoboy', 37716502, NULL, NULL, '1991-09-04', '2018-07-10', 'cca', 3, NULL, 1, '2020-04-07 15:53:18', '2019-08-27 18:39:45'),
(1252, 'Pamela', 'Zuska', NULL, NULL, NULL, NULL, NULL, 'cca', 3, NULL, 1, '2020-04-07 15:53:18', '2019-08-27 18:40:12'),
(1253, 'Carlos', 'Minetti', NULL, NULL, NULL, NULL, NULL, 'dee', 3, NULL, 1, '2020-04-07 15:53:18', '2019-08-27 19:27:46'),
(1254, 'Joaquín', 'Molaro', NULL, NULL, NULL, NULL, NULL, 'dee', 3, NULL, 1, '2020-04-07 15:53:18', '2019-08-27 19:28:02'),
(1255, 'Eduardo', 'Nuñez', NULL, NULL, NULL, NULL, NULL, 'dee', 3, NULL, 1, '2020-04-07 15:53:18', '2019-08-27 19:28:19'),
(1256, 'Lisandro', 'Barreto', 25690906, 201, 'lisandro.barreto@lafedar.com', NULL, NULL, 'der', 3, NULL, 1, '2020-04-07 15:53:18', '2019-08-27 19:28:52'),
(1257, 'Gabriel', 'Cáceres', NULL, NULL, NULL, NULL, NULL, 'der', 3, NULL, 1, '2020-04-17 15:17:21', '2019-08-27 19:29:00'),
(1258, 'Leonardo', 'Guzman', NULL, NULL, NULL, NULL, NULL, 'der', 3, NULL, 1, '2020-04-07 15:53:18', '2019-08-27 19:29:23'),
(1259, 'Maria Romina', 'Dobantón', 28913547, NULL, NULL, NULL, NULL, 'des', 3, NULL, 1, '2020-04-07 15:53:18', '2019-08-27 19:31:13'),
(1260, 'Daniela Marilina', 'Rojas', 37080243, NULL, NULL, '1992-12-15', '2018-04-03', 'ari', 3, NULL, 1, '2020-04-07 15:53:18', '2019-08-27 19:31:30'),
(1261, 'Daiana Estefanía', 'Yugdar', 35442194, NULL, NULL, '1990-09-13', '2018-09-03', 'des', 3, NULL, 1, '2020-04-07 15:53:18', '2019-08-27 19:31:45'),
(1262, 'Gerardo', 'Zandomeni', 18420345, 223, 'gerardo.zandomeni@lafedar.com', NULL, NULL, 'lst', 1, 49, 1, '2020-04-07 15:53:18', '2019-08-28 14:08:47'),
(1263, 'Rogelio Fabián', 'Ramírez', 26809220, 158, 'rogelio.ramirez@lafedar.com', '1978-09-10', '2017-08-22', 'lnt', 1, 50, 1, '2020-04-07 15:53:18', '2019-08-28 14:23:08'),
(1264, 'Oscar', 'Romero', NULL, NULL, NULL, NULL, NULL, 'lst', 3, NULL, 1, '2020-04-07 15:53:18', '2019-08-28 14:36:09'),
(1265, 'Hector Paulo', 'Fernandez', NULL, NULL, NULL, NULL, NULL, 'lse', 3, NULL, 1, '2020-04-07 15:53:18', '2019-08-28 14:36:35'),
(1266, 'Ulises', 'Mascrachio', NULL, NULL, NULL, NULL, NULL, 'lse', 3, NULL, 1, '2020-04-07 15:53:18', '2019-08-28 14:36:48'),
(1267, 'Matias', 'Narvaez', NULL, NULL, NULL, NULL, NULL, 'lse', 3, NULL, 1, '2020-04-07 15:53:18', '2019-08-28 14:37:05'),
(1268, 'Ulises', 'Pereyra', NULL, NULL, NULL, NULL, NULL, 'lse', 3, NULL, 1, '2020-04-07 15:53:18', '2019-08-28 14:37:49'),
(1269, 'Cristian', 'Quiroz', NULL, NULL, NULL, NULL, NULL, 'lse', 3, NULL, 1, '2020-04-07 15:53:18', '2019-08-28 14:38:05'),
(1270, 'Cristian', 'Vergara', NULL, NULL, NULL, NULL, NULL, 'lse', 3, NULL, 1, '2020-04-07 15:53:18', '2019-08-28 14:38:17'),
(1271, 'Mariano', 'Bonffantino', NULL, NULL, NULL, NULL, NULL, 'lst', 3, NULL, 1, '2020-04-07 15:53:18', '2019-08-28 14:39:30'),
(1272, 'Miguel Angel', 'Duré', NULL, NULL, NULL, NULL, NULL, 'lst', 3, NULL, 1, '2020-04-07 15:53:18', '2019-08-28 14:39:42'),
(1273, 'Jonathan', 'Escobar', NULL, NULL, NULL, NULL, NULL, 'lst', 3, NULL, 1, '2020-04-07 15:53:18', '2019-08-28 14:39:56'),
(1274, 'Javier', 'Ghibaudo', NULL, NULL, NULL, NULL, NULL, 'lst', 3, NULL, 1, '2020-04-07 15:53:18', '2019-08-28 14:41:01'),
(1275, 'Lucas', 'Sostersich', NULL, NULL, NULL, NULL, NULL, 'lst', 3, NULL, 1, '2020-04-07 15:53:18', '2019-08-28 14:41:15'),
(1276, 'Gastón Rodrigo', 'Blasko', 35028696, NULL, NULL, '1990-01-17', '2017-08-07', 'lnt', 3, NULL, 1, '2020-04-07 15:53:18', '2019-08-28 15:42:09'),
(1277, 'Claudio', 'Bravo', NULL, NULL, NULL, NULL, NULL, 'lnt', 3, NULL, 1, '2020-04-07 15:53:18', '2019-08-28 15:42:25'),
(1278, 'Juan Gerónimo', 'Cabrera', NULL, NULL, NULL, NULL, NULL, 'lnt', 3, NULL, 1, '2020-04-07 15:53:18', '2019-08-28 15:42:47'),
(1279, 'Santiago', 'Caruso', NULL, NULL, NULL, NULL, NULL, 'lnt', 3, NULL, 1, '2020-04-07 15:53:18', '2019-08-28 15:42:59'),
(1280, 'Esteban', 'Danesi', NULL, NULL, NULL, NULL, NULL, 'lnt', 3, NULL, 1, '2020-04-07 15:53:18', '2019-08-28 15:43:12'),
(1281, 'Pedro', 'Martínez', NULL, NULL, NULL, NULL, NULL, 'lnt', 3, NULL, 1, '2020-04-07 15:53:18', '2019-08-28 15:43:22'),
(1282, 'Luis', 'Montes', NULL, NULL, NULL, NULL, NULL, 'lnt', 3, NULL, 1, '2020-04-07 15:53:18', '2019-08-28 15:43:43'),
(1284, 'Maximiliano', 'Quiroz', NULL, NULL, NULL, NULL, NULL, 'lnt', 3, NULL, 1, '2020-04-07 15:53:18', '2019-08-28 15:43:52'),
(1285, 'Luciano', 'Cáceres', NULL, NULL, NULL, NULL, NULL, 'lsn', 3, NULL, 1, '2020-04-07 15:53:18', '2019-08-28 15:46:49'),
(1286, 'Armando', 'Camejo', NULL, NULL, NULL, NULL, NULL, 'lsn', 3, NULL, 1, '2020-04-07 15:53:18', '2019-08-28 15:47:02'),
(1287, 'Luis', 'García', NULL, NULL, NULL, NULL, NULL, 'lsn', 3, NULL, 1, '2020-04-07 15:53:18', '2019-08-28 15:47:15'),
(1288, 'Mario', 'Martínez', NULL, NULL, NULL, NULL, NULL, 'lsn', 3, NULL, 1, '2020-04-07 15:53:18', '2019-08-28 15:47:46'),
(1289, 'Jorge', 'Monzon', NULL, NULL, NULL, NULL, NULL, 'lsn', 3, NULL, 1, '2020-04-07 15:53:18', '2019-08-28 15:48:00'),
(1290, 'Juan', 'Ocampo', NULL, NULL, NULL, NULL, NULL, 'lsn', 3, NULL, 1, '2020-04-07 15:53:18', '2019-08-28 15:48:41'),
(1291, 'Yamil', 'Sione', NULL, NULL, NULL, NULL, NULL, 'lsn', 3, NULL, 1, '2020-04-07 15:53:18', '2019-08-28 15:50:00'),
(1292, 'Rodolfo Agustín', 'Andrich', 41043959, NULL, NULL, '1994-08-24', '2018-01-02', 'mae', 3, NULL, 1, '2020-04-07 15:53:18', '2019-08-28 16:01:23'),
(1293, 'Mónica', 'Cabrera', NULL, NULL, NULL, NULL, NULL, 'mae', 3, NULL, 1, '2020-04-07 15:53:18', '2019-08-28 16:01:37'),
(1294, 'Natalia', 'Caffaro', NULL, NULL, NULL, NULL, NULL, 'mae', 3, NULL, 1, '2020-04-07 15:53:18', '2019-08-28 16:01:54'),
(1295, 'Maria Ana', 'Narvaez', NULL, NULL, NULL, NULL, NULL, 'mae', 3, NULL, 1, '2020-04-07 15:53:18', '2019-08-28 16:02:18'),
(1296, 'Melisa', 'Perazzo', NULL, NULL, NULL, NULL, NULL, 'mae', 3, NULL, 1, '2020-04-07 15:53:18', '2019-08-28 16:02:31'),
(1297, 'Silvina', 'Rivasseau', NULL, NULL, NULL, NULL, NULL, 'mae', 3, NULL, 1, '2020-04-07 15:53:18', '2019-08-28 16:02:44'),
(1298, 'Mariela', 'Russian', NULL, NULL, NULL, NULL, NULL, 'mae', 3, NULL, 1, '2020-04-07 15:53:18', '2019-08-28 16:03:01'),
(1299, 'Darío', 'Schonfeld', NULL, NULL, NULL, NULL, NULL, 'mae', 3, NULL, 1, '2020-04-07 15:53:18', '2019-08-28 16:03:37'),
(1300, 'Gonzalo Javier', 'Soñez', 38170800, NULL, NULL, '1995-01-11', '2018-01-02', 'mae', 3, NULL, 1, '2020-04-07 15:53:18', '2019-08-28 16:03:54'),
(1302, 'Hugo', 'Aviles', NULL, NULL, NULL, NULL, NULL, 'man', 3, NULL, 1, '2020-04-07 15:53:18', '2019-08-28 16:06:13'),
(1303, 'Franco', 'Bersano', NULL, NULL, NULL, NULL, NULL, 'man', 3, NULL, 1, '2020-04-07 15:53:18', '2019-08-28 16:06:27'),
(1304, 'Edilberto', 'Cerrano', NULL, NULL, NULL, NULL, NULL, 'man', 3, NULL, 1, '2020-04-07 15:53:18', '2019-08-28 16:06:40'),
(1305, 'Adrián', 'Derfler', NULL, 194, NULL, NULL, NULL, 'man', 3, NULL, 1, '2020-04-07 15:53:18', '2019-08-28 16:06:52'),
(1306, 'Donato', 'Ippolito', NULL, NULL, NULL, NULL, NULL, 'man', 3, NULL, 1, '2020-04-07 15:53:18', '2019-08-28 16:07:24'),
(1307, 'Jorge', 'Martínez', NULL, NULL, NULL, NULL, NULL, 'man', 3, NULL, 1, '2020-04-07 15:53:18', '2019-08-28 16:07:37'),
(1308, 'Luis', 'Pérez', NULL, NULL, NULL, NULL, NULL, 'man', 3, NULL, 1, '2020-04-07 15:53:18', '2019-08-28 16:07:48'),
(1309, 'Esteban', 'Sian', 38544131, NULL, NULL, '1995-01-10', '2019-05-27', 'man', 3, NULL, 1, '2020-04-07 15:53:18', '2019-08-28 16:08:01'),
(1310, 'Gisela', 'Baez', 31521646, NULL, NULL, NULL, NULL, 'mic', 3, NULL, 1, '2020-04-07 15:53:18', '2019-08-28 16:15:59'),
(1311, 'Alis', 'Hatchadourian', 32636030, NULL, NULL, '1986-09-14', '2018-07-16', 'mic', 3, NULL, 1, '2020-04-07 15:53:18', '2019-08-28 16:16:16'),
(1312, 'Nanci Cecilia', 'López', 35299330, NULL, NULL, '1990-07-13', '2017-12-14', 'mic', 3, NULL, 1, '2020-04-07 15:53:18', '2019-08-28 16:16:36'),
(1313, 'Evelyn', 'Riffel', 35028427, NULL, NULL, NULL, NULL, 'mic', 3, NULL, 1, '2020-04-07 15:53:18', '2019-08-28 16:16:51'),
(1314, 'Yanina', 'Schulz', 31578976, 179, 'microbiologia@lafedar.com', NULL, NULL, 'mic', 3, NULL, 1, '2020-04-07 15:53:18', '2019-08-28 16:17:07'),
(1315, 'Aldo', 'Alderete', NULL, 162, NULL, NULL, NULL, 'pes', 3, NULL, 1, '2020-04-07 15:53:18', '2019-08-28 16:30:46'),
(1316, 'Camilo', 'Amato', NULL, NULL, NULL, NULL, NULL, 'pes', 3, NULL, 1, '2020-04-07 15:53:18', '2019-08-28 16:30:59'),
(1317, 'Julian', 'Sione', 32668970, NULL, NULL, NULL, NULL, 'pes', 3, NULL, 1, '2020-04-07 15:53:18', '2019-08-28 16:31:14'),
(1318, 'Nestor', 'Ruiz Moreno', 17850137, 228, 'nestor.ruiz@lafedar.com', NULL, NULL, 'sot', 1, 51, 1, '2020-04-07 15:53:18', '2019-08-28 16:45:17'),
(1319, 'Gustavo', 'Armanasco', NULL, NULL, NULL, NULL, NULL, 'sot', 3, NULL, 1, '2020-04-07 15:53:18', '2019-08-28 17:27:02'),
(1320, 'Enzo', 'Bobillo', NULL, NULL, NULL, NULL, NULL, 'sot', 3, NULL, 1, '2020-04-07 15:53:18', '2019-08-28 17:27:33'),
(1321, 'Alexis', 'Botto Molina', NULL, NULL, NULL, NULL, NULL, 'sot', 3, NULL, 1, '2020-04-07 15:53:18', '2019-08-28 17:27:50'),
(1322, 'Daniel', 'Cejas', NULL, NULL, NULL, NULL, NULL, 'sot', 3, NULL, 1, '2020-04-07 15:53:18', '2019-08-28 17:28:03'),
(1323, 'Jorge', 'Cepeda', NULL, NULL, NULL, NULL, NULL, 'sot', 3, NULL, 1, '2020-04-07 15:53:18', '2019-08-28 17:28:21'),
(1324, 'Juan Carlos', 'Cogno', NULL, NULL, NULL, NULL, NULL, 'sot', 3, NULL, 1, '2020-04-07 15:53:18', '2019-08-28 17:28:39'),
(1325, 'Juan Manuel', 'Bergara', NULL, NULL, NULL, NULL, NULL, 'sol', 3, NULL, 1, '2020-04-07 15:53:18', '2019-08-28 17:29:07'),
(1326, 'José', 'Cerrano', NULL, NULL, NULL, NULL, NULL, 'sol', 3, NULL, 1, '2020-04-07 15:53:18', '2019-08-28 17:29:23'),
(1327, 'Waldemar', 'Jacquet Cosnard', NULL, NULL, NULL, NULL, NULL, 'sol', 3, NULL, 1, '2020-04-07 15:53:18', '2019-08-28 17:29:38'),
(1328, 'Dariana', 'Mendoza', NULL, NULL, NULL, NULL, NULL, 'sol', 3, NULL, 1, '2020-04-07 15:53:18', '2019-08-28 17:34:01'),
(1329, 'Diego', 'Pérez', NULL, NULL, NULL, NULL, NULL, 'sol', 3, NULL, 1, '2020-04-07 15:53:18', '2019-08-28 17:34:15'),
(1330, 'Joel', 'Sione', NULL, NULL, NULL, NULL, NULL, 'sol', 3, NULL, 1, '2020-04-07 15:53:18', '2019-08-28 17:34:31'),
(1331, 'Oscar', 'Villarreal', NULL, NULL, NULL, NULL, NULL, 'sol', 3, NULL, 1, '2020-04-07 15:53:18', '2019-08-28 17:34:45'),
(1332, 'Esteban Andrés', 'Quiroz', 29883868, 191, 'esteban.quiroz@lafedar.com', '1983-03-08', '2019-03-06', 'val', 3, NULL, 1, '2020-04-07 15:53:18', '2019-08-28 17:37:27'),
(1333, 'Fernando Andres', 'Sangoy', NULL, NULL, NULL, NULL, NULL, 'lsn', 3, NULL, 1, '2020-04-07 15:53:18', '2019-09-02 16:02:33'),
(1334, 'Fabian', 'Schenfeld', NULL, NULL, NULL, NULL, NULL, 'aco', 3, NULL, 1, '2020-04-07 15:53:18', '2019-09-03 15:15:14'),
(1335, 'Darío', 'Gómez', NULL, NULL, NULL, NULL, NULL, 'act', 3, NULL, 1, '2020-04-07 15:53:18', '2019-10-10 21:25:38'),
(1336, 'Maximiliano', 'Villanueva', 33424363, 194, NULL, '1987-11-02', '2019-07-15', 'man', 3, NULL, 1, '2020-04-07 15:53:18', '2019-11-19 10:57:04'),
(1337, 'Mauro Ivan', 'Petersen', 40563513, NULL, NULL, NULL, '2020-02-17', 'aco', 3, NULL, 1, '2020-04-07 15:53:18', '2020-04-07 10:50:27'),
(1338, 'Gabriel Exequiel', 'Martínez', 34014030, NULL, NULL, NULL, '2020-01-02', 'aco', 3, NULL, 1, '2020-04-07 15:53:18', '2020-04-07 11:04:50'),
(1339, 'Maximiliano Agustín', 'Gonzalez', 36704147, NULL, NULL, '1992-04-15', '2019-12-09', 'aco', 3, NULL, 1, '2020-04-07 15:53:18', '2020-04-07 12:05:00'),
(1340, 'Carlos Ariel', 'Mohr', 38772547, NULL, NULL, '1995-03-14', '2019-12-09', 'aco', 3, NULL, 1, '2020-04-07 15:53:18', '2020-04-07 12:08:51'),
(1341, 'Ezequiel Sergio', 'Diaz', 39261328, NULL, NULL, '1996-02-02', '2019-12-09', 'sol', 3, NULL, 1, '2020-04-07 15:58:40', '2020-04-07 13:45:17'),
(1342, 'Claudio Fabian', 'Chaves', 36831693, NULL, NULL, '1993-08-02', '2020-02-17', 'sol', 3, NULL, 1, '2020-04-07 15:53:18', '2020-04-07 13:49:18'),
(1343, 'Juan Manuel', 'Igarza', 36590940, NULL, NULL, '1992-02-26', '2020-02-17', 'sol', 3, NULL, 1, '2020-04-07 15:53:18', '2020-04-07 13:51:17'),
(1344, 'Vega', 'Roque', NULL, NULL, NULL, NULL, NULL, 'mae', 3, NULL, 0, '2020-04-07 16:07:45', '2020-04-07 16:07:38');

-- --------------------------------------------------------

--
-- Estructura de tabla para la tabla `puestos`
--

CREATE TABLE `puestos` (
  `id_puesto` int(11) NOT NULL,
  `desc_puesto` varchar(50) DEFAULT NULL,
  `area` varchar(3) DEFAULT NULL,
  `persona` int(10) DEFAULT NULL,
  `telefono_ip` tinyint(4) DEFAULT NULL,
  `updated_at` timestamp NULL DEFAULT CURRENT_TIMESTAMP,
  `created_at` timestamp NULL DEFAULT CURRENT_TIMESTAMP
) ENGINE=InnoDB DEFAULT CHARSET=latin1;

--
-- Volcado de datos para la tabla `puestos`
--

INSERT INTO `puestos` (`id_puesto`, `desc_puesto`, `area`, `persona`, `telefono_ip`, `updated_at`, `created_at`) VALUES
(78, 'Sistemas 1', 'sis', 26, 1, '2019-11-06 14:46:25', '2019-11-06 14:46:25'),
(79, 'Sistemas 2', 'sis', 19, 1, '2019-11-06 14:46:25', '2019-11-06 14:46:25'),
(80, 'Asuntos regulatorios 1', 'asr', 60, NULL, '2019-11-06 14:46:25', '2019-11-06 14:46:25'),
(81, 'Asuntos regulatorios 2', 'asr', 59, 1, '2019-11-06 14:46:25', '2019-11-06 14:46:25'),
(82, 'Asuntos regulatorios 3', 'asr', 58, NULL, '2019-11-06 14:46:25', '2019-11-06 14:46:25'),
(83, 'Asuntos regulatorios 4', 'ari', 64, 1, '2019-11-06 14:46:25', '2019-11-06 14:46:25'),
(84, 'Asuntos regulatorios 5', 'ari', 1260, NULL, '2019-11-06 14:46:25', '2019-11-06 14:46:25'),
(85, 'Diseño', 'dis', 51, 1, '2019-11-06 14:46:25', '2019-11-06 14:46:25'),
(86, 'Director técnico', 'dit', 55, 1, '2019-11-06 19:00:45', '2019-11-06 19:00:45'),
(87, 'Pagos 1', 'pag', 33, 1, '2019-11-06 19:02:48', '2019-11-06 19:02:48'),
(88, 'Pagos 2', 'pag', 32, 1, '2019-11-06 19:03:06', '2019-11-06 19:03:06'),
(89, 'Pagos 3', 'pag', 34, 1, '2019-11-06 19:03:21', '2019-11-06 19:03:21'),
(90, 'Facturación 1', 'fac', 35, 1, '2019-11-06 19:03:35', '2019-11-06 19:03:35'),
(91, 'Facturación 2', 'fac', 1189, NULL, '2019-11-06 19:03:44', '2019-11-06 19:03:44'),
(92, 'Costos', 'cos', 53, 1, '2019-11-06 19:04:04', '2019-11-06 19:04:04'),
(93, 'Marketing', 'mar', 1137, NULL, '2019-11-06 19:05:13', '2019-11-06 19:05:13'),
(95, 'Contable', 'con', 45, 1, '2019-11-06 16:12:23', '2019-11-06 16:12:23'),
(96, 'Ingeniería industrial', 'ind', 1211, 1, '2019-11-06 19:15:10', '2019-11-06 19:15:10'),
(97, 'Comercio exterior 1', 'coe', 43, 1, '2019-11-06 19:15:57', '2019-11-06 19:15:57'),
(98, 'Comercio exterior 2', 'coe', 42, 1, '2019-11-06 19:16:10', '2019-11-06 19:16:10'),
(99, 'Comercio exterior 3', 'coe', 49, NULL, '2019-11-06 19:16:25', '2019-11-06 19:16:25'),
(100, 'Ventas 1', 'ven', 39, 1, '2019-11-06 21:30:04', '2019-11-06 21:30:04'),
(101, 'Ventas 2', 'ven', 38, 1, '2019-11-06 21:30:18', '2019-11-06 21:30:18'),
(102, 'Ventas 3', 'ven', 1212, 1, '2019-11-06 21:30:38', '2019-11-06 21:30:38'),
(103, 'Ventas 4', 'ven', 44, 1, '2019-11-06 21:31:41', '2019-11-06 21:31:41'),
(107, 'Coordinador general', 'ope', 36, 1, '2019-11-06 22:12:01', '2019-11-06 22:12:01'),
(108, 'Directorio 1', 'dir', 40, 1, '2019-11-06 22:53:48', '2019-11-06 22:53:48'),
(109, 'Directorio 2', 'ope', 41, 1, '2019-11-06 22:55:15', '2019-11-06 22:55:15'),
(110, 'Depósito', 'sis', NULL, NULL, '2019-11-07 13:37:17', '2019-11-07 13:37:17'),
(111, 'Validaciones 1', 'val', 68, 1, '2019-11-07 16:38:57', '2019-11-07 16:38:57'),
(112, 'Validaciones 2', 'val', 80, 1, '2019-11-07 16:39:07', '2019-11-07 16:39:07'),
(113, 'Validaciones 3', 'val', 1332, NULL, '2019-11-07 16:39:25', '2019-11-07 16:39:25'),
(114, 'Planificacion 1', 'pla', 94, 1, '2019-11-07 16:41:08', '2019-11-07 16:41:08'),
(115, 'Planificacion 2', 'pla', 92, 1, '2019-11-07 16:41:43', '2019-11-07 16:41:43'),
(116, 'Planificacion 3', 'pla', 54, 1, '2019-11-07 16:42:18', '2019-11-07 16:42:18'),
(117, 'Planificacion', 'pla', NULL, NULL, '2019-11-07 13:48:15', '2019-11-07 13:48:15'),
(118, 'RRHH', 'reh', 46, 1, '2019-11-08 21:56:30', '2019-11-08 21:56:30'),
(119, 'Recepción', 'rec', 1206, 1, '2019-11-08 21:57:23', '2019-11-08 21:57:23'),
(120, 'Personal', 'per', 48, 1, '2019-11-08 21:57:55', '2019-11-08 21:57:55'),
(121, 'Compras 1', 'com', 57, 1, '2019-11-08 21:58:31', '2019-11-08 21:58:31'),
(122, 'Compras 2', 'com', 93, 1, '2019-11-08 21:58:50', '2019-11-08 21:58:50'),
(123, 'Compras 3', 'com', 90, 1, '2019-11-08 21:59:12', '2019-11-08 21:59:12'),
(124, 'Asistente viceprecidencia', 'pre', 88, 1, '2019-11-08 22:00:12', '2019-11-08 22:00:12'),
(125, 'Deposito expedición 1', 'dee', 86, 1, '2019-11-08 22:01:10', '2019-11-08 22:01:10'),
(126, 'Deposito expedición 2', 'dee', NULL, NULL, '2019-11-08 19:01:20', '2019-11-08 19:01:20'),
(127, 'Asuntos regulatorios', 'asr', NULL, NULL, '2019-11-08 19:44:38', '2019-11-08 19:44:38'),
(128, 'Presidencia', 'pre', 1205, 1, '2019-11-11 16:21:29', '2019-11-11 16:21:29'),
(129, 'Vicepresidencia', 'pre', 31, 1, '2019-11-11 16:21:43', '2019-11-11 16:21:43'),
(131, 'Ingeniería 1', 'ing', 79, 1, '2019-11-11 17:05:46', '2019-11-11 17:05:46'),
(132, 'Ingeniería 2', 'ing', 83, NULL, '2019-11-11 17:06:03', '2019-11-11 17:06:03'),
(133, 'Ingeniería 3', 'ing', 1156, 1, '2019-11-11 17:06:15', '2019-11-11 17:06:15'),
(134, 'Mantenimiento 1', 'man', 81, 1, '2019-11-11 17:06:37', '2019-11-11 17:06:37'),
(135, 'Mantenimiento 2', 'man', 50, 1, '2019-11-11 17:06:55', '2019-11-11 17:06:55'),
(136, 'Mantenimiento 3', 'man', 1309, 1, '2019-11-11 17:07:37', '2019-11-11 17:07:37'),
(137, 'Deposito recepción 1', 'der', 85, 1, '2019-11-11 17:12:20', '2019-11-11 17:12:20'),
(138, 'Deposito recepción 2', 'der', 1134, 1, '2019-11-11 17:13:14', '2019-11-11 17:13:14'),
(139, 'Deposito recepción 3', 'der', 1256, 1, '2019-11-11 17:13:33', '2019-11-11 17:13:33'),
(140, 'Oftálmicos', 'lse', 91, 1, '2019-11-11 21:22:29', '2019-11-11 21:22:29'),
(141, 'Garantía de calidad 1', 'gca', 73, 1, '2019-11-11 21:27:25', '2019-11-11 21:27:25'),
(142, 'Garantía de calidad 2', 'gca', 1154, 1, '2019-11-11 21:27:43', '2019-11-11 21:27:43'),
(143, 'Garantía de calidad 3', 'gca', 72, NULL, '2019-11-11 21:27:55', '2019-11-11 21:27:55'),
(144, 'Garantía de calidad 4', 'gca', 1152, 1, '2019-11-11 21:28:15', '2019-11-11 21:28:15'),
(145, 'Garantía de calidad 5', 'gca', 1153, NULL, '2019-11-11 21:28:29', '2019-11-11 21:28:29'),
(146, 'Gerencia producción', 'pro', 71, 1, '2019-11-11 21:37:32', '2019-11-11 21:37:32'),
(147, 'Temp y Hum 1er piso', 'ing', NULL, NULL, '2019-11-11 18:43:52', '2019-11-11 18:43:52'),
(148, 'Temp y Hum 2do piso', 'ing', NULL, NULL, '2019-11-11 18:44:02', '2019-11-11 18:44:02'),
(149, 'Desarrollo 1', 'des', 77, 1, '2019-11-11 21:46:23', '2019-11-11 21:46:23'),
(150, 'Desarrollo 2', 'des', 76, 1, '2019-11-11 21:46:45', '2019-11-11 21:46:45'),
(151, 'Comunitaria - Desarrollo', 'des', NULL, NULL, '2019-11-11 18:50:57', '2019-11-11 18:50:57'),
(152, 'HPLC-022', 'des', NULL, NULL, '2019-11-11 18:52:48', '2019-11-11 18:52:48'),
(153, 'HPLC-030', 'des', NULL, NULL, '2019-11-11 18:52:48', '2019-11-11 18:52:48'),
(154, 'HPLC-031', 'des', NULL, NULL, '2019-11-11 18:52:48', '2019-11-11 18:52:48'),
(155, 'Desarrollo 3', 'des', 1207, 1, '2019-11-11 21:55:49', '2019-11-11 21:55:49'),
(156, 'Microbiología 1', 'mic', 78, 1, '2019-11-11 21:56:56', '2019-11-11 21:56:56'),
(157, 'Microbiología 2', 'mic', 1310, NULL, '2019-11-11 21:59:31', '2019-11-11 21:59:31'),
(158, 'Microbiología 3', 'mic', 1314, 1, '2019-11-11 22:01:45', '2019-11-11 22:01:45'),
(159, 'Co-Director Técnico', 'pro', 89, 1, '2019-11-11 22:03:13', '2019-11-11 22:03:13'),
(160, 'Acondicionamiento 1', 'aco', 70, 1, '2019-11-11 22:04:08', '2019-11-11 22:04:08'),
(161, 'Solidos', 'sol', 96, 1, '2019-11-11 22:06:28', '2019-11-11 22:06:28'),
(162, 'Pasillo de oftalmicos', 'lse', NULL, NULL, '2019-11-11 19:07:45', '2019-11-11 19:07:45'),
(163, 'Control de calidad 1', 'cca', 61, 1, '2019-11-11 22:09:07', '2019-11-11 22:09:07'),
(164, 'Control de calidad 2', 'cca', 1248, NULL, '2019-11-11 19:09:44', '2019-11-11 19:09:44'),
(165, 'Control de calidad 3', 'cca', 1139, 1, '2019-11-11 22:11:02', '2019-11-11 22:11:02'),
(166, 'Control de calidad 4', 'cca', 63, NULL, '2019-11-11 22:11:17', '2019-11-11 22:11:17'),
(167, 'Control de calidad 5', 'cca', 1241, NULL, '2019-11-11 22:14:34', '2019-11-11 22:14:34'),
(168, 'Maestranza', 'mae', 75, 1, '2019-11-11 22:39:26', '2019-11-11 22:39:26'),
(169, 'Equipo UV', 'cca', NULL, NULL, '2019-11-12 16:11:45', '2019-11-12 16:11:45'),
(170, 'Control de calidad 6', 'cca', NULL, NULL, '2019-11-12 16:12:55', '2019-11-12 16:12:55'),
(171, 'Titulador', 'cca', NULL, NULL, '2019-11-12 16:47:28', '2019-11-12 16:47:28'),
(172, 'Equipo IR', 'cca', NULL, NULL, '2019-11-12 16:48:20', '2019-11-12 16:48:20'),
(173, 'HPLC-047', 'cca', NULL, NULL, '2019-11-12 16:51:06', '2019-11-12 16:51:06'),
(174, 'HPLC-045', 'cca', NULL, NULL, '2019-11-12 16:51:06', '2019-11-12 16:51:06'),
(175, 'HPLC-088', 'cca', NULL, NULL, '2019-11-12 16:51:06', '2019-11-12 16:51:06'),
(176, 'Equipo GC', 'cca', NULL, NULL, '2019-11-12 16:51:06', '2019-11-12 16:51:06'),
(177, 'Equipo TOC', 'cca', NULL, NULL, '2019-11-12 16:51:06', '2019-11-12 16:51:06'),
(178, 'HPLC-147', 'cca', NULL, NULL, '2019-11-12 16:55:24', '2019-11-12 16:55:24'),
(179, 'HPLC-139', 'cca', NULL, NULL, '2019-11-12 16:55:24', '2019-11-12 16:55:24'),
(180, 'HPLC-013', 'cca', NULL, NULL, '2019-11-12 16:55:24', '2019-11-12 16:55:24'),
(181, 'HPLC-206', 'cca', NULL, NULL, '2019-11-12 16:55:24', '2019-11-12 16:55:24'),
(182, 'HPLC-178', 'cca', NULL, NULL, '2019-11-12 16:55:24', '2019-11-12 16:55:24'),
(183, 'HPLC-205', 'cca', NULL, NULL, '2019-11-12 16:55:24', '2019-11-12 16:55:24'),
(184, 'Control de calidad 7', 'cca', 65, 1, '2019-11-12 20:03:18', '2019-11-12 20:03:18'),
(185, 'Control de calidad 8', 'cca', 1150, NULL, '2019-11-12 20:06:01', '2019-11-12 20:06:01'),
(186, 'Pesadas 1', 'pes', 69, 1, '2019-11-12 20:19:16', '2019-11-12 20:19:16'),
(187, 'Sistemas', 'sis', NULL, NULL, '2019-11-12 17:29:56', '2019-11-12 17:29:56'),
(188, 'Sala de servidores 1', 'sis', NULL, NULL, '2019-11-12 17:40:35', '2019-11-12 17:40:35'),
(189, 'Equipo de agua 1', 'ing', NULL, NULL, '2019-11-12 17:42:03', '2019-11-12 17:42:03'),
(190, 'Equipo de agua 2', 'ing', NULL, NULL, '2019-11-12 17:42:08', '2019-11-12 17:42:08'),
(191, 'Paila', 'sol', NULL, NULL, '2019-11-12 17:44:46', '2019-11-12 17:44:46'),
(192, 'Estufa sólidos', 'sol', NULL, NULL, '2019-11-12 17:44:46', '2019-11-12 17:44:46'),
(193, 'Fresadora', 'man', NULL, NULL, '2019-11-13 12:18:17', '2019-11-13 12:18:17'),
(194, 'Garantía de calidad', 'gca', NULL, NULL, '2019-11-13 12:46:07', '2019-11-13 12:46:07'),
(195, 'Administración', NULL, NULL, NULL, '2019-11-13 13:13:20', '2019-11-13 13:13:20'),
(196, 'Estufa 2do piso', 'ing', NULL, NULL, '2019-11-13 17:40:03', '2019-11-13 17:40:03'),
(197, 'Control de materiales', 'cca', NULL, NULL, '2019-11-13 18:23:55', '2019-11-13 18:23:55'),
(198, 'Microbiología', 'mic', NULL, NULL, '2019-11-13 18:40:21', '2019-11-13 18:40:21'),
(199, 'Supervisor de Liq y S. Solidos No Estériles', 'lsn', 67, 1, '2019-11-14 12:09:58', '2019-11-14 12:09:58'),
(200, 'Ventas', 'ven', NULL, NULL, '2019-11-14 12:14:09', '2019-11-14 12:14:09'),
(201, 'Liq. y S. Solidos No Estériles', 'lsn', NULL, NULL, '2019-11-14 12:17:35', '2019-11-14 12:17:35'),
(202, 'Deposito Recepción', 'der', NULL, NULL, '2019-11-14 12:51:56', '2019-11-14 12:51:56'),
(203, 'Compras', 'com', NULL, NULL, '2019-11-14 13:14:11', '2019-11-14 13:14:11'),
(204, 'Acondicionamiento 3', 'aco', 1234, NULL, '2019-12-09 17:08:44', '2019-12-09 17:08:44'),
(205, 'Acondicionamiento 2', 'aco', NULL, NULL, '2019-12-09 17:10:48', '2019-12-09 17:10:48'),
(206, 'Pesadas 2', 'pes', NULL, NULL, '2020-01-07 19:17:25', '2020-01-07 19:17:25'),
(207, 'Blisteado', 'sol', NULL, NULL, '2020-01-16 20:05:56', '2020-01-16 20:05:56'),
(208, 'Empaque', 'ing', NULL, NULL, '2020-02-05 18:12:38', '2020-02-05 18:12:38'),
(209, 'Estabilidad', 'ing', NULL, NULL, '2020-02-06 13:19:25', '2020-02-06 13:19:25'),
(210, 'Guardia', 'gua', 1208, NULL, '2020-02-11 13:34:12', '2020-02-11 13:34:12'),
(211, 'Medico', 'reh', NULL, NULL, '2020-03-11 12:55:04', '2020-03-11 12:55:04');

-- --------------------------------------------------------

--
-- Estructura de tabla para la tabla `relaciones`
--

CREATE TABLE `relaciones` (
  `id_r` int(11) NOT NULL,
  `equipamiento` varchar(45) DEFAULT NULL,
  `puesto` int(11) DEFAULT NULL,
  `estado` tinyint(4) DEFAULT NULL,
  `updated_at` timestamp NULL DEFAULT NULL,
  `created_at` timestamp NULL DEFAULT NULL
) ENGINE=InnoDB DEFAULT CHARSET=latin1;

--
-- Volcado de datos para la tabla `relaciones`
--

INSERT INTO `relaciones` (`id_r`, `equipamiento`, `puesto`, `estado`, `updated_at`, `created_at`) VALUES
(8, 'E098', 78, 1, '2019-11-06 17:49:14', '2019-11-06 17:49:14'),
(9, 'E097', 79, 0, '2019-11-06 17:57:16', '2019-11-06 17:57:16'),
(10, 'E086', 80, 1, '2019-11-06 17:59:33', '2019-11-06 17:59:33'),
(11, 'E042', 81, 0, '2019-11-06 17:59:55', '2019-11-06 17:59:55'),
(12, 'E130', 82, 1, '2019-11-06 18:00:16', '2019-11-06 18:00:16'),
(13, 'E019', 83, 1, '2019-11-06 18:00:39', '2019-11-06 18:00:39'),
(14, 'E066', 84, 1, '2019-11-06 18:01:10', '2019-11-06 18:01:10'),
(15, 'E091', 85, 1, '2019-11-06 18:01:44', '2019-11-06 18:01:44'),
(16, 'E005', 86, 1, '2019-11-06 19:01:06', '2019-11-06 19:01:06'),
(18, 'E017', 87, 1, '2019-11-06 19:08:27', '2019-11-06 19:08:27'),
(19, 'E099', 88, 1, '2019-11-06 19:08:53', '2019-11-06 19:08:53'),
(20, 'E064', 89, 1, '2019-11-06 19:09:17', '2019-11-06 19:09:17'),
(21, 'E106', 90, 1, '2019-11-06 19:09:48', '2019-11-06 19:09:48'),
(22, 'E029', 91, 1, '2019-11-06 19:10:05', '2019-11-06 19:10:05'),
(23, 'E015', 92, 1, '2019-11-06 19:10:22', '2019-11-06 19:10:22'),
(25, 'E119', 96, 1, '2019-11-06 19:15:33', '2019-11-06 19:15:33'),
(26, 'E077', 97, 1, '2019-11-06 19:16:45', '2019-11-06 19:16:45'),
(27, 'E028', 98, 1, '2019-11-06 19:17:06', '2019-11-06 19:17:06'),
(28, 'E061', 99, 1, '2019-11-06 19:17:36', '2019-11-06 19:17:36'),
(29, 'E072', 100, 1, '2019-11-06 21:32:03', '2019-11-06 21:32:03'),
(30, 'E014', 101, 1, '2019-11-06 21:32:23', '2019-11-06 21:32:23'),
(31, 'E011', 102, 0, '2019-11-06 21:32:44', '2019-11-06 21:32:44'),
(35, 'E006', 107, 1, '2019-11-06 22:12:33', '2019-11-06 22:12:33'),
(37, 'I416', 85, 1, '2019-11-06 22:39:06', '2019-11-06 22:39:06'),
(38, 'E004', 110, 0, '2019-11-07 16:37:45', '2019-11-07 16:37:45'),
(39, 'E032', 110, 0, '2019-11-07 16:37:55', '2019-11-07 16:37:55'),
(40, 'E073', 110, 1, '2019-11-07 16:38:08', '2019-11-07 16:38:08'),
(41, 'E109', 110, 1, '2019-11-07 16:38:24', '2019-11-07 16:38:24'),
(42, 'E001', 111, 1, '2019-11-13 15:15:00', '2019-11-07 16:39:36'),
(43, 'E078', 112, 1, '2019-11-07 16:40:02', '2019-11-07 16:40:02'),
(44, 'E049', 113, 1, '2019-11-07 16:40:29', '2019-11-07 16:40:29'),
(45, 'E090', 114, 1, '2019-11-07 16:45:00', '2019-11-07 16:45:00'),
(46, 'E116', 115, 1, '2019-11-07 16:45:25', '2019-11-07 16:45:25'),
(47, 'E095', 116, 0, '2019-11-07 16:46:01', '2019-11-07 16:46:01'),
(48, 'E071', 103, 1, '2019-11-08 20:41:36', '2019-11-08 20:41:36'),
(50, 'M001', 78, 1, '2019-11-08 22:28:17', '2019-11-08 22:28:17'),
(51, 'M002', 79, 0, '2019-11-13 15:15:00', '2019-11-08 22:28:34'),
(52, 'M003', 80, 1, '2019-11-08 22:29:01', '2019-11-08 22:29:01'),
(53, 'M004', 81, 1, '2019-11-08 22:29:17', '2019-11-08 22:29:17'),
(54, 'M005', 82, 1, '2019-11-08 22:29:30', '2019-11-08 22:29:30'),
(55, 'M006', 83, 1, '2019-11-08 22:29:43', '2019-11-08 22:29:43'),
(56, 'M007', 84, 1, '2019-11-08 22:29:49', '2019-11-08 22:29:49'),
(57, 'M008', 85, 1, '2019-11-08 22:30:01', '2019-11-08 22:30:01'),
(58, 'M009', 86, 1, '2019-11-08 22:30:10', '2019-11-08 22:30:10'),
(59, 'M010', 87, 1, '2019-11-08 22:30:26', '2019-11-08 22:30:26'),
(60, 'M011', 88, 1, '2019-11-08 22:30:35', '2019-11-08 22:30:35'),
(61, 'M012', 89, 1, '2019-11-08 22:30:42', '2019-11-08 22:30:42'),
(62, 'M013', 90, 1, '2019-11-08 22:30:54', '2019-11-08 22:30:54'),
(63, 'M014', 99, 1, '2019-11-08 22:31:04', '2019-11-08 22:31:04'),
(64, 'M015', 93, 1, '2019-11-08 22:31:11', '2019-11-08 22:31:11'),
(65, 'M016', 92, 1, '2019-11-08 22:31:19', '2019-11-08 22:31:19'),
(66, 'M017', 91, 1, '2019-11-08 22:31:27', '2019-11-08 22:31:27'),
(67, 'M018', 96, 1, '2019-11-08 22:31:37', '2019-11-08 22:31:37'),
(69, 'M020', 95, 0, '2019-11-08 22:32:04', '2019-11-08 22:32:04'),
(70, 'M021', 107, 1, '2019-11-08 22:32:56', '2019-11-08 22:32:56'),
(71, 'M022', 98, 1, '2019-11-08 22:34:37', '2019-11-08 22:34:37'),
(73, 'M024', 103, 1, '2019-11-08 22:36:48', '2019-11-08 22:36:48'),
(74, 'M025', 101, 1, '2019-11-08 22:37:02', '2019-11-08 22:37:02'),
(75, 'M026', 102, 1, '2019-11-08 22:37:18', '2019-11-08 22:37:18'),
(76, 'M027', 100, 1, '2019-11-08 22:41:00', '2019-11-08 22:41:00'),
(77, 'M028', 118, 1, '2019-11-08 22:41:22', '2019-11-08 22:41:22'),
(78, 'M029', 119, 1, '2019-11-08 22:41:33', '2019-11-08 22:41:33'),
(79, 'M030', 120, 1, '2019-11-08 22:41:42', '2019-11-08 22:41:42'),
(81, 'M031', 121, 1, '2019-11-08 22:42:29', '2019-11-08 22:42:29'),
(82, 'M032', 122, 1, '2019-11-08 22:42:44', '2019-11-08 22:42:44'),
(83, 'M033', 123, 1, '2019-11-08 22:42:52', '2019-11-08 22:42:52'),
(84, 'M034', 124, 1, '2019-11-08 22:43:07', '2019-11-08 22:43:07'),
(86, 'M035', 125, 1, '2019-11-08 22:43:43', '2019-11-08 22:43:43'),
(87, 'M036', 126, 1, '2019-11-08 22:43:55', '2019-11-08 22:43:55'),
(88, 'I346', 127, 1, '2019-11-08 22:45:27', '2019-11-08 22:45:27'),
(89, 'I788', 127, 1, '2019-11-08 22:45:35', '2019-11-08 22:45:35'),
(90, 'M038', 128, 0, '2019-11-11 16:24:17', '2019-11-11 16:24:17'),
(91, 'M037', 129, 1, '2019-11-11 16:27:18', '2019-11-11 16:27:18'),
(92, 'E025', 131, 1, '2019-11-11 17:08:08', '2019-11-11 17:08:08'),
(93, 'E023', 132, 1, '2019-11-11 17:08:26', '2019-11-11 17:08:26'),
(94, 'E024', 133, 1, '2019-11-11 17:08:38', '2019-11-11 17:08:38'),
(95, 'E052', 134, 0, '2019-11-11 17:09:12', '2019-11-11 17:09:12'),
(96, 'E022', 135, 1, '2019-11-11 17:09:28', '2019-11-11 17:09:28'),
(97, 'E087', 136, 1, '2019-11-11 17:09:51', '2019-11-11 17:09:51'),
(98, 'E020', 139, 0, '2019-11-11 17:13:56', '2019-11-11 17:13:56'),
(100, 'E030', 137, 1, '2019-11-11 17:14:31', '2019-11-11 17:14:31'),
(101, 'M039', 137, 1, '2019-11-11 17:14:50', '2019-11-11 17:14:50'),
(102, 'M040', 138, 1, '2019-11-11 17:15:07', '2019-11-11 17:15:07'),
(103, 'E114', 138, 1, '2019-11-11 17:15:35', '2019-11-11 17:15:35'),
(105, 'M041', 139, 1, '2019-11-11 17:36:27', '2019-11-11 17:36:27'),
(106, 'M042', 131, 1, '2019-11-11 17:39:47', '2019-11-11 17:39:47'),
(107, 'M043', 135, 0, '2019-11-11 17:40:15', '2019-11-11 17:40:15'),
(108, 'M044', 134, 1, '2019-11-11 17:40:41', '2019-11-11 17:40:41'),
(109, 'M045', 133, 0, '2019-11-11 17:41:08', '2019-11-11 17:41:08'),
(110, 'M046', 132, 0, '2019-11-11 17:41:31', '2019-11-11 17:41:31'),
(111, 'M047', 136, 1, '2019-11-11 17:41:44', '2019-11-11 17:41:44'),
(112, 'E027', 128, 1, '2019-11-11 17:44:10', '2019-11-11 17:44:10'),
(113, 'E101', 129, 1, '2019-11-11 17:44:18', '2019-11-11 17:44:18'),
(114, 'E075', 125, 1, '2019-11-11 17:44:31', '2019-11-11 17:44:31'),
(115, 'E074', 126, 1, '2019-11-11 17:44:47', '2019-11-11 17:44:47'),
(116, 'E013', 121, 1, '2019-11-11 17:48:52', '2019-11-11 17:48:52'),
(117, 'E018', 122, 1, '2019-11-11 17:49:26', '2019-11-11 17:49:26'),
(118, 'E108', 123, 1, '2019-11-11 17:49:36', '2019-11-11 17:49:36'),
(119, 'E009', 124, 1, '2019-11-11 17:49:46', '2019-11-11 17:49:46'),
(120, 'E096', 120, 1, '2019-11-11 17:50:46', '2019-11-11 17:50:46'),
(121, 'E070', 119, 1, '2019-11-11 17:50:57', '2019-11-11 17:50:57'),
(122, 'E105', 118, 0, '2019-11-11 17:51:08', '2019-11-11 17:51:08'),
(123, 'M023', 97, 1, '2019-11-11 17:52:43', '2019-11-11 17:52:43'),
(124, 'E100', 93, 1, '2019-11-11 17:53:11', '2019-11-11 17:53:11'),
(125, 'M059', 111, 1, '2019-11-11 21:20:01', '2019-11-11 21:20:01'),
(126, 'M048', 112, 1, '2019-11-11 21:20:27', '2019-11-11 21:20:27'),
(127, 'M049', 113, 1, '2019-11-11 21:20:41', '2019-11-11 21:20:41'),
(128, 'M050', 140, 1, '2019-11-11 21:23:13', '2019-11-11 21:23:13'),
(129, 'M051', 114, 1, '2019-11-11 21:24:04', '2019-11-11 21:24:04'),
(130, 'M052', 115, 1, '2019-11-11 21:24:15', '2019-11-11 21:24:15'),
(131, 'M053', 116, 1, '2019-11-11 21:24:33', '2019-11-11 21:24:33'),
(132, 'E003', 141, 1, '2019-11-11 21:28:47', '2019-11-11 21:28:47'),
(133, 'M058', 141, 1, '2019-11-11 21:29:22', '2019-11-11 21:29:22'),
(134, 'E048', 142, 1, '2019-11-11 21:34:57', '2019-11-11 21:34:57'),
(135, 'M054', 142, 1, '2019-11-11 21:35:13', '2019-11-11 21:35:13'),
(136, 'M055', 143, 1, '2019-11-11 21:35:21', '2019-11-11 21:35:21'),
(137, 'E057', 143, 0, '2019-11-11 21:35:40', '2019-11-11 21:35:40'),
(138, 'M056', 144, 1, '2019-11-11 21:35:52', '2019-11-11 21:35:52'),
(139, 'E050', 144, 1, '2019-11-11 21:36:09', '2019-11-11 21:36:09'),
(140, 'M057', 145, 1, '2019-11-11 21:36:20', '2019-11-11 21:36:20'),
(141, 'E047', 145, 1, '2019-11-11 21:36:46', '2019-11-11 21:36:46'),
(142, 'M060', 146, 1, '2019-11-11 21:37:54', '2019-11-11 21:37:54'),
(143, 'M061', 147, 1, '2019-11-11 21:44:17', '2019-11-11 21:44:17'),
(144, 'M062', 148, 1, '2019-11-11 21:44:25', '2019-11-11 21:44:25'),
(145, 'E008', 147, 1, '2019-11-11 21:45:09', '2019-11-11 21:45:09'),
(146, 'E016', 148, 1, '2019-11-11 21:45:16', '2019-11-11 21:45:16'),
(147, 'E012', 149, 1, '2019-11-11 21:47:01', '2019-11-11 21:47:01'),
(148, 'E002', 150, 1, '2019-11-11 21:47:10', '2019-11-11 21:47:10'),
(149, 'M063', 149, 1, '2019-11-11 21:47:28', '2019-11-11 21:47:28'),
(150, 'M064', 150, 1, '2019-11-11 21:47:39', '2019-11-11 21:47:39'),
(151, 'M065', 151, 1, '2019-11-11 21:51:15', '2019-11-11 21:51:15'),
(152, 'E053', 151, 1, '2019-11-11 21:51:44', '2019-11-11 21:51:44'),
(153, 'M066', 152, 1, '2019-11-11 21:53:07', '2019-11-11 21:53:07'),
(154, 'M067', 154, 1, '2019-11-11 21:53:26', '2019-11-11 21:53:26'),
(155, 'M068', 153, 0, '2019-11-11 21:53:40', '2019-11-11 21:53:40'),
(156, 'E054', 152, 1, '2019-11-11 21:54:01', '2019-11-11 21:54:01'),
(157, 'E056', 154, 1, '2019-11-11 21:54:17', '2019-11-11 21:54:17'),
(158, 'E110', 153, 1, '2019-11-11 21:54:36', '2019-11-11 21:54:36'),
(159, 'M069', 155, 1, '2019-11-11 21:56:03', '2019-11-11 21:56:03'),
(160, 'E065', 155, 1, '2019-11-11 21:56:20', '2019-11-11 21:56:20'),
(161, 'M070', 156, 0, '2019-11-11 21:57:09', '2019-11-11 21:57:09'),
(162, 'E021', 156, 0, '2019-11-11 21:57:28', '2019-11-11 21:57:28'),
(163, 'E104', 157, 1, '2019-11-11 21:59:46', '2019-11-11 21:59:46'),
(164, 'M071', 157, 1, '2019-11-11 22:00:01', '2019-11-11 22:00:01'),
(165, 'E068', 158, 1, '2019-11-11 22:02:04', '2019-11-11 22:02:04'),
(166, 'M072', 159, 1, '2019-11-11 22:03:26', '2019-11-11 22:03:26'),
(167, 'E081', 159, 1, '2019-11-11 22:03:48', '2019-11-11 22:03:48'),
(168, 'M073', 160, 1, '2019-11-11 22:04:14', '2019-11-11 22:04:14'),
(169, 'E107', 160, 1, '2019-11-11 22:04:33', '2019-11-11 22:04:33'),
(170, 'M074', 161, 1, '2019-11-11 22:06:45', '2019-11-11 22:06:45'),
(171, 'E080', 161, 1, '2019-11-11 22:07:00', '2019-11-11 22:07:00'),
(172, 'M075', 162, 1, '2019-11-11 22:08:04', '2019-11-11 22:08:04'),
(173, 'E082', 162, 1, '2019-11-11 22:08:32', '2019-11-11 22:08:32'),
(174, 'M076', 163, 1, '2019-11-11 22:09:22', '2019-11-11 22:09:22'),
(175, 'M077', 164, 1, '2019-11-11 22:09:57', '2019-11-11 22:09:57'),
(176, 'E058', 163, 1, '2019-11-11 22:10:18', '2019-11-11 22:10:18'),
(177, 'E034', 164, 1, '2019-11-11 22:10:47', '2019-11-11 22:10:47'),
(178, 'M078', 165, 1, '2019-11-11 22:15:00', '2019-11-11 22:15:00'),
(179, 'M079', 166, 1, '2019-11-11 22:15:15', '2019-11-11 22:15:15'),
(181, 'E051', 146, 1, '2019-11-11 22:31:08', '2019-11-11 22:31:08'),
(182, 'E031', 95, 0, '2019-11-11 22:33:53', '2019-11-11 22:33:53'),
(184, 'E043', 166, 1, '2019-11-11 22:36:48', '2019-11-11 22:36:48'),
(185, 'E045', 165, 1, '2019-11-11 22:37:28', '2019-11-11 22:37:28'),
(186, 'E076', 168, 1, '2019-11-11 22:39:42', '2019-11-11 22:39:42'),
(188, 'M081', 169, 1, '2019-11-12 19:12:21', '2019-11-12 19:12:21'),
(190, 'M080', 167, 1, '2019-11-12 19:33:29', '2019-11-12 19:33:29'),
(191, 'E088', 167, 1, '2019-11-12 19:37:00', '2019-11-12 19:37:00'),
(192, 'M082', 170, 1, '2019-11-12 19:44:28', '2019-11-12 19:44:28'),
(193, 'E063', 169, 1, '2019-11-12 19:46:12', '2019-11-12 19:46:12'),
(194, 'E067', 170, 1, '2019-11-12 19:47:03', '2019-11-12 19:47:03'),
(195, 'M083', 171, 1, '2019-11-12 19:47:42', '2019-11-12 19:47:42'),
(196, 'E062', 171, 1, '2019-11-12 19:48:00', '2019-11-12 19:48:00'),
(197, 'M084', 172, 1, '2019-11-12 19:48:31', '2019-11-12 19:48:31'),
(198, 'E103', 172, 1, '2019-11-12 19:49:18', '2019-11-12 19:49:18'),
(199, 'M085', 173, 1, '2019-11-12 19:51:26', '2019-11-12 19:51:26'),
(200, 'M086', 174, 1, '2019-11-12 19:51:32', '2019-11-12 19:51:32'),
(201, 'M087', 175, 1, '2019-11-12 19:51:40', '2019-11-12 19:51:40'),
(202, 'E044', 173, 1, '2019-11-12 19:52:02', '2019-11-12 19:52:02'),
(203, 'E059', 174, 1, '2019-11-12 19:52:23', '2019-11-12 19:52:23'),
(204, 'E060', 175, 1, '2019-11-12 19:52:29', '2019-11-12 19:52:29'),
(205, 'M088', 176, 1, '2019-11-12 19:52:53', '2019-11-12 19:52:53'),
(206, 'M089', 177, 1, '2019-11-12 19:52:59', '2019-11-12 19:52:59'),
(207, 'E117', 177, 1, '2019-11-12 19:53:30', '2019-11-12 19:53:30'),
(208, 'E037', 176, 1, '2019-11-12 19:53:54', '2019-11-12 19:53:54'),
(209, 'M090', 178, 1, '2019-11-12 19:55:39', '2019-11-12 19:55:39'),
(210, 'M091', 179, 1, '2019-11-12 19:55:53', '2019-11-12 19:55:53'),
(211, 'M092', 180, 1, '2019-11-12 19:56:00', '2019-11-12 19:56:00'),
(212, 'M093', 181, 1, '2019-11-12 19:56:09', '2019-11-12 19:56:09'),
(213, 'M094', 182, 1, '2019-11-12 19:56:30', '2019-11-12 19:56:30'),
(214, 'M095', 183, 1, '2019-11-12 19:56:40', '2019-11-12 19:56:40'),
(215, 'E112', 178, 1, '2019-11-12 19:57:22', '2019-11-12 19:57:22'),
(216, 'E039', 179, 1, '2019-11-12 19:57:58', '2019-11-12 19:57:58'),
(217, 'E038', 180, 1, '2019-11-12 19:58:44', '2019-11-12 19:58:44'),
(218, 'E126', 181, 1, '2019-11-12 20:01:38', '2019-11-12 20:01:38'),
(219, 'E127', 183, 1, '2019-11-12 20:01:54', '2019-11-12 20:01:54'),
(220, 'E035', 182, 1, '2019-11-12 20:02:25', '2019-11-12 20:02:25'),
(221, 'M096', 170, 1, '2019-11-12 20:03:36', '2019-11-12 20:03:36'),
(222, 'E036', 184, 1, '2019-11-12 20:05:48', '2019-11-12 20:05:48'),
(223, 'M097', 185, 1, '2019-11-12 20:06:13', '2019-11-12 20:06:13'),
(224, 'E040', 185, 0, '2019-11-12 20:18:54', '2019-11-12 20:18:54'),
(225, 'M098', 186, 1, '2019-11-12 20:19:27', '2019-11-12 20:19:27'),
(226, 'E083', 186, 1, '2019-11-12 20:19:47', '2019-11-12 20:19:47'),
(227, 'E046', 140, 0, '2019-11-12 20:22:09', '2019-11-12 20:22:09'),
(228, 'E084', 187, 1, '2019-11-12 20:30:08', '2019-11-12 20:30:08'),
(230, 'E111', 188, 1, '2019-11-12 20:40:54', '2019-11-12 20:40:54'),
(231, 'E085', 189, 1, '2019-11-12 20:42:26', '2019-11-12 20:42:26'),
(232, 'E094', 191, 1, '2019-11-12 20:45:01', '2019-11-12 20:45:01'),
(233, 'E089', 192, 1, '2019-11-12 20:45:28', '2019-11-12 20:45:28'),
(234, 'E092', 187, 1, '2019-11-12 20:46:09', '2019-11-12 20:46:09'),
(235, 'E120', 160, 0, '2019-11-12 20:47:09', '2019-11-12 20:47:09'),
(236, 'E121', 131, 1, '2019-11-12 20:47:36', '2019-11-12 20:47:36'),
(237, 'M099', 188, 0, '2019-11-13 15:15:00', '2019-11-13 14:34:52'),
(238, 'M100', 168, 1, '2019-11-13 15:12:56', '2019-11-13 15:12:56'),
(239, 'M101', 193, 1, '2019-11-13 15:18:27', '2019-11-13 15:18:27'),
(240, 'M102', 189, 1, '2019-11-13 15:20:49', '2019-11-13 15:20:49'),
(241, 'E124', 190, 1, '2019-11-13 15:21:52', '2019-11-13 15:21:52'),
(242, 'M103', 190, 1, '2019-11-13 15:22:02', '2019-11-13 15:22:02'),
(243, 'I789', 117, 1, '2019-11-13 15:41:22', '2019-11-13 15:41:22'),
(244, 'I673', 194, 1, '2019-11-13 15:46:14', '2019-11-13 15:46:14'),
(245, 'I672', 195, 1, '2019-11-13 16:20:56', '2019-11-13 16:20:56'),
(246, 'I607', 195, 1, '2019-11-13 16:21:01', '2019-11-13 16:21:01'),
(247, 'M105', 191, 1, '2019-11-13 20:38:52', '2019-11-13 20:38:52'),
(248, 'M106', 192, 1, '2019-11-13 20:39:23', '2019-11-13 20:39:23'),
(249, 'E010', 196, 1, '2019-11-13 20:40:52', '2019-11-13 20:40:52'),
(250, 'M104', 196, 1, '2019-11-13 20:41:09', '2019-11-13 20:41:09'),
(251, 'I1466', 111, 1, '2019-11-13 20:57:38', '2019-11-13 20:57:38'),
(252, 'I1002', 161, 1, '2019-11-13 21:17:33', '2019-11-13 21:17:33'),
(253, 'I1447', 197, 1, '2019-11-13 21:24:30', '2019-11-13 21:24:30'),
(254, 'I1448', 198, 1, '2019-11-13 21:40:36', '2019-11-13 21:40:36'),
(255, 'I198', 186, 1, '2019-11-13 21:41:28', '2019-11-13 21:41:28'),
(256, 'I412', 141, 0, '2019-11-13 21:48:51', '2019-11-13 21:48:51'),
(257, 'I536', 197, 1, '2019-11-13 21:49:22', '2019-11-13 21:49:22'),
(258, 'I646', 160, 1, '2019-11-13 21:50:29', '2019-11-13 21:50:29'),
(260, 'I680', 149, 1, '2019-11-13 21:53:08', '2019-11-13 21:53:08'),
(261, 'I953', 163, 1, '2019-11-13 21:53:27', '2019-11-13 21:53:27'),
(262, 'M002', 188, 1, '2019-11-13 22:30:41', '2019-11-13 22:30:41'),
(263, 'M099', 79, 0, '2019-11-13 22:31:10', '2019-11-13 22:31:10'),
(264, 'I195', 90, 1, '2019-11-13 19:55:23', '2019-11-13 19:55:23'),
(265, 'I197', 90, 1, '2019-11-13 19:55:35', '2019-11-13 19:55:35'),
(266, 'I1009', 131, 1, '2019-11-14 11:38:44', '2019-11-14 11:38:44'),
(267, 'I405', 131, 1, '2019-11-14 11:39:27', '2019-11-14 11:39:27'),
(268, 'I196', 86, 1, '2019-11-14 11:56:13', '2019-11-14 11:56:13'),
(269, 'M108', 199, 1, '2019-11-14 12:11:30', '2019-11-14 12:11:30'),
(270, 'E055', 199, 1, '2019-11-14 12:13:25', '2019-11-14 12:13:25'),
(271, 'I457', 200, 1, '2019-11-14 12:14:48', '2019-11-14 12:14:48'),
(272, 'M107', 201, 1, '2019-11-14 12:17:56', '2019-11-14 12:17:56'),
(273, 'E041', 201, 1, '2019-11-14 12:33:35', '2019-11-14 12:33:35'),
(274, 'I683', 202, 1, '2019-11-14 12:52:21', '2019-11-14 12:52:21'),
(275, 'I696', 199, 1, '2019-11-14 13:03:24', '2019-11-14 13:03:24'),
(276, 'I954', 107, 1, '2019-11-14 13:09:37', '2019-11-14 13:09:37'),
(277, 'I787', 203, 1, '2019-11-14 13:14:39', '2019-11-14 13:14:39'),
(278, 'I654', 125, 1, '2019-11-14 13:21:42', '2019-11-14 13:21:42'),
(279, 'I192', 119, 1, '2019-11-14 13:55:56', '2019-11-14 13:55:56'),
(280, 'I0001', 165, 1, '2019-11-14 15:08:10', '2019-11-14 15:08:10'),
(281, 'I415', 128, 1, '2019-11-14 15:10:43', '2019-11-14 15:10:43'),
(282, 'I535', 134, 1, '2019-11-14 16:35:14', '2019-11-14 16:35:14'),
(283, 'I409', 120, 0, '2019-11-14 16:38:36', '2019-11-14 16:38:36'),
(284, 'E128', 131, 0, '2019-12-02 14:36:02', '2019-12-02 14:36:02'),
(285, 'E120', 205, 1, '2019-12-09 17:11:06', '2019-12-09 17:11:06'),
(286, 'E125', 131, 1, '2019-12-09 18:55:52', '2019-12-09 18:55:52'),
(287, 'M109', 204, 1, '2019-12-10 14:24:00', '2019-12-10 14:24:00'),
(288, 'E129', 134, 1, '2019-12-10 17:46:17', '2019-12-10 17:46:17'),
(289, 'E052', 185, 1, '2019-12-12 17:16:44', '2019-12-12 17:16:44'),
(290, 'E040', 81, 1, '2019-12-13 18:16:25', '2019-12-13 18:16:25'),
(291, 'M099', 128, 1, '2020-01-02 13:48:55', '2020-01-02 13:48:55'),
(292, 'M038', 79, 1, '2020-01-02 13:49:19', '2020-01-02 13:49:19'),
(293, 'E032', 204, 1, '2020-01-03 16:10:00', '2020-01-03 16:10:00'),
(294, 'M111', 206, 1, '2020-01-07 19:18:02', '2020-01-07 19:18:02'),
(295, 'E115', 206, 1, '2020-01-07 19:20:06', '2020-01-07 19:20:06'),
(296, 'E011', 139, 1, '2020-01-09 14:05:21', '2020-01-09 14:05:21'),
(297, 'E102', 79, 1, '2020-01-21 15:57:36', '2020-01-21 15:57:36'),
(298, 'E031', 116, 1, '2020-01-21 17:22:58', '2020-01-21 17:22:58'),
(299, 'E132', 140, 1, '2020-01-22 17:58:11', '2020-01-22 17:58:11'),
(300, 'I002', 138, 1, '2020-01-23 16:18:01', '2020-01-23 16:18:01'),
(301, 'I003', 138, 1, '2020-01-23 16:18:42', '2020-01-23 16:18:42'),
(302, 'I004', 206, 1, '2020-01-23 16:20:46', '2020-01-23 16:20:46'),
(303, 'I005', 201, 1, '2020-01-23 16:21:10', '2020-01-23 16:21:10'),
(304, 'I006', 162, 1, '2020-01-23 17:25:13', '2020-01-23 17:25:13'),
(305, 'I007', 160, 1, '2020-01-23 17:25:26', '2020-01-23 17:25:26'),
(306, 'I008', 205, 1, '2020-01-23 17:26:18', '2020-01-23 17:26:18'),
(307, 'I009', 161, 1, '2020-01-23 17:27:42', '2020-01-23 17:27:42'),
(308, 'L001', 125, 1, '2020-01-23 17:31:33', '2020-01-23 17:31:33'),
(309, 'L002', 206, 1, '2020-01-23 17:31:49', '2020-01-23 17:31:49'),
(310, 'L003', 160, 1, '2020-01-23 17:32:15', '2020-01-23 17:32:15'),
(311, 'L004', 162, 1, '2020-01-23 17:32:28', '2020-01-23 17:32:28'),
(312, 'L005', 201, 1, '2020-01-23 17:33:22', '2020-01-23 17:33:22'),
(313, 'L007', 110, 1, '2020-01-23 17:33:47', '2020-01-23 17:33:47'),
(314, 'L008', 110, 0, '2020-01-23 17:34:21', '2020-01-23 17:34:21'),
(315, 'L008', 161, 1, '2020-01-23 17:35:05', '2020-01-23 17:35:05'),
(316, 'L009', 110, 1, '2020-01-23 17:35:28', '2020-01-23 17:35:28'),
(317, 'H001', 126, 1, '2020-01-23 18:40:10', '2020-01-23 18:40:10'),
(318, 'H002', 126, 1, '2020-01-23 18:40:26', '2020-01-23 18:40:26'),
(319, 'H003', 138, 0, '2020-01-23 18:47:31', '2020-01-23 18:47:31'),
(320, 'H004', 164, 1, '2020-01-24 13:21:57', '2020-01-24 13:21:57'),
(321, 'H005', 160, 1, '2020-01-24 13:22:12', '2020-01-24 13:22:12'),
(322, 'E000', 207, 1, '2020-01-24 19:08:12', '2020-01-24 19:08:12'),
(323, 'I409', 168, 1, '2020-01-28 12:30:34', '2020-01-28 12:30:34'),
(324, 'I388', 120, 1, '2020-01-28 12:31:57', '2020-01-28 12:31:57'),
(325, 'I534', 82, 1, '2020-01-28 12:33:34', '2020-01-28 12:33:34'),
(326, 'I414', 129, 1, '2020-01-28 12:39:25', '2020-01-28 12:39:25'),
(327, 'I1265', 95, 0, '2020-01-28 12:41:00', '2020-01-28 12:41:00'),
(328, 'E133', 118, 1, '2020-01-29 18:10:24', '2020-01-29 18:10:24'),
(329, 'E131', 143, 1, '2020-01-30 18:51:37', '2020-01-30 18:51:37'),
(330, 'E057', 156, 1, '2020-02-03 15:01:37', '2020-02-03 15:01:37'),
(331, 'E021', 102, 1, '2020-02-04 18:08:21', '2020-02-04 18:08:21'),
(332, 'E128', 208, 1, '2020-02-05 18:12:54', '2020-02-05 18:12:54'),
(333, 'H006', 202, 1, '2020-02-06 12:09:04', '2020-02-06 12:09:04'),
(334, 'E033', 209, 1, '2020-02-06 13:29:25', '2020-02-06 13:29:25'),
(335, 'E134', 138, 1, '2020-02-11 11:40:22', '2020-02-11 11:40:22'),
(336, 'E046', 210, 1, '2020-02-11 13:35:48', '2020-02-11 13:35:48'),
(337, 'A001', 109, 1, '2020-03-04 12:32:50', '2020-03-04 12:32:50'),
(338, 'A002', 168, 1, '2020-03-04 12:35:46', '2020-03-04 12:35:46'),
(339, 'A010', 205, 1, '2020-03-04 14:33:05', '2020-03-04 14:33:05'),
(340, 'A009', 202, 1, '2020-03-04 14:33:26', '2020-03-04 14:33:26'),
(341, 'A008', 202, 1, '2020-03-04 14:33:38', '2020-03-04 14:33:38'),
(342, 'A007', 202, 1, '2020-03-04 14:33:47', '2020-03-04 14:33:47'),
(343, 'A003', 126, 1, '2020-03-04 14:34:07', '2020-03-04 14:34:07'),
(344, 'A005', 202, 1, '2020-03-04 14:34:31', '2020-03-04 14:34:31'),
(345, 'A006', 202, 1, '2020-03-04 14:35:34', '2020-03-04 14:35:34'),
(346, 'A011', 205, 1, '2020-03-04 14:41:40', '2020-03-04 14:41:40'),
(347, 'A012', 198, 1, '2020-03-04 14:42:48', '2020-03-04 14:42:48'),
(348, 'E004', 187, 1, '2020-03-04 14:54:18', '2020-03-04 14:54:18'),
(349, 'V001', 187, 1, '2020-03-04 15:03:42', '2020-03-04 15:03:42'),
(350, 'V002', 187, 1, '2020-03-04 15:03:58', '2020-03-04 15:03:58'),
(351, 'V003', 187, 1, '2020-03-04 15:04:07', '2020-03-04 15:04:07'),
(352, 'V004', 187, 1, '2020-03-04 15:07:07', '2020-03-04 15:07:07'),
(353, 'V005', 187, 1, '2020-03-04 15:10:15', '2020-03-04 15:10:15'),
(354, 'V006', 187, 1, '2020-03-04 15:10:58', '2020-03-04 15:10:58'),
(355, 'V007', 187, 1, '2020-03-04 15:12:10', '2020-03-04 15:12:10'),
(356, 'V008', 187, 1, '2020-03-04 18:04:23', '2020-03-04 18:04:23'),
(357, 'V009', 187, 1, '2020-03-04 18:06:23', '2020-03-04 18:06:23'),
(358, 'E137', 187, 1, '2020-03-04 18:14:36', '2020-03-04 18:14:36'),
(359, 'E136', 187, 1, '2020-03-04 18:14:46', '2020-03-04 18:14:46'),
(360, 'A004', 201, 1, '2020-03-04 18:36:14', '2020-03-04 18:36:14'),
(362, 'M070', 156, 1, '2020-03-05 16:17:04', '2020-03-05 16:17:04'),
(363, 'M068', 153, 0, '2020-03-06 14:14:22', '2020-03-06 14:14:22'),
(364, 'An001', 187, 1, '2020-03-10 11:37:14', '2020-03-10 11:37:14'),
(365, 'An002', 187, 1, '2020-03-10 11:49:49', '2020-03-10 11:49:49'),
(366, 'An003', 187, 1, '2020-03-10 11:50:02', '2020-03-10 11:50:02'),
(367, 'O001', 187, 1, '2020-03-10 11:51:43', '2020-03-10 11:51:43'),
(368, 'O002', 187, 1, '2020-03-10 11:59:12', '2020-03-10 11:59:12'),
(369, 'O003', 187, 1, '2020-03-10 11:59:33', '2020-03-10 11:59:33'),
(370, 'S001', 187, 1, '2020-03-10 12:09:14', '2020-03-10 12:09:14'),
(371, 'S002', 187, 1, '2020-03-10 12:09:52', '2020-03-10 12:09:52'),
(372, 'S003', 187, 1, '2020-03-10 12:10:38', '2020-03-10 12:10:38'),
(373, 'O005', 187, 1, '2020-03-10 12:31:44', '2020-03-10 12:31:44'),
(374, 'O004', 187, 1, '2020-03-10 12:31:55', '2020-03-10 12:31:55'),
(375, 'O006', 187, 1, '2020-03-10 12:32:21', '2020-03-10 12:32:21'),
(376, 'E105', 211, 1, '2020-03-11 12:55:19', '2020-03-11 12:55:19'),
(377, 'M046', 208, 1, '2020-03-12 15:13:59', '2020-03-12 15:13:59'),
(378, 'M110', 209, 1, '2020-03-12 15:14:58', '2020-03-12 15:14:58'),
(379, 'M020', 153, 1, '2020-03-12 15:17:29', '2020-03-12 15:17:29'),
(380, 'M114', 133, 1, '2020-03-12 17:39:52', '2020-03-12 17:39:52'),
(381, 'M043', 132, 1, '2020-03-12 17:47:08', '2020-03-12 17:47:08'),
(382, 'M045', 135, 1, '2020-03-12 17:48:20', '2020-03-12 17:48:20'),
(383, 'M113', 211, 1, '2020-03-12 19:31:19', '2020-03-12 19:31:19'),
(384, 'I412', 140, 1, '2020-03-26 12:00:37', '2020-03-26 12:00:37'),
(385, 'P008', 190, 1, '2020-04-01 17:21:30', '2020-04-01 17:21:30'),
(386, 'E069', 108, 1, '2020-04-23 12:02:40', '2020-04-23 12:02:40'),
(387, 'I474', 95, 1, '2020-05-05 13:00:40', '2020-05-05 13:00:40'),
(388, 'E007', 95, 1, '2020-05-05 13:06:32', '2020-05-05 13:06:32'),
(389, 'M019', 95, 1, '2020-05-05 13:08:22', '2020-05-05 13:08:22'),
(390, 'I1265', 141, 1, '2020-05-05 13:20:29', '2020-05-05 13:20:29');

-- --------------------------------------------------------

--
-- Estructura de tabla para la tabla `sintomas`
--

CREATE TABLE `sintomas` (
  `id` int(11) NOT NULL,
  `desc_sintoma` varchar(40) NOT NULL,
  `updated_at` timestamp NOT NULL DEFAULT CURRENT_TIMESTAMP ON UPDATE CURRENT_TIMESTAMP,
  `created_at` timestamp NOT NULL DEFAULT '0000-00-00 00:00:00'
) ENGINE=InnoDB DEFAULT CHARSET=latin1;

--
-- Volcado de datos para la tabla `sintomas`
--

INSERT INTO `sintomas` (`id`, `desc_sintoma`, `updated_at`, `created_at`) VALUES
(2, 'Molestia muscular', '2020-03-09 18:08:06', '0000-00-00 00:00:00'),
(3, 'Vómitos', '2020-03-09 18:08:10', '2020-03-09 18:08:10'),
(6, 'Dolores estomacales', '2020-03-09 21:34:28', '2020-03-09 21:34:28'),
(7, 'Control', '2020-03-12 14:24:46', '2020-03-12 14:24:46');

-- --------------------------------------------------------

--
-- Estructura de tabla para la tabla `tarjetas`
--

CREATE TABLE `tarjetas` (
  `id_tar` varchar(4) NOT NULL,
  `tipo` int(11) NOT NULL,
  `libre` tinyint(4) NOT NULL
) ENGINE=InnoDB DEFAULT CHARSET=latin1;

--
-- Volcado de datos para la tabla `tarjetas`
--

INSERT INTO `tarjetas` (`id_tar`, `tipo`, `libre`) VALUES
('P001', 2, 1),
('P002', 2, 1),
('P003', 2, 1),
('P004', 2, 1),
('P005', 2, 1),
('V001', 1, 1),
('V002', 1, 1),
('V003', 1, 1),
('V004', 1, 1),
('V005', 1, 1);

-- --------------------------------------------------------

--
-- Estructura de tabla para la tabla `tipo_equipamiento`
--

CREATE TABLE `tipo_equipamiento` (
  `id` int(11) NOT NULL,
  `equipamiento` varchar(40) NOT NULL
) ENGINE=InnoDB DEFAULT CHARSET=latin1;

--
-- Volcado de datos para la tabla `tipo_equipamiento`
--

INSERT INTO `tipo_equipamiento` (`id`, `equipamiento`) VALUES
(1, 'Gabinete'),
(2, 'Monitor'),
(3, 'Impresora'),
(4, 'Lector de Cod Barras'),
(5, 'Handheld'),
(6, 'Tablet'),
(7, 'AP'),
(8, 'Maquina Virtual'),
(9, 'Antena'),
(10, 'Varios'),
(11, 'Switch'),
(12, 'PLC');

-- --------------------------------------------------------

--
-- Estructura de tabla para la tabla `tipo_permiso`
--

CREATE TABLE `tipo_permiso` (
  `id_tip` int(11) NOT NULL,
  `desc` varchar(50) NOT NULL
) ENGINE=InnoDB DEFAULT CHARSET=latin1;

--
-- Volcado de datos para la tabla `tipo_permiso`
--

INSERT INTO `tipo_permiso` (`id_tip`, `desc`) VALUES
(5, 'Asuntos Lafedar'),
(1, 'Asuntos personales'),
(4, 'Cambio de turno'),
(6, 'Compensatorio guardia pasiva'),
(9, 'Horas Extras'),
(7, 'Licencia de cumpleaños'),
(8, 'Retiro anticipado'),
(3, 'Vacaciones');

-- --------------------------------------------------------

--
-- Estructura de tabla para la tabla `tipo_tarjeta`
--

CREATE TABLE `tipo_tarjeta` (
  `id` int(11) NOT NULL,
  `descripcion` varchar(50) NOT NULL
) ENGINE=InnoDB DEFAULT CHARSET=latin1;

--
-- Volcado de datos para la tabla `tipo_tarjeta`
--

INSERT INTO `tipo_tarjeta` (`id`, `descripcion`) VALUES
(1, 'Visita'),
(2, 'Proveedor'),
(3, 'Cliente');

-- --------------------------------------------------------

--
-- Estructura de tabla para la tabla `users`
--

CREATE TABLE `users` (
  `id` int(10) UNSIGNED NOT NULL,
  `name` varchar(50) COLLATE utf8mb4_unicode_ci NOT NULL,
  `email` varchar(191) COLLATE utf8mb4_unicode_ci NOT NULL,
  `email_verified_at` timestamp NULL DEFAULT NULL,
  `password` varchar(191) COLLATE utf8mb4_unicode_ci NOT NULL,
  `remember_token` varchar(100) COLLATE utf8mb4_unicode_ci DEFAULT NULL,
  `created_at` timestamp NULL DEFAULT NULL,
  `updated_at` timestamp NULL DEFAULT NULL
) ENGINE=InnoDB DEFAULT CHARSET=utf8mb4 COLLATE=utf8mb4_unicode_ci;

--
-- Volcado de datos para la tabla `users`
--

INSERT INTO `users` (`id`, `name`, `email`, `email_verified_at`, `password`, `remember_token`, `created_at`, `updated_at`) VALUES
(6, 'Marina Sandoval', 'marina.sandoval@lafedar.com', NULL, '$2y$10$u1rumsvApHj.tp1FX4m.9ecSeXvTOnDN518XpO2TJ41Ds7pEMZRmS', 'W0wTQpYGrer1wuR0mGEP93mVGBZymbqKGsAKq0CYdsZ3ojVEr1rgQU84IYVN', NULL, NULL),
(10, 'Alejandra Maidana', 'alejandra.maidana@lafedar.com', NULL, '$2y$10$1M3pFMOap9K1Qp73pbVU8.dorUKvxUdKhgJOCgIJjlu4J4aLyEFO6', 'Rku9ofUjk8sqE4LEB7PaaLmj4yKC6d2xEQVG900jDCixDBeJ02IawWBHccad', '2019-05-21 14:40:11', '2019-05-21 14:40:11'),
(11, 'Ariel Niz', 'ariel.niz@lafedar.com', NULL, '$2y$10$Ia5NYLzjxmDTmCNJ0XPr/uLk1PHqwHYRWJQO9YvZTp18LmURJaaV.', 'hF8hQC8Vqn9U4ITSOiuQsJjhW6LMETMN6FIUh4wjKXhdxrQHhs8HkWnLDhvJ', '2019-05-21 15:22:27', '2019-05-21 15:22:27'),
(12, 'Diana Rausch', 'diana.rausch@lafedar.com', NULL, '$2y$10$B8/8k7M.OsxMhV8H42y8suAm1aVZVWEcoIJqr8/JCaQ34zMRY5stq', 'uI0KVTo5bCER1ml7kuzjojzgPrmGU59dTCjnrww0De8btkgIlQWJHtla07GL', '2019-05-21 15:22:43', '2019-05-21 15:22:43'),
(13, 'Diego Bueno', 'diego.bueno@lafedar.com', NULL, '$2y$10$4Nu9qd9spNuQF43bVJouyuDG54J8OgSF7W/hAHSJX63F/XMfzfEL.', 'T7T0gOp5s4MgUwjHvpjloj9traelRJxJ6roeraLF2sNvvHmlGxEnobkRLqaJ', '2019-05-21 15:23:04', '2019-05-21 15:23:04'),
(14, 'Evangelina Varela', 'evangelina.varela@lafedar.com', NULL, '$2y$10$eVoEQLwCU0vLS.Rn9c2LHe0vEbCKej42tVbToMgyS0Lh5vjZGm5FS', 'YQPe76n5qF9zrY9qNwaEWr0nwwZzizYyqWSaeYnJtE4GO8D5Lut8xFpkuNYY', '2019-05-21 15:23:26', '2019-05-21 15:23:26'),
(16, 'Gabriela Montes', 'gabriela.montes@lafedar.com', NULL, '$2y$10$YN8kanMUG4J9WmHDoFOdyOmvF3w0.PP7XdSv2px.Kc6WUmV6ldHgW', 'QNANET1occOaDU2Ssg6kFHLcYJeJjWR2vOmGftfeRGthGVEvmHNmPACzVUVw', '2019-05-21 15:25:14', '2020-04-08 14:18:11'),
(17, 'Dario Luna', 'dario.luna@lafedar.com', NULL, '$2y$10$c8a6HU5RKOmzil6/UMGZe.ixHhBKqwUZ3G/M7SFk/YgmdXKkTqdnS', 'DPnxd4SDsvLgBeWaWZFzBqvsc04vEUZbvlLjRN6em4nE1fOlkF6xh84CYy2g', '2019-05-21 15:25:37', '2020-03-03 20:51:18'),
(18, 'Geronimo Guimarey', 'gguimarey@lafedar.com', NULL, '$2y$10$q6na.I3gUArTbhYYNgAONuAKSDe7H44WLJvEKRljs70ezGfd.V9lC', 'GC80FTctYkTWYylW8vrTbAtGe73J55A6lmgXLHxKaTLVqCv1A8shufaiqHOh', '2019-05-21 15:25:54', '2019-05-21 15:25:54'),
(19, 'Gustavo Lecman', 'gustavo.lecman@lafedar.com', NULL, '$2y$10$kvafkQvK2pufYA/iUzXbZuJYXb44Oix102.EFRO9Ees4n9y9WLtm2', 'A1wj2ymHgmLMoLV300LQcRh0f6zvtiQTiJgLtCKHLDFARYNakQwBRmgU5VqQ', '2019-05-21 15:26:06', '2019-05-21 15:26:06'),
(21, 'Ileana Gamboa', 'ileana.gamboa@lafedar.com', NULL, '$2y$10$tcm94kiC0eDibrIOzgVb9uTKczdqpQv/kEgC9cwC5hJvEzgW75BDG', 'HPukCSgPchdlBDx2A7dDBkuFAR8dMEm0fBqDwjHeHgpmyLiNOpu805oAPtqJ', '2019-05-21 15:26:37', '2019-05-21 15:26:37'),
(22, 'Javier Achaval', 'javier.achaval@lafedar.com', NULL, '$2y$10$N/jqgEkYcWnYu2V/1a6ONOWTlvz00BYEEyvDJiDy24yz0KzupOo4m', 'oi7ID3f8coFYYOfEoUS9nOKgu7gZWNWh3OlcjfZ3VS2rRGH3wB9kJnsjx6oJ', '2019-05-21 15:26:48', '2019-05-21 15:26:48'),
(23, 'Jorge Donda', 'jorge.donda@lafedar.com', NULL, '$2y$10$ef9HiRpp/4lrV6Xc9YvtIOlpEHQuAKQSQJIFr5KOCGKz7107hnii6', 'gCzvvWxNm90GCEiTPuSbh3n5jMKmEwpPRadUQex7ag6Uc18zqkFzsbi1EJj2', '2019-05-21 15:27:02', '2019-08-29 20:23:37'),
(24, 'Juan Pablo Vignola', 'jpablo.vignola@lafedar.com', NULL, '$2y$10$aNW3rPuO7leQbKLoslKbDuS2bkZMu502s6pxLGEbfeBG.5CC/Yuoe', '4h2T06jp3gYUPqg98kjaclFOl39pT4u1txvKqaGN7BzeEN4huOtWHVsaqn8O', '2019-05-21 15:27:16', '2019-05-21 15:27:16'),
(25, 'Laura Cersofio', 'laura.cersofio@lafedar.com', NULL, '$2y$10$W9YGq.CxM7LVRW97aqzGQOTKAz3tMCpckD1mcVV4LpH.WMKkEYXAm', 'oYTyAC5aCpuPKY6zXt8Xka9zHg3d0xjh4MfnMLjt3mnt5jmLiYS7LPEtvRBS', '2019-05-21 15:27:26', '2020-03-10 18:40:35'),
(26, 'Laura Montaño', 'laura.montano@lafedar.com', NULL, '$2y$10$7kDoUAdUK3rwH6L4PIgOve7w5yjPmiIVwL0iYb3i2W1t/Dk/cY68i', '61xJrWBBDeAmVyaeab9PoRheeCmjpBqZoXhhhNWHWbSOcJeLRyVHdL3eGPGX', '2019-05-21 15:27:37', '2020-01-29 14:25:41'),
(27, 'Leandro Bartolini', 'leandro.bartolini@lafedar.com', NULL, '$2y$10$QaKOa1i9knbBOfHqV5eUaOr/UqCtNqW7JPvISqd51ZG/tlvGKE08O', 'Y9tjFLuHKh65X3zVJaYFA9ILzJIcDQ4eJsucVIc7vqtsrAqlBJMzXoBK61Pi', '2019-05-21 15:27:47', '2019-12-18 12:13:30'),
(28, 'Leandro Garcia', 'leandro.garcia@lafedar.com', NULL, '$2y$10$4qnaiUVkUkaMTX1LMVkxfO.ZWMwqe3uo6b9chE7kkuaU5oTpyYThi', 'beZMryDvTeyMCDnMe8izIaGbEufrKM7l5N5iyMngulThRZmIdi4n6nsz3j79', '2019-05-21 15:27:58', '2019-08-30 15:37:46'),
(29, 'Leonardo Gauna', 'leonardo.gauna@lafedar.com', NULL, '$2y$10$aCPvVT/JzUyo2eHLPRlPmOm8oPymAPcUOl5aW1fvvNbzQb/Ip4rIe', 'T9r84K5rQXeC2pXBe0COF2cr5AJX7Uv2xI64rtXuOvITAoaaimS2KiTiMzvG', '2019-05-21 15:28:12', '2019-05-21 15:28:12'),
(30, 'Luciana Crespo', 'luciana.crespo@lafedar.com', NULL, '$2y$10$FMFIMTb84H8hlWsWycwNx.48x.mwrqOb2Ky47O30p724bxFktc2Ve', 'LlHmn8SxOyBoFsmEnlP9Vetsdmr0BAGhAfGtLtcnh5sCSiMNgfJTL2O5sX5N', '2019-05-21 15:28:23', '2019-05-21 15:28:23'),
(31, 'Luis Acuña', 'luis.acuna@lafedar.com', NULL, '$2y$10$9Epbm9VLFlhA8NehwCo/BueqKHlGsriTArbOuD3DGHMBK5dPlYoMq', 'UWcg6J9EVMaPHP6aMOw8EixL3BfpKXJYXP6nT8cW4a2ybV3mtWEufqJbskNL', '2019-05-21 15:28:33', '2019-05-21 15:28:33'),
(32, 'Marcelo Enrique', 'marcelo.enrique@lafedar.com', NULL, '$2y$10$oxMdIvEUuM9oJ.l9dXG.eu4zqiHr60Z7V1ccYONIUwhmUGNqErrYS', '7jhSPXh2gBm9eVTqCIAT2sUmzaAdQuX3u8NapgyaUtJrz9K7AZvXNvQ7X0za', '2019-05-21 15:28:43', '2019-05-21 15:28:43'),
(33, 'Mariano Yugdar', 'mariano.yugdar@lafedar.com', NULL, '$2y$10$WhQnsMdjp9v9NieiWhGUpex8Zl4f5xh0glcN.AjQ.q4TrQJfP7f9i', 's066hldWPxccQQthRtkVqVb6GWbEHguaA8atNfWKnEM9JJWDcvv5ML7yoNn0', '2019-05-21 15:28:54', '2019-05-21 15:28:54'),
(34, 'Nestor Chillado', 'nestor.chillado@lafedar.com', NULL, '$2y$10$lyLKXfuc0qa6f84J5qKoUeWAD08N7sjaqd0ZKTMdencM2NW9uqxFG', 'FPQw1uTdl6tBrRGlCora73cOcAT1c6vE5rYiUIBvbFxiOWR2mKuByK6SZSTm', '2019-05-21 15:29:08', '2019-05-21 15:29:08'),
(35, 'Norma Neif', 'nneif@lafedar.com', NULL, '$2y$10$sDRBxyVM/GqTRdzFeRzND.BEqZGvujgiqOHQj.MBA/oSZj277hJaK', 'SJ7yBWzbBX0An7AP0fSEMtKuL30RvBtLvlAwX4kUEGMnzmUc3Jht4wcEcP5b', '2019-05-21 15:29:26', '2019-05-21 15:29:26'),
(36, 'Pablo Esnaola', 'pablo.esnaola@lafedar.com', NULL, '$2y$10$fGt2EcvXE5utUq4PgnVVgebKm0i0EDAcJFPgRD8q51XmXvd2AePnG', 'iUOedLu1J6uJ8G1iWH1EI2VeV1kVTfNNbwSvCDvOw8I4pE8hCuOPNVjEDS7N', '2019-05-21 15:29:38', '2019-05-21 15:29:38'),
(37, 'Paola Juarez', 'paola.juarez@lafedar.com', NULL, '$2y$10$7rP2cdhwzoWLlPhwv.VcT.EBXgoSGp.LqqRkG64WwKV/vvgdhHHdi', 'zR0Qe6gVO9wXtVpvg3iIJ9DqBw4LUw4McETzSfFhHO80GIU7mlzgC032QIQ3', '2019-05-21 15:29:49', '2019-05-21 15:29:49'),
(39, 'Recepcion', 'recepcion@lafedar.com', NULL, '$2y$10$d9dZK7N4cKjZIPScFaBvtOruPakr1Ua9XdOLDf64qVlt/jXlu39gi', 'frYZn4aIC0d4WbuZBqgTUMDHvRqYtBexauPeENt3hYLNMz368HoALlu4vudo', '2019-05-31 15:58:00', '2019-05-31 15:58:00'),
(40, 'Matias Retamozo', 'matias.retamozo@lafedar.com', NULL, '$2y$10$Zgq2mjrHnIjEiZxoR1oYB.zhyE9axQBqEQdyfJCZMsKGr8noKGjtq', '08LevaMYcH2bnOrJ92sKkcSXpZxch0KJKpghseHLXakCLkgekI3gSWuyVmKG', '2019-06-07 16:49:46', '2020-03-09 19:59:52'),
(41, 'Noelia Dreiling', 'noelia.dreiling@lafedar.com', NULL, '$2y$10$L7/FsFMqbYIyq6SA1Oe3DepOY8QYTNI5ZeY9pth65ykKsULIKAcia', 'TtZB1wd9ydO3moF4O9aSrlS9jFM2EzxH6l1s9hhiWiakigM9QCtnIw1XCjGE', '2019-06-13 14:46:27', '2019-06-13 14:46:27'),
(42, 'Ricardo Guimarey', 'rguimarey@lafedar.com', NULL, '$2y$10$FflyTCyKLEaAweqBgi7nB.AXdMX91X.mSDB41JjFdy9a25KNNjigy', 'd4nopPNF2df2hdo4F8BnpNH7Eg21aoS7sSqE96Tyb46zU8u9Z60Sejm0KNYX', '2019-06-13 17:01:03', '2019-06-13 17:01:03'),
(43, 'Mariela Schulz', 'mariela.schulz@lafedar.com', NULL, '$2y$10$4Damf2ORtvmOXD7F3vrqK..KoDEFvBsBG37nnn3uPgclXDB/5Yycq', 'T7ulkk5dVOxn0ilXC2LAUv2tWoiaQusUTz6qIPyUMA6Kkj9KROB3P5cZBUpX', '2019-06-18 17:56:56', '2019-10-25 20:12:54'),
(44, 'Administrador', 'admin@lafedar.com', NULL, '$2y$10$EvGSl78RA5PmXAk8lSnW9uTusa1BWndjsZB3tfb3x0l8TT70bipUy', 'ClBvmfadJKJehfzoIM9cK0wl6HNCDRQOZ9Y0p55AqeDanjGGWPS5NIWQFHnP', '2019-08-27 15:27:22', '2019-08-27 15:27:22'),
(45, 'Romina Fusse', 'romina.fusse@lafedar.com', NULL, '$2y$10$GGxud8NEw98DZcERXAWuJ.fF.WuBDoDFUZC8UsOdvYAu15B564vqa', 'dsXRTY3x9xGhB2F5EYJOVEWkwJ9yL0cdmFd3mDsQO9lWsk1ZWD9GYKMWAduz', '2019-08-27 16:42:27', '2019-08-27 16:42:27'),
(46, 'Georgina Attie', 'georgina.attie@lafedar.com', NULL, '$2y$10$FtFV1R3F2PBQNuwGBTuSruvrc5iX5pHvcd2swIa4Cl9VW6yKMsETa', 'gsf7mIKASMl2e8nvDc5U2s2MI9FmAgAqO5bXah0Np3x8Tii8XSsD6RzEg11F', '2019-08-27 18:11:39', '2020-02-05 19:58:19'),
(47, 'Maximiliano Bovolini', 'maximiliano.bovolini@lafedar.com', NULL, '$2y$10$D3zCquAuYIkjTfZLrO1hPu30pww9vupdG6hUImAmvHiXpy/OaI/NO', 'JfRfbrdHTJ1GW9qpdStqCCk68a1BUESvc4jhEIrYxXEctIZ3avrchZxdkWwg', '2019-08-27 19:23:17', '2020-03-06 14:55:13'),
(48, 'Juan Ignacio Vigier', 'ignacio.vigier@lafedar.com', NULL, '$2y$10$LsZV6MvP/Eoj2dWCsiFt1e6SdawWpRZYMCS4or1LsbSLVwmpZi98C', 'MFm6nWZCXs45TJGRHy78Inco07SfxQlvCs7Rg1pvb72wF6z6TQgcxbqMIveW', '2019-08-27 19:44:47', '2019-09-02 14:25:42'),
(49, 'Gerardo Zandomeni', 'gerardo.zandomeni@lafedar.com', NULL, '$2y$10$pjSZrtF4sGXtXgYh4qul4eUh5kMsdK8XbSxGs8vr6OslaMHNgxfBu', 'UBC7Txf6dF4tUcsH9OGYPnm5YJrpavCYFTzseye572VHa4U19nGMlgR2hYGq', '2019-08-28 14:15:14', '2019-08-28 14:15:14'),
(50, 'Rogelio Ramirez', 'rogelio.ramirez@lafedar.com', NULL, '$2y$10$sycTlps3yF.kDlpHGYpwjezP0Oev/DHqdh.FlN4IsOI54VACGoTM2', 'LR2qRGg0LarX5LNM1xhuWZYfS2Z13WuIM066jrLYVdlLZmwWfyQW1XA1Er1q', '2019-08-28 14:30:29', '2019-08-28 14:30:29'),
(51, 'Nestor Ruiz Moreno', 'nestor.ruiz@lafedar.com', NULL, '$2y$10$4dLPtg/K3iwhzbGvrWgN8eAqtmVmswIZQ63aCSUSn9gadNCrDzifG', 'dEgWk9RROrc6smY4VaqHPsPF5qsR0H3THgrGl7V6tNnTDuvHtb5GMCbLM56y', '2019-08-28 16:48:51', '2019-08-28 16:48:51'),
(52, 'Juan Juri', 'juan.juri@lafedar.com', NULL, '$2y$10$WsXMFxacMW.zwTRtMomuH.Y8Au/o3wD5WlgohoqUyllPyE1TEEqla', 'Yr9YKdCmAWaaCjUJcEo8gzz6GFMjD3tHAwgIFXlSQKN7DyvusZFO8qXlJMA4', '2019-08-28 17:45:50', '2019-08-28 17:45:50'),
(53, 'Gustavo Sein', 'dirtec@lafedar.com', NULL, '$2y$10$JwfxLMPy8D8OyNEwxHxud.kWnrhEkaXsCvvbJkxv2VIYsADgUkh.u', 'fxUpCsl1FKBXcB5QNdrApfgDr9dBGmTj6SDtezC8YHhKIPKLho82watnWpn8', '2019-09-25 16:06:47', '2019-09-25 16:06:47'),
(54, 'Florencia Caliusco', 'florencia.caliusco@lafedar.com', NULL, '$2y$10$kBCc9gQba340fqORHEHxTe/bKnIsSLTffIHnsqAfRv8qg8OW5N1tm', 'JNBQdzRGBiUioYRzQ6y4nDBTcDlbv2do8MLGZ4BmdTkNvhO5wVYDYPH84GUE', '2019-10-10 19:50:22', '2019-10-10 19:50:22'),
(55, 'Mauro Martina', 'mauro.martina@lafedar.com', NULL, '$2y$10$Eix7O7Rhmd2ZOCCXc2KZBODNFPalm1wPM.5dh967f9GRkF5WtTYlC', 'mkDqdEahgxgxtFeL1IuyFHVhzC85wRpLUg6flfES4NIvg2BX6h8GL6jlNQKG', '2020-02-11 18:57:17', '2020-02-11 18:57:17'),
(56, 'Guardia', 'guardia@lafedar.com', NULL, '$2y$10$zz7K5drBSsYGhtTm2c1C3.A2AXvmLmmF2Kd1UWDF6xfUastItSAPO', 'u6BgYDXGWEINWQSoKx9mDd0rHBWPWr9PjAFLtAbRx52dkCLg0Pg733zGCi8q', '2020-02-12 11:13:23', '2020-02-12 11:13:23'),
(57, 'Susana Scaldafferro', 'medico@lafedar.com', NULL, '$2y$10$Wq.k1P4YpyJTeGO1ocp4AeEUpbgzLeT8BRf6XOJRf57quFY5TK3Lm', 'Jjt69otLrTQJM3Lqh0r94dgJZHG2pDLU4HmjfJQ1wftrwJpv5wGidslVzNdg', '2020-03-10 19:33:28', '2020-03-10 19:33:28');

-- --------------------------------------------------------

--
-- Estructura de tabla para la tabla `usuario_accesos`
--

CREATE TABLE `usuario_accesos` (
  `id` int(11) NOT NULL,
  `usuario` int(10) UNSIGNED NOT NULL,
  `acceso` int(11) NOT NULL,
  `solo_lectura` tinyint(4) DEFAULT NULL
) ENGINE=InnoDB DEFAULT CHARSET=latin1;

--
-- Volcado de datos para la tabla `usuario_accesos`
--

INSERT INTO `usuario_accesos` (`id`, `usuario`, `acceso`, `solo_lectura`) VALUES
(1, 6, 1, 0),
(2, 10, 2, 0),
(3, 11, 2, 0),
(4, 12, 2, 0),
(5, 13, 2, 0),
(6, 14, 2, 0),
(7, 16, 2, 0),
(8, 17, 2, 0),
(9, 18, 2, 0),
(10, 19, 1, 0),
(11, 19, 2, 0),
(12, 19, 3, 0),
(13, 19, 5, 0),
(14, 21, 2, 0),
(15, 22, 2, 0),
(16, 23, 2, 0),
(17, 24, 2, 0),
(18, 25, 1, 0),
(19, 25, 2, 0),
(20, 25, 3, 0),
(21, 26, 2, 0),
(22, 27, 2, 0),
(23, 28, 2, 0),
(24, 29, 2, 0),
(25, 30, 2, 0),
(26, 31, 2, 0),
(27, 32, 2, 0),
(28, 33, 2, 0),
(29, 34, 2, 0),
(30, 35, 1, 0),
(31, 35, 2, 0),
(32, 35, 3, 0),
(33, 35, 4, 0),
(34, 35, 5, 0),
(35, 36, 2, 0),
(36, 37, 2, 0),
(37, 39, 1, 0),
(38, 40, 1, 0),
(39, 40, 2, 0),
(40, 40, 3, 0),
(41, 40, 4, 0),
(42, 40, 5, 0),
(43, 41, 2, 0),
(44, 42, 1, 0),
(45, 42, 2, 0),
(46, 42, 3, 0),
(47, 42, 4, 0),
(48, 42, 5, 0),
(49, 43, 2, 0),
(50, 44, 1, 0),
(51, 44, 2, 0),
(52, 44, 3, 0),
(53, 44, 4, 0),
(54, 44, 5, 0),
(55, 45, 2, 1),
(56, 46, 2, 0),
(57, 47, 2, 0),
(58, 48, 2, 0),
(59, 49, 2, 0),
(60, 50, 2, 0),
(61, 51, 2, 0),
(62, 52, 2, 0),
(63, 53, 2, 0),
(64, 54, 2, 0),
(66, 11, 4, 1),
(67, 55, 4, 1),
(68, 56, 5, NULL),
(69, 44, 6, NULL),
(70, 19, 6, NULL),
(71, 25, 6, NULL),
(72, 57, 6, NULL);

-- --------------------------------------------------------

--
-- Estructura de tabla para la tabla `visitas`
--

CREATE TABLE `visitas` (
  `id_vis` int(11) NOT NULL,
  `interno` int(11) NOT NULL,
  `externo` int(11) NOT NULL,
  `tarjeta` varchar(4) NOT NULL,
  `activa` tinyint(4) NOT NULL,
  `updated_at` timestamp NULL DEFAULT NULL,
  `created_at` timestamp NULL DEFAULT NULL
) ENGINE=InnoDB DEFAULT CHARSET=latin1;

--
-- Volcado de datos para la tabla `visitas`
--

INSERT INTO `visitas` (`id_vis`, `interno`, `externo`, `tarjeta`, `activa`, `updated_at`, `created_at`) VALUES
(1, 91, 28415288, 'P001', 0, '2020-02-18 12:27:54', '2020-02-17 13:57:16'),
(2, 75, 11345507, 'P002', 0, '2020-02-17 14:01:21', '2020-02-17 14:01:04'),
(3, 1294, 1234, 'P003', 0, '2020-02-17 14:25:09', '2020-02-17 14:14:38'),
(4, 1205, 1, 'P004', 0, '2020-02-17 17:14:18', '2020-02-17 17:13:23'),
(5, 34, 1, 'P001', 0, '2020-02-18 13:35:25', '2020-02-18 12:34:06'),
(6, 19, 2, 'P001', 0, '2020-02-26 18:49:51', '2020-02-26 18:43:47'),
(7, 96, 13043404, 'V001', 0, '2020-03-09 12:11:05', '2020-03-09 11:56:59');

--
-- Índices para tablas volcadas
--

--
-- Indices de la tabla `accesos`
--
ALTER TABLE `accesos`
  ADD PRIMARY KEY (`id`);

--
-- Indices de la tabla `area`
--
ALTER TABLE `area`
  ADD PRIMARY KEY (`id_a`);

--
-- Indices de la tabla `consultas_med`
--
ALTER TABLE `consultas_med`
  ADD PRIMARY KEY (`id`),
  ADD KEY `paciente` (`paciente`),
  ADD KEY `sintoma` (`sintoma`);

--
-- Indices de la tabla `empresas`
--
ALTER TABLE `empresas`
  ADD PRIMARY KEY (`id_emp`);

--
-- Indices de la tabla `equipamientos`
--
ALTER TABLE `equipamientos`
  ADD PRIMARY KEY (`id_e`),
  ADD KEY `tipo` (`tipo`);

--
-- Indices de la tabla `externos`
--
ALTER TABLE `externos`
  ADD PRIMARY KEY (`dni`),
  ADD KEY `empresa_ext` (`empresa_ext`);

--
-- Indices de la tabla `incidentes`
--
ALTER TABLE `incidentes`
  ADD PRIMARY KEY (`id_i`),
  ADD KEY `equipamiento` (`equipamiento`);

--
-- Indices de la tabla `jefe_area`
--
ALTER TABLE `jefe_area`
  ADD PRIMARY KEY (`id_ja`),
  ADD KEY `jefe` (`jefe`),
  ADD KEY `jefe_area_ibfk_1` (`area`);

--
-- Indices de la tabla `migrations`
--
ALTER TABLE `migrations`
  ADD PRIMARY KEY (`id`);

--
-- Indices de la tabla `mi_agenda`
--
ALTER TABLE `mi_agenda`
  ADD PRIMARY KEY (`id`),
  ADD KEY `creador` (`creador`),
  ADD KEY `modificador` (`modificador`);

--
-- Indices de la tabla `novedades`
--
ALTER TABLE `novedades`
  ADD PRIMARY KEY (`id`);

--
-- Indices de la tabla `password_resets`
--
ALTER TABLE `password_resets`
  ADD KEY `password_resets_email_index` (`email`);

--
-- Indices de la tabla `permisos`
--
ALTER TABLE `permisos`
  ADD PRIMARY KEY (`id`),
  ADD KEY `autorizado` (`autorizado`),
  ADD KEY `autorizante` (`autorizante`),
  ADD KEY `motivo` (`motivo`);

--
-- Indices de la tabla `personas`
--
ALTER TABLE `personas`
  ADD PRIMARY KEY (`id_p`),
  ADD KEY `area` (`area`),
  ADD KEY `usuario` (`usuario`);

--
-- Indices de la tabla `puestos`
--
ALTER TABLE `puestos`
  ADD PRIMARY KEY (`id_puesto`),
  ADD KEY `area` (`area`),
  ADD KEY `persona` (`persona`);

--
-- Indices de la tabla `relaciones`
--
ALTER TABLE `relaciones`
  ADD PRIMARY KEY (`id_r`),
  ADD KEY `equipamiento` (`equipamiento`),
  ADD KEY `puesto` (`puesto`);

--
-- Indices de la tabla `sintomas`
--
ALTER TABLE `sintomas`
  ADD PRIMARY KEY (`id`);

--
-- Indices de la tabla `tarjetas`
--
ALTER TABLE `tarjetas`
  ADD PRIMARY KEY (`id_tar`),
  ADD KEY `tipo` (`tipo`);

--
-- Indices de la tabla `tipo_equipamiento`
--
ALTER TABLE `tipo_equipamiento`
  ADD PRIMARY KEY (`id`);

--
-- Indices de la tabla `tipo_permiso`
--
ALTER TABLE `tipo_permiso`
  ADD PRIMARY KEY (`id_tip`),
  ADD KEY `desc` (`desc`);

--
-- Indices de la tabla `tipo_tarjeta`
--
ALTER TABLE `tipo_tarjeta`
  ADD PRIMARY KEY (`id`);

--
-- Indices de la tabla `users`
--
ALTER TABLE `users`
  ADD PRIMARY KEY (`id`),
  ADD UNIQUE KEY `users_email_unique` (`email`);

--
-- Indices de la tabla `usuario_accesos`
--
ALTER TABLE `usuario_accesos`
  ADD PRIMARY KEY (`id`),
  ADD KEY `usuario` (`usuario`),
  ADD KEY `acceso` (`acceso`);

--
-- Indices de la tabla `visitas`
--
ALTER TABLE `visitas`
  ADD PRIMARY KEY (`id_vis`),
  ADD KEY `interno` (`interno`),
  ADD KEY `externo` (`externo`),
  ADD KEY `tarjeta` (`tarjeta`);

--
-- AUTO_INCREMENT de las tablas volcadas
--

--
-- AUTO_INCREMENT de la tabla `accesos`
--
ALTER TABLE `accesos`
  MODIFY `id` int(11) NOT NULL AUTO_INCREMENT, AUTO_INCREMENT=7;

--
-- AUTO_INCREMENT de la tabla `consultas_med`
--
ALTER TABLE `consultas_med`
  MODIFY `id` int(11) NOT NULL AUTO_INCREMENT, AUTO_INCREMENT=24;

--
-- AUTO_INCREMENT de la tabla `empresas`
--
ALTER TABLE `empresas`
  MODIFY `id_emp` int(11) NOT NULL AUTO_INCREMENT, AUTO_INCREMENT=31;

--
-- AUTO_INCREMENT de la tabla `externos`
--
ALTER TABLE `externos`
  MODIFY `dni` int(11) NOT NULL AUTO_INCREMENT, AUTO_INCREMENT=42313733;

--
-- AUTO_INCREMENT de la tabla `incidentes`
--
ALTER TABLE `incidentes`
  MODIFY `id_i` int(11) NOT NULL AUTO_INCREMENT, AUTO_INCREMENT=52;

--
-- AUTO_INCREMENT de la tabla `jefe_area`
--
ALTER TABLE `jefe_area`
  MODIFY `id_ja` int(11) NOT NULL AUTO_INCREMENT, AUTO_INCREMENT=229;

--
-- AUTO_INCREMENT de la tabla `migrations`
--
ALTER TABLE `migrations`
  MODIFY `id` int(10) UNSIGNED NOT NULL AUTO_INCREMENT, AUTO_INCREMENT=8;

--
-- AUTO_INCREMENT de la tabla `mi_agenda`
--
ALTER TABLE `mi_agenda`
  MODIFY `id` int(10) UNSIGNED NOT NULL AUTO_INCREMENT, AUTO_INCREMENT=1704;

--
-- AUTO_INCREMENT de la tabla `novedades`
--
ALTER TABLE `novedades`
  MODIFY `id` int(11) NOT NULL AUTO_INCREMENT, AUTO_INCREMENT=8;

--
-- AUTO_INCREMENT de la tabla `permisos`
--
ALTER TABLE `permisos`
  MODIFY `id` int(11) NOT NULL AUTO_INCREMENT, AUTO_INCREMENT=1021;

--
-- AUTO_INCREMENT de la tabla `personas`
--
ALTER TABLE `personas`
  MODIFY `id_p` int(10) NOT NULL AUTO_INCREMENT, AUTO_INCREMENT=1345;

--
-- AUTO_INCREMENT de la tabla `puestos`
--
ALTER TABLE `puestos`
  MODIFY `id_puesto` int(11) NOT NULL AUTO_INCREMENT, AUTO_INCREMENT=212;

--
-- AUTO_INCREMENT de la tabla `relaciones`
--
ALTER TABLE `relaciones`
  MODIFY `id_r` int(11) NOT NULL AUTO_INCREMENT, AUTO_INCREMENT=391;

--
-- AUTO_INCREMENT de la tabla `sintomas`
--
ALTER TABLE `sintomas`
  MODIFY `id` int(11) NOT NULL AUTO_INCREMENT, AUTO_INCREMENT=8;

--
-- AUTO_INCREMENT de la tabla `tipo_permiso`
--
ALTER TABLE `tipo_permiso`
  MODIFY `id_tip` int(11) NOT NULL AUTO_INCREMENT, AUTO_INCREMENT=10;

--
-- AUTO_INCREMENT de la tabla `tipo_tarjeta`
--
ALTER TABLE `tipo_tarjeta`
  MODIFY `id` int(11) NOT NULL AUTO_INCREMENT, AUTO_INCREMENT=4;

--
-- AUTO_INCREMENT de la tabla `users`
--
ALTER TABLE `users`
  MODIFY `id` int(10) UNSIGNED NOT NULL AUTO_INCREMENT, AUTO_INCREMENT=58;

--
-- AUTO_INCREMENT de la tabla `usuario_accesos`
--
ALTER TABLE `usuario_accesos`
  MODIFY `id` int(11) NOT NULL AUTO_INCREMENT, AUTO_INCREMENT=73;

--
-- AUTO_INCREMENT de la tabla `visitas`
--
ALTER TABLE `visitas`
  MODIFY `id_vis` int(11) NOT NULL AUTO_INCREMENT, AUTO_INCREMENT=8;

--
-- Restricciones para tablas volcadas
--

--
-- Filtros para la tabla `consultas_med`
--
ALTER TABLE `consultas_med`
  ADD CONSTRAINT `consultas_med_ibfk_1` FOREIGN KEY (`paciente`) REFERENCES `personas` (`id_p`),
  ADD CONSTRAINT `consultas_med_ibfk_2` FOREIGN KEY (`sintoma`) REFERENCES `sintomas` (`id`);

--
-- Filtros para la tabla `equipamientos`
--
ALTER TABLE `equipamientos`
  ADD CONSTRAINT `equipamientos_ibfk_1` FOREIGN KEY (`tipo`) REFERENCES `tipo_equipamiento` (`id`);

--
-- Filtros para la tabla `externos`
--
ALTER TABLE `externos`
  ADD CONSTRAINT `externos_ibfk_1` FOREIGN KEY (`empresa_ext`) REFERENCES `empresas` (`id_emp`);

--
-- Filtros para la tabla `incidentes`
--
ALTER TABLE `incidentes`
  ADD CONSTRAINT `incidentes_ibfk_1` FOREIGN KEY (`equipamiento`) REFERENCES `equipamientos` (`id_e`) ON DELETE CASCADE ON UPDATE CASCADE;

--
-- Filtros para la tabla `jefe_area`
--
ALTER TABLE `jefe_area`
  ADD CONSTRAINT `jefe_area_ibfk_1` FOREIGN KEY (`area`) REFERENCES `area` (`id_a`) ON DELETE CASCADE ON UPDATE CASCADE,
  ADD CONSTRAINT `jefe_area_ibfk_2` FOREIGN KEY (`jefe`) REFERENCES `personas` (`id_p`) ON DELETE CASCADE ON UPDATE CASCADE;

--
-- Filtros para la tabla `permisos`
--
ALTER TABLE `permisos`
  ADD CONSTRAINT `permisos_ibfk_1` FOREIGN KEY (`autorizado`) REFERENCES `personas` (`id_p`),
  ADD CONSTRAINT `permisos_ibfk_2` FOREIGN KEY (`autorizante`) REFERENCES `personas` (`id_p`),
  ADD CONSTRAINT `permisos_ibfk_3` FOREIGN KEY (`motivo`) REFERENCES `tipo_permiso` (`id_tip`) ON DELETE CASCADE ON UPDATE CASCADE;

--
-- Filtros para la tabla `personas`
--
ALTER TABLE `personas`
  ADD CONSTRAINT `personas_ibfk_1` FOREIGN KEY (`area`) REFERENCES `area` (`id_a`) ON DELETE CASCADE ON UPDATE CASCADE;

--
-- Filtros para la tabla `puestos`
--
ALTER TABLE `puestos`
  ADD CONSTRAINT `puestos_ibfk_1` FOREIGN KEY (`area`) REFERENCES `area` (`id_a`) ON DELETE CASCADE ON UPDATE CASCADE,
  ADD CONSTRAINT `puestos_ibfk_2` FOREIGN KEY (`persona`) REFERENCES `personas` (`id_p`) ON DELETE CASCADE ON UPDATE CASCADE;

--
-- Filtros para la tabla `relaciones`
--
ALTER TABLE `relaciones`
  ADD CONSTRAINT `relaciones_ibfk_1` FOREIGN KEY (`equipamiento`) REFERENCES `equipamientos` (`id_e`) ON DELETE CASCADE ON UPDATE CASCADE,
  ADD CONSTRAINT `relaciones_ibfk_2` FOREIGN KEY (`puesto`) REFERENCES `puestos` (`id_puesto`) ON DELETE CASCADE ON UPDATE CASCADE;

--
-- Filtros para la tabla `tarjetas`
--
ALTER TABLE `tarjetas`
  ADD CONSTRAINT `tarjetas_ibfk_1` FOREIGN KEY (`tipo`) REFERENCES `tipo_tarjeta` (`id`);

--
-- Filtros para la tabla `usuario_accesos`
--
ALTER TABLE `usuario_accesos`
  ADD CONSTRAINT `usuario_accesos_ibfk_1` FOREIGN KEY (`usuario`) REFERENCES `users` (`id`),
  ADD CONSTRAINT `usuario_accesos_ibfk_2` FOREIGN KEY (`acceso`) REFERENCES `accesos` (`id`);

--
-- Filtros para la tabla `visitas`
--
ALTER TABLE `visitas`
  ADD CONSTRAINT `visitas_ibfk_1` FOREIGN KEY (`externo`) REFERENCES `externos` (`dni`),
  ADD CONSTRAINT `visitas_ibfk_2` FOREIGN KEY (`interno`) REFERENCES `personas` (`id_p`),
  ADD CONSTRAINT `visitas_ibfk_3` FOREIGN KEY (`tarjeta`) REFERENCES `tarjetas` (`id_tar`);
COMMIT;

/*!40101 SET CHARACTER_SET_CLIENT=@OLD_CHARACTER_SET_CLIENT */;
/*!40101 SET CHARACTER_SET_RESULTS=@OLD_CHARACTER_SET_RESULTS */;
/*!40101 SET COLLATION_CONNECTION=@OLD_COLLATION_CONNECTION */;
